Id,Name,Shape Library,Page ID,Contained By,Group,Line Source,Line Destination,Source Arrow,Destination Arrow,Status,Text Area 1,Text Area 2,Text Area 3,Text Area 4,Text Area 5,Text Area 6,Text Area 7,Text Area 8,Text Area 9,Text Area 10,Text Area 11,Text Area 12,Text Area 13,Text Area 14,Text Area 15,Text Area 16,Text Area 17,Text Area 18,Text Area 19,Text Area 20,Text Area 21,Text Area 22,Text Area 23,Text Area 24,Text Area 25,Text Area 26,Text Area 27,Text Area 28,Text Area 29,Text Area 30,Text Area 31,Text Area 32,Text Area 33,Text Area 34,Text Area 35,Text Area 36,Text Area 37,Text Area 38,Text Area 39,Text Area 40,Text Area 41,Text Area 42,Text Area 43,Text Area 44,Text Area 45,Text Area 46,Text Area 47,Text Area 48,Text Area 49,Text Area 50,Text Area 51,Text Area 52,Text Area 53,Text Area 54,Text Area 55,Text Area 56,Text Area 57,Text Area 58,Text Area 59,Text Area 60,Text Area 61,Text Area 62,Text Area 63,Text Area 64,Text Area 65,Text Area 66,Text Area 67,Text Area 68,Text Area 69,Text Area 70,Text Area 71,Text Area 72,Text Area 73,Text Area 74,Text Area 75,Text Area 76,Text Area 77,Text Area 78,Text Area 79,Text Area 80,Text Area 81,Text Area 82,Text Area 83,Text Area 84,Text Area 85,Text Area 86,Text Area 87,Text Area 88,Text Area 89,Text Area 90,Text Area 91,Text Area 92,Text Area 93,Text Area 94,Text Area 95,Text Area 96,Notes,Shape ID,property 1,SpreadsheetColumnParentKey,SpreadsheetRowParentKey
1,Document,,,,,,,,,Draft,Nurturing green,,,,,,,,,,,,,,,,,,,,,,,,,,,,,,,,,,,,,,,,,,,,,,,,,,,,,,,,,,,,,,,,,,,,,,,,,,,,,,,,,,,,,,,,,,,,,,,,,23f47a8e-2e1e-4a48-9bd2-2e6a2fccf44b,,,
2,Page,,,,,,,,,,Page 1,,,,,,,,,,,,,,,,,,,,,,,,,,,,,,,,,,,,,,,,,,,,,,,,,,,,,,,,,,,,,,,,,,,,,,,,,,,,,,,,,,,,,,,,,,,,,,,,,0_0,,,
3,SparkFrameBlock,Lucidspark Shapes,2,,,,,,,,Check DOC of Quick Com,,,,,,,,,,,,,,,,,,,,,,,,,,,,,,,,,,,,,,,,,,,,,,,,,,,,,,,,,,,,,,,,,,,,,,,,,,,,,,,,,,,,,,,,,,,,,,,,,​-fYD.n1Bagpv,,,
4,SparkFrameBlock,Lucidspark Shapes,2,,,,,,,,Quick Com Rating Check,,,,,,,,,,,,,,,,,,,,,,,,,,,,,,,,,,,,,,,,,,,,,,,,,,,,,,,,,,,,,,,,,,,,,,,,,,,,,,,,,,,,,,,,,,,,,,,,,edFf-.ch4nj.,,,
5,SparkFrameBlock,Lucidspark Shapes,2,,,,,,,,Amazon - LM O2D,,,,,,,,,,,,,,,,,,,,,,,,,,,,,,,,,,,,,,,,,,,,,,,,,,,,,,,,,,,,,,,,,,,,,,,,,,,,,,,,,,,,,,,,,,,,,,,,,vaGfPCaBfIYA,,,
6,SparkFrameBlock,Lucidspark Shapes,2,,,,,,,,NPD,,,,,,,,,,,,,,,,,,,,,,,,,,,,,,,,,,,,,,,,,,,,,,,,,,,,,,,,,,,,,,,,,,,,,,,,,,,,,,,,,,,,,,,,,,,,,,,,,CZWmmK8zvm_R,,,
7,SparkFrameBlock,Lucidspark Shapes,2,6,,,,,,,Creation of vendor,,,,,,,,,,,,,,,,,,,,,,,,,,,,,,,,,,,,,,,,,,,,,,,,,,,,,,,,,,,,,,,,,,,,,,,,,,,,,,,,,,,,,,,,,,,,,,,,,EMUg2p80YQXD,,,
8,SparkFrameBlock,Lucidspark Shapes,2,,,,,,,,Purchase Planing,,,,,,,,,,,,,,,,,,,,,,,,,,,,,,,,,,,,,,,,,,,,,,,,,,,,,,,,,,,,,,,,,,,,,,,,,,,,,,,,,,,,,,,,,,,,,,,,,z1uhgzqwTY~e,,,
9,SparkFrameBlock,Lucidspark Shapes,2,,,,,,,,Inward Logistics,,,,,,,,,,,,,,,,,,,,,,,,,,,,,,,,,,,,,,,,,,,,,,,,,,,,,,,,,,,,,,,,,,,,,,,,,,,,,,,,,,,,,,,,,,,,,,,,,BDhizHkVzPVD,,,
10,SparkFrameBlock,Lucidspark Shapes,2,,,,,,,,Quick Com Availability,,,,,,,,,,,,,,,,,,,,,,,,,,,,,,,,,,,,,,,,,,,,,,,,,,,,,,,,,,,,,,,,,,,,,,,,,,,,,,,,,,,,,,,,,,,,,,,,,​-dmizqFZYIIb,,,
11,SparkFrameBlock,Lucidspark Shapes,2,,,,,,,,RTV,,,,,,,,,,,,,,,,,,,,,,,,,,,,,,,,,,,,,,,,,,,,,,,,,,,,,,,,,,,,,,,,,,,,,,,,,,,,,,,,,,,,,,,,,,,,,,,,,ZDvji3gMOyiD,,,
12,SparkFrameBlock,Lucidspark Shapes,2,,,,,,,,Quick Com Fill Rate,,,,,,,,,,,,,,,,,,,,,,,,,,,,,,,,,,,,,,,,,,,,,,,,,,,,,,,,,,,,,,,,,,,,,,,,,,,,,,,,,,,,,,,,,,,,,,,,,Lbwjszpk2MMn,,,
13,Swim lane,Flowchart Shapes/Containers,2,16,,,,,,,,Physical Process,Eazy ERP Process,,,,,,,,,,,,,,,,,,,,,,,,,,,,,,,,,,,,,,,,,,,,,,,,,,,,,,,,,,,,,,,,,,,,,,,,,,,,,,,,,,,,,,,,,,,,,,,Q2ItvYZlJXY.,,,
14,SparkFrameBlock,Lucidspark Shapes,2,,,,,,,,Check DOC of E-trade,,,,,,,,,,,,,,,,,,,,,,,,,,,,,,,,,,,,,,,,,,,,,,,,,,,,,,,,,,,,,,,,,,,,,,,,,,,,,,,,,,,,,,,,,,,,,,,,,eLUjMuy~0s-p,,,
15,SparkFrameBlock,Lucidspark Shapes,2,,,,,,,,Purchase Planing,,,,,,,,,,,,,,,,,,,,,,,,,,,,,,,,,,,,,,,,,,,,,,,,,,,,,,,,,,,,,,,,,,,,,,,,,,,,,,,,,,,,,,,,,,,,,,,,,~ZXrCTA8lKOD,,,
16,SparkFrameBlock,Lucidspark Shapes,2,13,,,,,,,Outward,,,,,,,,,,,,,,,,,,,,,,,,,,,,,,,,,,,,,,,,,,,,,,,,,,,,,,,,,,,,,,,,,,,,,,,,,,,,,,,,,,,,,,,,,,,,,,,,,Y8wjNO3Mwoe.,,,
17,Swim lane,Flowchart Shapes/Containers,2,13|16,,,,,,,,Production Process,Outward Process,,,,,,,,,,,,,,,,,,,,,,,,,,,,,,,,,,,,,,,,,,,,,,,,,,,,,,,,,,,,,,,,,,,,,,,,,,,,,,,,,,,,,,,,,,,,,,,jSNt4NjgL~es,,,
18,SparkFrameBlock,Lucidspark Shapes,2,,,,,,,,Inward Logistics,,,,,,,,,,,,,,,,,,,,,,,,,,,,,,,,,,,,,,,,,,,,,,,,,,,,,,,,,,,,,,,,,,,,,,,,,,,,,,,,,,,,,,,,,,,,,,,,,_QOtcTbrqRkh,,,
19,SparkFrameBlock,Lucidspark Shapes,2,,,,,,,,Sales Outward,,,,,,,,,,,,,,,,,,,,,,,,,,,,,,,,,,,,,,,,,,,,,,,,,,,,,,,,,,,,,,,,,,,,,,,,,,,,,,,,,,,,,,,,,,,,,,,,,t09taFf2fQDk,,,
20,SparkFrameBlock,Lucidspark Shapes,2,,,,,,,,Inward Logistics,,,,,,,,,,,,,,,,,,,,,,,,,,,,,,,,,,,,,,,,,,,,,,,,,,,,,,,,,,,,,,,,,,,,,,,,,,,,,,,,,,,,,,,,,,,,,,,,,mH4uYHwMPVun,,,
21,SparkFrameBlock,Lucidspark Shapes,2,,,,,,,,Inward Logistics,,,,,,,,,,,,,,,,,,,,,,,,,,,,,,,,,,,,,,,,,,,,,,,,,,,,,,,,,,,,,,,,,,,,,,,,,,,,,,,,,,,,,,,,,,,,,,,,,YZdvHFjnbTZ2,,,
22,SparkFrameBlock,Lucidspark Shapes,2,,,,,,,,Critical,,,,,,,,,,,,,,,,,,,,,,,,,,,,,,,,,,,,,,,,,,,,,,,,,,,,,,,,,,,,,,,,,,,,,,,,,,,,,,,,,,,,,,,,,,,,,,,,,rNmvtF.8YK-v,,,
23,SparkFrameBlock,Lucidspark Shapes,2,,,,,,,,NPD,,,,,,,,,,,,,,,,,,,,,,,,,,,,,,,,,,,,,,,,,,,,,,,,,,,,,,,,,,,,,,,,,,,,,,,,,,,,,,,,,,,,,,,,,,,,,,,,,eu6zi6FXUhNi,,,
24,SparkFrameBlock,Lucidspark Shapes,2,23,,,,,,,Creation of vendor,,,,,,,,,,,,,,,,,,,,,,,,,,,,,,,,,,,,,,,,,,,,,,,,,,,,,,,,,,,,,,,,,,,,,,,,,,,,,,,,,,,,,,,,,,,,,,,,,eu6zRNGQIEXy,,,
25,SparkFrameBlock,Lucidspark Shapes,2,23,,,,,,,Creation and updation of Item,,,,,,,,,,,,,,,,,,,,,,,,,,,,,,,,,,,,,,,,,,,,,,,,,,,,,,,,,,,,,,,,,,,,,,,,,,,,,,,,,,,,,,,,,,,,,,,,,2o_z0eMHC5Zq,,,
26,SparkFrameBlock,Lucidspark Shapes,2,23,,,,,,,Packaging Planning Process,,,,,,,,,,,,,,,,,,,,,,,,,,,,,,,,,,,,,,,,,,,,,,,,,,,,,,,,,,,,,,,,,,,,,,,,,,,,,,,,,,,,,,,,,,,,,,,,,L~lAHTbV0tfi,,,
27,SparkFrameBlock,Lucidspark Shapes,2,,,,,,,,Ecom File Rate ,,,,,,,,,,,,,,,,,,,,,,,,,,,,,,,,,,,,,,,,,,,,,,,,,,,,,,,,,,,,,,,,,,,,,,,,,,,,,,,,,,,,,,,,,,,,,,,,,mjYDzB2mJ6aP,,,
28,SparkFrameBlock,Lucidspark Shapes,2,,,,,,,,E-com Pricing Making,,,,,,,,,,,,,,,,,,,,,,,,,,,,,,,,,,,,,,,,,,,,,,,,,,,,,,,,,,,,,,,,,,,,,,,,,,,,,,,,,,,,,,,,,,,,,,,,,zQCEUfIaMkOL,,,
29,SparkFrameBlock,Lucidspark Shapes,2,,,,,,,,Dicount Process,,,,,,,,,,,,,,,,,,,,,,,,,,,,,,,,,,,,,,,,,,,,,,,,,,,,,,,,,,,,,,,,,,,,,,,,,,,,,,,,,,,,,,,,,,,,,,,,,A_CE385RxQJR,,,
30,SparkFrameBlock,Lucidspark Shapes,2,,,,,,,,Stock Process,,,,,,,,,,,,,,,,,,,,,,,,,,,,,,,,,,,,,,,,,,,,,,,,,,,,,,,,,,,,,,,,,,,,,,,,,,,,,,,,,,,,,,,,,,,,,,,,,.0PFVMAKBrjM,,,
31,SparkFrameBlock,Lucidspark Shapes,2,,,,,,,,Staff Process,,,,,,,,,,,,,,,,,,,,,,,,,,,,,,,,,,,,,,,,,,,,,,,,,,,,,,,,,,,,,,,,,,,,,,,,,,,,,,,,,,,,,,,,,,,,,,,,,b7PFFkVGybWP,,,
32,SparkFrameBlock,Lucidspark Shapes,2,,,,,,,,Display Process,,,,,,,,,,,,,,,,,,,,,,,,,,,,,,,,,,,,,,,,,,,,,,,,,,,,,,,,,,,,,,,,,,,,,,,,,,,,,,,,,,,,,,,,,,,,,,,,,NbQFDB12-bQ1,,,
33,SparkFrameBlock,Lucidspark Shapes,2,,,,,,,,Communication Process,,,,,,,,,,,,,,,,,,,,,,,,,,,,,,,,,,,,,,,,,,,,,,,,,,,,,,,,,,,,,,,,,,,,,,,,,,,,,,,,,,,,,,,,,,,,,,,,,jcQF05NEa_NB,,,
34,SparkFrameBlock,Lucidspark Shapes,2,23,,,,,,,Screening & Evaluation,,,,,,,,,,,,,,,,,,,,,,,,,,,,,,,,,,,,,,,,,,,,,,,,,,,,,,,,,,,,,,,,,,,,,,,,,,,,,,,,,,,,,,,,,,,,,,,,,NQYJwCzhgDVA,,,
35,SparkFrameBlock,Lucidspark Shapes,2,,,,,,,,Organic Search Process Flow,,,,,,,,,,,,,,,,,,,,,,,,,,,,,,,,,,,,,,,,,,,,,,,,,,,,,,,,,,,,,,,,,,,,,,,,,,,,,,,,,,,,,,,,,,,,,,,,,V_dKAwt9VI9J,,,
36,SparkFrameBlock,Lucidspark Shapes,2,,,,,,,,Add title,,,,,,,,,,,,,,,,,,,,,,,,,,,,,,,,,,,,,,,,,,,,,,,,,,,,,,,,,,,,,,,,,,,,,,,,,,,,,,,,,,,,,,,,,,,,,,,,,BDgKZ59gTvvZ,,,
37,SparkFrameBlock,Lucidspark Shapes,2,,,,,,,,Supression ,,,,,,,,,,,,,,,,,,,,,,,,,,,,,,,,,,,,,,,,,,,,,,,,,,,,,,,,,,,,,,,,,,,,,,,,,,,,,,,,,,,,,,,,,,,,,,,,,kMgKe.Q0pB3W,,,
38,SparkFrameBlock,Lucidspark Shapes,2,,,,,,,,Deals & Ads ,,,,,,,,,,,,,,,,,,,,,,,,,,,,,,,,,,,,,,,,,,,,,,,,,,,,,,,,,,,,,,,,,,,,,,,,,,,,,,,,,,,,,,,,,,,,,,,,,_AyK_S0YKIkI,,,
39,SparkFrameBlock,Lucidspark Shapes,2,,,,,,,,Pricing Check For E..Com,,,,,,,,,,,,,,,,,,,,,,,,,,,,,,,,,,,,,,,,,,,,,,,,,,,,,,,,,,,,,,,,,,,,,,,,,,,,,,,,,,,,,,,,,,,,,,,,,9-0MR8Tuqn1f,,,
40,SparkFrameBlock,Lucidspark Shapes,2,,,,,,,,Add title,,,,,,,,,,,,,,,,,,,,,,,,,,,,,,,,,,,,,,,,,,,,,,,,,,,,,,,,,,,,,,,,,,,,,,,,,,,,,,,,,,,,,,,,,,,,,,,,,kWzQeHN2UQZ2,,,
41,Process,Flowchart Shapes/Containers,2,5,,,,,,,Open Amazon.in,,,,,,,,,,,,,,,,,,,,,,,,,,,,,,,,,,,,,,,,,,,,,,,,,,,,,,,,,,,,,,,,,,,,,,,,,,,,,,,,,,,,,,,,,,,,,,,,,PkGfcQ_NJJyI,,,
42,Rectangle container,Flowchart Shapes/Containers,2,,,,,,,,,,,,,,,,,,,,,,,,,,,,,,,,,,,,,,,,,,,,,,,,,,,,,,,,,,,,,,,,,,,,,,,,,,,,,,,,,,,,,,,,,,,,,,,,,,,,,,,,,QT~_LZZ~gzma,,,
43,Rectangle container,Flowchart Shapes/Containers,2,,,,,,,,,,,,,,,,,,,,,,,,,,,,,,,,,,,,,,,,,,,,,,,,,,,,,,,,,,,,,,,,,,,,,,,,,,,,,,,,,,,,,,,,,,,,,,,,,,,,,,,,,mU~_Mw.nabtI,,,
44,Rectangle container,Flowchart Shapes/Containers,2,,,,,,,,,,,,,,,,,,,,,,,,,,,,,,,,,,,,,,,,,,,,,,,,,,,,,,,,,,,,,,,,,,,,,,,,,,,,,,,,,,,,,,,,,,,,,,,,,,,,,,,,,GV~_ZU4UwllR,,,
45,SparkFrameBlock,Lucidspark Shapes,2,,,,,,,,Ouick Com Pricing check,,,,,,,,,,,,,,,,,,,,,,,,,,,,,,,,,,,,,,,,,,,,,,,,,,,,,,,,,,,,,,,,,,,,,,,,,,,,,,,,,,,,,,,,,,,,,,,,,ClEfvJNd.wdb,,,
46,SparkFrameBlock,Lucidspark Shapes,2,,,,,,,,Ouick Com Availability,,,,,,,,,,,,,,,,,,,,,,,,,,,,,,,,,,,,,,,,,,,,,,,,,,,,,,,,,,,,,,,,,,,,,,,,,,,,,,,,,,,,,,,,,,,,,,,,,YgcglY1OguTQ,,,
47,SparkFrameBlock,Lucidspark Shapes,2,,,,,,,,Quick Com Visibility Check,,,,,,,,,,,,,,,,,,,,,,,,,,,,,,,,,,,,,,,,,,,,,,,,,,,,,,,,,,,,,,,,,,,,,,,,,,,,,,,,,,,,,,,,,,,,,,,,,7WfgPRzl1bjW,,,
48,SparkFrameBlock,Lucidspark Shapes,2,,,,,,,,Quick Com Listing,,,,,,,,,,,,,,,,,,,,,,,,,,,,,,,,,,,,,,,,,,,,,,,,,,,,,,,,,,,,,,,,,,,,,,,,,,,,,,,,,,,,,,,,,,,,,,,,,yCugm86fzrFK,,,
49,Rectangle container,Flowchart Shapes/Containers,2,,,,,,,,,,,,,,,,,,,,,,,,,,,,,,,,,,,,,,,,,,,,,,,,,,,,,,,,,,,,,,,,,,,,,,,,,,,,,,,,,,,,,,,,,,,,,,,,,,,,,,,,,Y0~_RE0hA4L8,,,
50,Decision,Flowchart Shapes/Containers,2,49,,,,,,,Passed/Rejected,,,,,,,,,,,,,,,,,,,,,,,,,,,,,,,,,,,,,,,,,,,,,,,,,,,,,,,,,,,,,,,,,,,,,,,,,,,,,,,,,,,,,,,,,,,,,,,,,Cr79fcS4JijS,,,
51,Process,Flowchart Shapes/Containers,2,49,,,,,,,"Inspection / QC Check - Specs, Quality and Quantity",,,,,,,,,,,,,,,,,,,,,,,,,,,,,,,,,,,,,,,,,,,,,,,,,,,,,,,,,,,,,,,,,,,,,,,,,,,,,,,,,,,,,,,,,,,,,,,,,cr79CfS5R2pS,,,
52,Process,Flowchart Shapes/Containers,2,49,,,,,,,Open Gate Entry > New > Voucher Type > Save,,,,,,,,,,,,,,,,,,,,,,,,,,,,,,,,,,,,,,,,,,,,,,,,,,,,,,,,,,,,,,,,,,,,,,,,,,,,,,,,,,,,,,,,,,,,,,,,,Bp79P1aOse-l,,,
53,Process,Flowchart Shapes/Containers,2,49,,,,,,,Creation of Debit Note for every rejected and Short quantity,,,,,,,,,,,,,,,,,,,,,,,,,,,,,,,,,,,,,,,,,,,,,,,,,,,,,,,,,,,,,,,,,,,,,,,,,,,,,,,,,,,,,,,,,,,,,,,,,Nx79uY_CAZUr,,,
54,Process,Flowchart Shapes/Containers,2,49,,,,,,,Physcially move to Farm Wastage Store,,,,,,,,,,,,,,,,,,,,,,,,,,,,,,,,,,,,,,,,,,,,,,,,,,,,,,,,,,,,,,,,,,,,,,,,,,,,,,,,,,,,,,,,,,,,,,,,,bz79DS8M7d.1,,,
55,Text,Standard,2,42,,,,,,,Finance,,,,,,,,,,,,,,,,,,,,,,,,,,,,,,,,,,,,,,,,,,,,,,,,,,,,,,,,,,,,,,,,,,,,,,,,,,,,,,,,,,,,,,,,,,,,,,,,,QT~_-Ht6PtxR,,,
56,Text,Standard,2,43,,,,,,,HR and Admin,,,,,,,,,,,,,,,,,,,,,,,,,,,,,,,,,,,,,,,,,,,,,,,,,,,,,,,,,,,,,,,,,,,,,,,,,,,,,,,,,,,,,,,,,,,,,,,,,mU~_cJ2I~ott,,COLUMN,ROW
57,Text,Standard,2,44,,,,,,,logistic,,,,,,,,,,,,,,,,,,,,,,,,,,,,,,,,,,,,,,,,,,,,,,,,,,,,,,,,,,,,,,,,,,,,,,,,,,,,,,,,,,,,,,,,,,,,,,,,,GV~_~dcuI3aS,,COLUMN,ROW
58,Process,Flowchart Shapes/Containers,2,49,,,,,,,Sales Invoice at nominal value like Plants,,,,,,,,,,,,,,,,,,,,,,,,,,,,,,,,,,,,,,,,,,,,,,,,,,,,,,,,,,,,,,,,,,,,,,,,,,,,,,,,,,,,,,,,,,,,,,,,,TO1~-udDQsNC,,,
59,Process,Flowchart Shapes/Containers,2,49,,,,,,,Sale invoice at Scrap value like packing and broken pots,,,,,,,,,,,,,,,,,,,,,,,,,,,,,,,,,,,,,,,,,,,,,,,,,,,,,,,,,,,,,,,,,,,,,,,,,,,,,,,,,,,,,,,,,,,,,,,,,WO1~HuxVJGcH,,,
60,Process,Flowchart Shapes/Containers,2,49,,,,,,,"Sales invoice at realisable value like Pots with scratches, Potting mix with printing and packing defects.",,,,,,,,,,,,,,,,,,,,,,,,,,,,,,,,,,,,,,,,,,,,,,,,,,,,,,,,,,,,,,,,,,,,,,,,,,,,,,,,,,,,,,,,,,,,,,,,,YO1~gEH6QjGV,,,
61,Process,Flowchart Shapes/Containers,2,49,,,,,,,Prepare a Scrap bag,,,,,,,,,,,,,,,,,,,,,,,,,,,,,,,,,,,,,,,,,,,,,,,,,,,,,,,,,,,,,,,,,,,,,,,,,,,,,,,,,,,,,,,,,,,,,,,,,DIua4E~Wkk.j,,,
62,Process,Flowchart Shapes/Containers,2,11,,,,,,,Gate entry in case of Sale return,,,,,,,,,,,,,,,,,,,,,,,,,,,,,,,,,,,,,,,,,,,,,,,,,,,,,,,,,,,,,,,,,,,,,,,,,,,,,,,,,,,,,,,,,,,,,,,,,16Raytrms7MX,,,
63,Process,Flowchart Shapes/Containers,2,11,,,,,,,Sale return Inward,,,,,,,,,,,,,,,,,,,,,,,,,,,,,,,,,,,,,,,,,,,,,,,,,,,,,,,,,,,,,,,,,,,,,,,,,,,,,,,,,,,,,,,,,,,,,,,,,nSTakcTFmlNR,,,
64,User Image,User Images,2,11,,,,,,,,,,,,,,,,,,,,,,,,,,,,,,,,,,,,,,,,,,,,,,,,,,,,,,,,,,,,,,,,,,,,,,,,,,,,,,,,,,,,,,,,,,,,,,,,,,,,,,,,JSTaO12D4brj,,,
65,Process,Flowchart Shapes/Containers,2,11,,,,,,,MRN Select Voucher type - RTV,,,,,,,,,,,,,,,,,,,,,,,,,,,,,,,,,,,,,,,,,,,,,,,,,,,,,,,,,,,,,,,,,,,,,,,,,,,,,,,,,,,,,,,,,,,,,,,,,nTTaOOdFJDTN,,,
66,User Image,User Images,2,11,,,,,,,,,,,,,,,,,,,,,,,,,,,,,,,,,,,,,,,,,,,,,,,,,,,,,,,,,,,,,,,,,,,,,,,,,,,,,,,,,,,,,,,,,,,,,,,,,,,,,,,,TTTadh9sUhVQ,,,
67,Decision,Flowchart Shapes/Containers,2,11,,,,,,,Is FG,,,,,,,,,,,,,,,,,,,,,,,,,,,,,,,,,,,,,,,,,,,,,,,,,,,,,,,,,,,,,,,,,,,,,,,,,,,,,,,,,,,,,,,,,,,,,,,,,PXTaJ-rgv0v5,,,
68,Process,Flowchart Shapes/Containers,2,11,,,,,,,Tf to Sale return FG Store,,,,,,,,,,,,,,,,,,,,,,,,,,,,,,,,,,,,,,,,,,,,,,,,,,,,,,,,,,,,,,,,,,,,,,,,,,,,,,,,,,,,,,,,,,,,,,,,,2XTaMBF~OiK1,,,
69,Decision,Flowchart Shapes/Containers,2,11,,,,,,,QC Check Passed,,,,,,,,,,,,,,,,,,,,,,,,,,,,,,,,,,,,,,,,,,,,,,,,,,,,,,,,,,,,,,,,,,,,,,,,,,,,,,,,,,,,,,,,,,,,,,,,,8XTaHXsDKa5z,,,
70,Decision,Flowchart Shapes/Containers,2,11,,,,,,,Quantity Check,,,,,,,,,,,,,,,,,,,,,,,,,,,,,,,,,,,,,,,,,,,,,,,,,,,,,,,,,,,,,,,,,,,,,,,,,,,,,,,,,,,,,,,,,,,,,,,,,~YTa9eEZ6DKZ,,,
71,Process,Flowchart Shapes/Containers,2,11,,,,,,,Tf to concerned store,,,,,,,,,,,,,,,,,,,,,,,,,,,,,,,,,,,,,,,,,,,,,,,,,,,,,,,,,,,,,,,,,,,,,,,,,,,,,,,,,,,,,,,,,,,,,,,,,QZTaOaewdjgr,,,
72,Process,Flowchart Shapes/Containers,2,11,,,,,,,Quantity Difference (Product received is same as mentioned on document but qty is not matched),,,,,,,,,,,,,,,,,,,,,,,,,,,,,,,,,,,,,,,,,,,,,,,,,,,,,,,,,,,,,,,,,,,,,,,,,,,,,,,,,,,,,,,,,,,,,,,,,T1Taw3eRq~Ot,,,
73,Process,Flowchart Shapes/Containers,2,11,,,,,,,Product Difference (When different product is received),,,,,,,,,,,,,,,,,,,,,,,,,,,,,,,,,,,,,,,,,,,,,,,,,,,,,,,,,,,,,,,,,,,,,,,,,,,,,,,,,,,,,,,,,,,,,,,,,sbabwjJcFTQI,,,
74,Process,Flowchart Shapes/Containers,2,11,,,,,,,Take Photos and Video,,,,,,,,,,,,,,,,,,,,,,,,,,,,,,,,,,,,,,,,,,,,,,,,,,,,,,,,,,,,,,,,,,,,,,,,,,,,,,,,,,,,,,,,,,,,,,,,,jcab3arRAi5p,,,
75,Document,Flowchart Shapes/Containers,2,11,,,,,,,Fill RTV Form            (Link attached),,,,,,,,,,,,,,,,,,,,,,,,,,,,,,,,,,,,,,,,,,,,,,,,,,,,,,,,,,,,,,,,,,,,,,,,,,,,,,,,,,,,,,,,,,,,,,,,,meabuzLzJtqC,,,
76,Sticky note,Sticky Notes,2,11,,,,,,,"Email - 
Vendor Name -
Vendor ID -
BOX ID - 
Calculation of Discripency Value - (Qty difference X TP)
Excel
PRN Number
Item ID
Seller Warehouse name
Qty Discrepency
Always select ""Send me a copy of my responses.""
",,,,,,,,,,,,,,,,,,,,,,,,,,,,,,,,,,,,,,,,,,,,,,,,,,,,,,,,,,,,,,,,,,,,,,,,,,,,,,,,,,,,,,,,,,,,,,,,,sgabCCzzjXSN,,,
77,Off-page link,Flowchart Shapes/Containers,2,11,,,,,,,Reconciliation,,,,,,,,,,,,,,,,,,,,,,,,,,,,,,,,,,,,,,,,,,,,,,,,,,,,,,,,,,,,,,,,,,,,,,,,,,,,,,,,,,,,,,,,,,,,,,,,,KPbbSvree_jI,,,
78,Process,Flowchart Shapes/Containers,2,11,,,,,,,NG MAster RTV Sheet ,,,,,,,,,,,,,,,,,,,,,,,,,,,,,,,,,,,,,,,,,,,,,,,,,,,,,,,,,,,,,,,,,,,,,,,,,,,,,,,,,,,,,,,,,,,,,,,,,Hpcbzo4C8IpW,,,
79,Process,Flowchart Shapes/Containers,2,11,,,,,,,Blinkit,,,,,,,,,,,,,,,,,,,,,,,,,,,,,,,,,,,,,,,,,,,,,,,,,,,,,,,,,,,,,,,,,,,,,,,,,,,,,,,,,,,,,,,,,,,,,,,,,WpcbFyj-4OVe,,,
80,Process,Flowchart Shapes/Containers,2,11,,,,,,,Zepto,,,,,,,,,,,,,,,,,,,,,,,,,,,,,,,,,,,,,,,,,,,,,,,,,,,,,,,,,,,,,,,,,,,,,,,,,,,,,,,,,,,,,,,,,,,,,,,,,Ypcb1M-0YI1w,,,
81,Process,Flowchart Shapes/Containers,2,11,,,,,,,Swiggy,,,,,,,,,,,,,,,,,,,,,,,,,,,,,,,,,,,,,,,,,,,,,,,,,,,,,,,,,,,,,,,,,,,,,,,,,,,,,,,,,,,,,,,,,,,,,,,,,0pcbRBMPGG0Z,,,
82,Process,Flowchart Shapes/Containers,2,11,,,,,,,Bigbasket,,,,,,,,,,,,,,,,,,,,,,,,,,,,,,,,,,,,,,,,,,,,,,,,,,,,,,,,,,,,,,,,,,,,,,,,,,,,,,,,,,,,,,,,,,,,,,,,,1pcbuuoKnuCi,,,
83,Process,Flowchart Shapes/Containers,2,11,,,,,,,"Open Mail have subject line ""RTV Pending Pickup as of""",,,,,,,,,,,,,,,,,,,,,,,,,,,,,,,,,,,,,,,,,,,,,,,,,,,,,,,,,,,,,,,,,,,,,,,,,,,,,,,,,,,,,,,,,,,,,,,,,ETcbsaloGjEI,,,
84,Process,Flowchart Shapes/Containers,2,11,,,,,,,Download non_sellable_stock and add it in ' NG_RTV_Planing',,,,,,,,,,,,,,,,,,,,,,,,,,,,,,,,,,,,,,,,,,,,,,,,,,,,,,,,,,,,,,,,,,,,,,,,,,,,,,,,,,,,,,,,,,,,,,,,,YTcbM_xdr4u_,,,
85,Decision,Flowchart Shapes/Containers,2,11,,,,,,,Check Outward logitstic sheet (whether any fleet is already aligned in next 7 days for that wareshouse?),,,,,,,,,,,,,,,,,,,,,,,,,,,,,,,,,,,,,,,,,,,,,,,,,,,,,,,,,,,,,,,,,,,,,,,,,,,,,,,,,,,,,,,,,,,,,,,,,RUcbzLLmrUc2,,,
86,Process,Flowchart Shapes/Containers,2,11,,,,,,,"1.Add line item for reverse trip of that vehicle to pickup RTV. Also mention the Item and Quantity in the ""Outward logistic sheet""          2.Fill Yes in sheet 'NG_RTV_Planing'",,,,,,,,,,,,,,,,,,,,,,,,,,,,,,,,,,,,,,,,,,,,,,,,,,,,,,,,,,,,,,,,,,,,,,,,,,,,,,,,,,,,,,,,,,,,,,,,,uAebVaTvkUA2,,,
87,Sticky note,Sticky Notes,2,11,,,,,,,Daily alignment with Outward logistic sheet.,,,,,,,,,,,,,,,,,,,,,,,,,,,,,,,,,,,,,,,,,,,,,,,,,,,,,,,,,,,,,,,,,,,,,,,,,,,,,,,,,,,,,,,,,,,,,,,,,sFebMy2rDYVY,,,
88,Sticky note,Sticky Notes,2,11,,,,,,,Depend on   1. Quantity                   2. Value       3. Distance,,,,,,,,,,,,,,,,,,,,,,,,,,,,,,,,,,,,,,,,,,,,,,,,,,,,,,,,,,,,,,,,,,,,,,,,,,,,,,,,,,,,,,,,,,,,,,,,,FGebtFjSUOqd,,,
89,Process,Flowchart Shapes/Containers,2,11,,,,,,,Actually received on Gate,,,,,,,,,,,,,,,,,,,,,,,,,,,,,,,,,,,,,,,,,,,,,,,,,,,,,,,,,,,,,,,,,,,,,,,,,,,,,,,,,,,,,,,,,,,,,,,,,_KebWk~guhDK,,,
90,Process,Flowchart Shapes/Containers,2,11,,,,,,,Shopper Stop,,,,,,,,,,,,,,,,,,,,,,,,,,,,,,,,,,,,,,,,,,,,,,,,,,,,,,,,,,,,,,,,,,,,,,,,,,,,,,,,,,,,,,,,,,,,,,,,,0MebosoGlcs.,,,
91,Process,Flowchart Shapes/Containers,2,11,,,,,,,Etrade,,,,,,,,,,,,,,,,,,,,,,,,,,,,,,,,,,,,,,,,,,,,,,,,,,,,,,,,,,,,,,,,,,,,,,,,,,,,,,,,,,,,,,,,,,,,,,,,,2Mebiya~9Thz,,,
92,Process,Flowchart Shapes/Containers,2,11,,,,,,,Homecenter,,,,,,,,,,,,,,,,,,,,,,,,,,,,,,,,,,,,,,,,,,,,,,,,,,,,,,,,,,,,,,,,,,,,,,,,,,,,,,,,,,,,,,,,,,,,,,,,,4MebqI.kn6S7,,,
93,Process,Flowchart Shapes/Containers,2,11,,,,,,,Amazon DF,,,,,,,,,,,,,,,,,,,,,,,,,,,,,,,,,,,,,,,,,,,,,,,,,,,,,,,,,,,,,,,,,,,,,,,,,,,,,,,,,,,,,,,,,,,,,,,,,HNeb86e8N0El,,,
94,Decision,Flowchart Shapes/Containers,2,11,,,,,,,Fill column 'To be pick?',,,,,,,,,,,,,,,,,,,,,,,,,,,,,,,,,,,,,,,,,,,,,,,,,,,,,,,,,,,,,,,,,,,,,,,,,,,,,,,,,,,,,,,,,,,,,,,,,PrpbjR5har85,,,
95,Process,Flowchart Shapes/Containers,2,11,,,,,,,Fill reason in column 'Reason for No pickup',,,,,,,,,,,,,,,,,,,,,,,,,,,,,,,,,,,,,,,,,,,,,,,,,,,,,,,,,,,,,,,,,,,,,,,,,,,,,,,,,,,,,,,,,,,,,,,,,4xpbe5IMOM~x,,,
96,Process,Flowchart Shapes/Containers,2,11,,,,,,,Mail to Sales Channel as a confirmation of disposal,,,,,,,,,,,,,,,,,,,,,,,,,,,,,,,,,,,,,,,,,,,,,,,,,,,,,,,,,,,,,,,,,,,,,,,,,,,,,,,,,,,,,,,,,,,,,,,,,XOpbFQUGVyEm,,,
97,Process,Flowchart Shapes/Containers,2,11,,,,,,,"Open Mail have subject line ""Pickup Request for Expired / Damaged Goods """,,,,,,,,,,,,,,,,,,,,,,,,,,,,,,,,,,,,,,,,,,,,,,,,,,,,,,,,,,,,,,,,,,,,,,,,,,,,,,,,,,,,,,,,,,,,,,,,,qXpb8_VhB-pp,,,
98,Sticky note,Sticky Notes,2,11,,,,,,,"Zepto sent this weekly.
Item mentioned to be pickup within 7 days of date of this email.
24 hour Prior notice before pickup
Provide summary within 3 days of pickup from all location.",,,,,,,,,,,,,,,,,,,,,,,,,,,,,,,,,,,,,,,,,,,,,,,,,,,,,,,,,,,,,,,,,,,,,,,,,,,,,,,,,,,,,,,,,,,,,,,,,Rhqb0Ci_slxL,,,
99,Process,Flowchart Shapes/Containers,2,11,,,,,,,Download 'NG_RTV As of' add it in ' Zepto - NG_RTV_Planing',,,,,,,,,,,,,,,,,,,,,,,,,,,,,,,,,,,,,,,,,,,,,,,,,,,,,,,,,,,,,,,,,,,,,,,,,,,,,,,,,,,,,,,,,,,,,,,,,UuqbflFH4oQW,,,
100,Manual input,Flowchart Shapes/Containers,2,11,,,,,,,Ask Sales Manager to provide detail of Expiry and damage product.,,,,,,,,,,,,,,,,,,,,,,,,,,,,,,,,,,,,,,,,,,,,,,,,,,,,,,,,,,,,,,,,,,,,,,,,,,,,,,,,,,,,,,,,,,,,,,,,,y4sbCpJ6Dy6j,,,
101,Process,Flowchart Shapes/Containers,2,11,,,,,,,Consol all data in 'NG_HC_ RTV_ REQUEST,,,,,,,,,,,,,,,,,,,,,,,,,,,,,,,,,,,,,,,,,,,,,,,,,,,,,,,,,,,,,,,,,,,,,,,,,,,,,,,,,,,,,,,,,,,,,,,,,EatbqdDWpE1I,,,
102,Process,Flowchart Shapes/Containers,2,11,,,,,,,Format to be made with soni and mithun,,,,,,,,,,,,,,,,,,,,,,,,,,,,,,,,,,,,,,,,,,,,,,,,,,,,,,,,,,,,,,,,,,,,,,,,,,,,,,,,,,,,,,,,,,,,,,,,,gdtbJx44PN~-,,,
103,Process,Flowchart Shapes/Containers,2,11,,,,,,,"Mail to ""XXX"" to initiate the RTV process",,,,,,,,,,,,,,,,,,,,,,,,,,,,,,,,,,,,,,,,,,,,,,,,,,,,,,,,,,,,,,,,,,,,,,,,,,,,,,,,,,,,,,,,,,,,,,,,,FhtbGQlvxNy-,,,
104,Process,Flowchart Shapes/Containers,2,11,,,,,,,Process,,,,,,,,,,,,,,,,,,,,,,,,,,,,,,,,,,,,,,,,,,,,,,,,,,,,,,,,,,,,,,,,,,,,,,,,,,,,,,,,,,,,,,,,,,,,,,,,,LuubDnT.nejx,,,
105,Process,Flowchart Shapes/Containers,2,11,,,,,,,Process,,,,,,,,,,,,,,,,,,,,,,,,,,,,,,,,,,,,,,,,,,,,,,,,,,,,,,,,,,,,,,,,,,,,,,,,,,,,,,,,,,,,,,,,,,,,,,,,,QyubGt6a9-TA,,,
106,Process,Flowchart Shapes/Containers,2,11,,,,,,,Process,,,,,,,,,,,,,,,,,,,,,,,,,,,,,,,,,,,,,,,,,,,,,,,,,,,,,,,,,,,,,,,,,,,,,,,,,,,,,,,,,,,,,,,,,,,,,,,,,UyubG0AFncUk,,,
107,Process,Flowchart Shapes/Containers,2,44,,,,,,,Vehicle Arrived at Homecenter,,,,,,,,,,,,,,,,,,,,,,,,,,,,,,,,,,,,,,,,,,,,,,,,,,,,,,,,,,,,,,,,,,,,,,,,,,,,,,,,,,,,,,,,,,,,,,,,,lK6cvktEs11L,,,
108,Process,Flowchart Shapes/Containers,2,44,,,,,,,Global Count,,,,,,,,,,,,,,,,,,,,,,,,,,,,,,,,,,,,,,,,,,,,,,,,,,,,,,,,,,,,,,,,,,,,,,,,,,,,,,,,,,,,,,,,,,,,,,,,,MK6c8~JvpBce,,,
109,Sticky note,Sticky Notes,2,44,,,,,,," Will be performed by NG's .
Write global count on Invoice (Transporter's copy)
To be filled in every case even if there is no discrepency.",,,,,,,,,,,,,,,,,,,,,,,,,,,,,,,,,,,,,,,,,,,,,,,,,,,,,,,,,,,,,,,,,,,,,,,,,,,,,,,,,,,,,,,,,,,,,,,,,YK6c6~6uWSXu,,,
110,Process,Flowchart Shapes/Containers,2,44,,,,,,,Product will be handed over by NG  to Homecente ,,,,,,,,,,,,,,,,,,,,,,,,,,,,,,,,,,,,,,,,,,,,,,,,,,,,,,,,,,,,,,,,,,,,,,,,,,,,,,,,,,,,,,,,,,,,,,,,,MM6cYYXANUuA,,,
111,Process,Flowchart Shapes/Containers,2,44,,,,,,,Vehicle will deliver this Invoice's Physcial copy to warehouse,,,,,,,,,,,,,,,,,,,,,,,,,,,,,,,,,,,,,,,,,,,,,,,,,,,,,,,,,,,,,,,,,,,,,,,,,,,,,,,,,,,,,,,,,,,,,,,,,NM6c_7hrwb2a,,,
112,Process,Flowchart Shapes/Containers,2,44,,,,,,,Homecenter will provide GRN Copy by End of Day or next day.,,,,,,,,,,,,,,,,,,,,,,,,,,,,,,,,,,,,,,,,,,,,,,,,,,,,,,,,,,,,,,,,,,,,,,,,,,,,,,,,,,,,,,,,,,,,,,,,,7N6cdJFvAoYe,,,
113,Process,Flowchart Shapes/Containers,2,44,,,,,,,Enter details in Google form by CCA,,,,,,,,,,,,,,,,,,,,,,,,,,,,,,,,,,,,,,,,,,,,,,,,,,,,,,,,,,,,,,,,,,,,,,,,,,,,,,,,,,,,,,,,,,,,,,,,,iP6ciBSoo9Hb,,,
114,Off-page link,Flowchart Shapes/Containers,2,,,,,,,,Process,,,,,,,,,,,,,,,,,,,,,,,,,,,,,,,,,,,,,,,,,,,,,,,,,,,,,,,,,,,,,,,,,,,,,,,,,,,,,,,,,,,,,,,,,,,,,,,,,CRcdJwkzxjl0,,,
115,Process,Flowchart Shapes/Containers,2,44,,,,,,,Process,,,,,,,,,,,,,,,,,,,,,,,,,,,,,,,,,,,,,,,,,,,,,,,,,,,,,,,,,,,,,,,,,,,,,,,,,,,,,,,,,,,,,,,,,,,,,,,,,TRcd3mtHzQXn,,,
116,Process,Flowchart Shapes/Containers,2,49,,,,,,,Approval of Finance and Warehouse head,,,,,,,,,,,,,,,,,,,,,,,,,,,,,,,,,,,,,,,,,,,,,,,,,,,,,,,,,,,,,,,,,,,,,,,,,,,,,,,,,,,,,,,,,,,,,,,,,jhueP1zTHi0Y,,,
117,Sticky note,Sticky Notes,2,49,,,,,,,"Finance executive will check physically either electronically or physcially.
Manager-Finance will approve the mail.
CEO shall be in CC",,,,,,,,,,,,,,,,,,,,,,,,,,,,,,,,,,,,,,,,,,,,,,,,,,,,,,,,,,,,,,,,,,,,,,,,,,,,,,,,,,,,,,,,,,,,,,,,,djueFwnfG5VN,,,
118,Sticky note,Sticky Notes,2,,,,,,,,"SKU & Channel level Sales planing
Monthly SKU level Target - Done
NPD SKU level target - Pending
BD SKU level target -Done
Target achievement
AOP (only a of 1st point - above other than BD & NPD)
Online Master sheet
Projecting sales for particular month
RTV
RCV (Replication Cat. Visibility)
Availability/Regiona in Stock (RIS) for amazon
Quick come - Done
FR - Pending
DOC - Pending
we dont generally want 100% avalability / fill rate as it might lead to RTV
catalogue
Pricing - Done
Discount - 
Primary - Done
Supression - 
Secondary (AA content) - Done
Review management
Artifically
Calls to remove negative
Push to write review
NPS reviews - to eradicate future negative
SEO
Quick Com - WIP
Ecom - Not yet started
Tagging (correct product on repective keyword)
Keyword level eg - Safed keeda killer - it should show our plant protector
Category Level
Visibility (GV - Glance View)
Organic
Banner
Category Tagging LIKE GIFTING /CHARISTMAS BANNER- WE SHOULD BE ON THAT - Mail by yash - same for all quick com - Zepto insta and blinkit
Keyword tagging - Trial and test - mail by yash
Deals of the day
Category manager do tell that if you will give that much discount we will give you visibility in deal of the day
Monthly sale event like Maxx saver of instamart
Steal deals
Paid
Performance Marketing",,,,,,,,,,,,,,,,,,,,,,,,,,,,,,,,,,,,,,,,,,,,,,,,,,,,,,,,,,,,,,,,,,,,,,,,,,,,,,,,,,,,,,,,,,,,,,,,,WJifgfBS~6Wr,,,
119,Process,Flowchart Shapes/Containers,2,45,,,,,,,Check Pricing,,,,,,,,,,,,,,,,,,,,,,,,,,,,,,,,,,,,,,,,,,,,,,,,,,,,,,,,,,,,,,,,,,,,,,,,,,,,,,,,,,,,,,,,,,,,,,,,,2gDfzyeHLR~S,,,
120,Process,Flowchart Shapes/Containers,2,45,,,,,,,"Open                                   Workbook =""NG- Catalog"" Sheet - ""Pricing""",,,,,,,,,,,,,,,,,,,,,,,,,,,,,,,,,,,,,,,,,,,,,,,,,,,,,,,,,,,,,,,,,,,,,,,,,,,,,,,,,,,,,,,,,,,,,,,,,3lDfr9Ojpwfx,,,
121,Process,Flowchart Shapes/Containers,2,45,,,,,,,Go to Seller app,,,,,,,,,,,,,,,,,,,,,,,,,,,,,,,,,,,,,,,,,,,,,,,,,,,,,,,,,,,,,,,,,,,,,,,,,,,,,,,,,,,,,,,,,,,,,,,,,qmDfJDjAawLT,,,
122,Process,Flowchart Shapes/Containers,2,45,,,,,,,Quick Com,,,,,,,,,,,,,,,,,,,,,,,,,,,,,,,,,,,,,,,,,,,,,,,,,,,,,,,,,,,,,,,,,,,,,,,,,,,,,,,,,,,,,,,,,,,,,,,,,UmDfIV5mzQB9,,,
123,Process,Flowchart Shapes/Containers,2,45,,,,,,,Export Pricing Data,,,,,,,,,,,,,,,,,,,,,,,,,,,,,,,,,,,,,,,,,,,,,,,,,,,,,,,,,,,,,,,,,,,,,,,,,,,,,,,,,,,,,,,,,,,,,,,,,3pDfMyx79MTs,,,
124,Sticky note,Sticky Notes,2,45,,,,,,,"Do this after 2 PM.
Click Metric > Pricing
Scroll down to Pricing Detail
Click export
This will show the current price of each listing on each pincode for 
Blinkit
Zepto
Instamart",,,,,,,,,,,,,,,,,,,,,,,,,,,,,,,,,,,,,,,,,,,,,,,,,,,,,,,,,,,,,,,,,,,,,,,,,,,,,,,,,,,,,,,,,,,,,,,,,cqDfCJd0DGKQ,,,
125,Preparation,Flowchart Shapes/Containers,2,45,,,,,,,Pricing data preparation,,,,,,,,,,,,,,,,,,,,,,,,,,,,,,,,,,,,,,,,,,,,,,,,,,,,,,,,,,,,,,,,,,,,,,,,,,,,,,,,,,,,,,,,,,,,,,,,,jrDfFSt8Fa38,,,
126,User Image,User Images,2,45,,,,,,,,,,,,,,,,,,,,,,,,,,,,,,,,,,,,,,,,,,,,,,,,,,,,,,,,,,,,,,,,,,,,,,,,,,,,,,,,,,,,,,,,,,,,,,,,,,,,,,,,EvDfCwKKS92f,,,
127,Sticky note,Sticky Notes,2,45,,,,,,,"Paste special in ""Raw data Sheet""
Date
Product ID
Price",,,,,,,,,,,,,,,,,,,,,,,,,,,,,,,,,,,,,,,,,,,,,,,,,,,,,,,,,,,,,,,,,,,,,,,,,,,,,,,,,,,,,,,,,,,,,,,,,.DDf_ZsWXi9S,,,
128,Block,Standard,2,45,,,,,,,"Every alternative day
and
Deal/Special days",,,,,,,,,,,,,,,,,,,,,,,,,,,,,,,,,,,,,,,,,,,,,,,,,,,,,,,,,,,,,,,,,,,,,,,,,,,,,,,,,,,,,,,,,,,,,,,,,YJDfAyF43HE6,,,
129,Process,Flowchart Shapes/Containers,2,45,,,,,,,"Check Recommend Price in Sheet - ""Pricing"" from ""NG Master Pricing Sheet""",,,,,,,,,,,,,,,,,,,,,,,,,,,,,,,,,,,,,,,,,,,,,,,,,,,,,,,,,,,,,,,,,,,,,,,,,,,,,,,,,,,,,,,,,,,,,,,,,CNDfkh6SQ7Xr,,,
130,Decision,Flowchart Shapes/Containers,2,45,,,,,,,Correct?,,,,,,,,,,,,,,,,,,,,,,,,,,,,,,,,,,,,,,,,,,,,,,,,,,,,,,,,,,,,,,,,,,,,,,,,,,,,,,,,,,,,,,,,,,,,,,,,,qRDf0oeLeVSo,,,
131,Process,Flowchart Shapes/Containers,2,45,,,,,,,Make Column for respective date and formula from previous week,,,,,,,,,,,,,,,,,,,,,,,,,,,,,,,,,,,,,,,,,,,,,,,,,,,,,,,,,,,,,,,,,,,,,,,,,,,,,,,,,,,,,,,,,,,,,,,,,KSDfzoQ~meYQ,,,
132,Table,Tables,2,45,,,,,,,                                                         20-Dec-25,Average SP,Total Visible Count,Correct Visible Count,,,,,,,,,,,,,,,,,,,,,,,,,,,,,,,,,,,,,,,,,,,,,,,,,,,,,,,,,,,,,,,,,,,,,,,,,,,,,,,,,,,,,,,,,,,,,,RVDfVen15iZS,,,
133,Decision,Flowchart Shapes/Containers,2,45,,,,,,,Difference in actual and Deal/Recommended price,,,,,,,,,,,,,,,,,,,,,,,,,,,,,,,,,,,,,,,,,,,,,,,,,,,,,,,,,,,,,,,,,,,,,,,,,,,,,,,,,,,,,,,,,,,,,,,,,lZDfhzPmqTsX,,,
134,Process,Flowchart Shapes/Containers,2,45,,,,,,,Escalate to Assistant Manager - Qcom,,,,,,,,,,,,,,,,,,,,,,,,,,,,,,,,,,,,,,,,,,,,,,,,,,,,,,,,,,,,,,,,,,,,,,,,,,,,,,,,,,,,,,,,,,,,,,,,,p0DfpDmiVvGu,,,
135,Decision,Flowchart Shapes/Containers,2,45,,,,,,,Deal day?,,,,,,,,,,,,,,,,,,,,,,,,,,,,,,,,,,,,,,,,,,,,,,,,,,,,,,,,,,,,,,,,,,,,,,,,,,,,,,,,,,,,,,,,,,,,,,,,,d.DfT2MERvby,,,
136,Process,Flowchart Shapes/Containers,2,45,,,,,,,"Update the deal price in Sheet - ""Deals""",,,,,,,,,,,,,,,,,,,,,,,,,,,,,,,,,,,,,,,,,,,,,,,,,,,,,,,,,,,,,,,,,,,,,,,,,,,,,,,,,,,,,,,,,,,,,,,,,2.DfcG~h79ss,,,
137,Process,Flowchart Shapes/Containers,2,45,,,,,,,"Enter the lastest recommended price in Sheet - ""Pricing"" from ""NG Online Pricing sheet""",,,,,,,,,,,,,,,,,,,,,,,,,,,,,,,,,,,,,,,,,,,,,,,,,,,,,,,,,,,,,,,,,,,,,,,,,,,,,,,,,,,,,,,,,,,,,,,,,NSDfgnqPWA_t,,,
138,Terminator,Flowchart Shapes/Containers,2,45,,,,,,,Great,,,,,,,,,,,,,,,,,,,,,,,,,,,,,,,,,,,,,,,,,,,,,,,,,,,,,,,,,,,,,,,,,,,,,,,,,,,,,,,,,,,,,,,,,,,,,,,,,WcEfdEcrUpqk,,,
139,Process,Flowchart Shapes/Containers,2,45,,,,,,,Mail to KAM of respective Sales channel,,,,,,,,,,,,,,,,,,,,,,,,,,,,,,,,,,,,,,,,,,,,,,,,,,,,,,,,,,,,,,,,,,,,,,,,,,,,,,,,,,,,,,,,,,,,,,,,,8fEf.S16gYH-,,,
140,MinimalTextBlock,Standard,2,45,,,,,,,"Attach excel containing
Suggested/Recommended                    selling price
Live Selling price
Difference",,,,,,,,,,,,,,,,,,,,,,,,,,,,,,,,,,,,,,,,,,,,,,,,,,,,,,,,,,,,,,,,,,,,,,,,,,,,,,,,,,,,,,,,,,,,,,,,,~jEfn8MgGaYv,,,
141,Delay,Flowchart Shapes/Containers,2,45,,,,,,,Wait for reply,,,,,,,,,,,,,,,,,,,,,,,,,,,,,,,,,,,,,,,,,,,,,,,,,,,,,,,,,,,,,,,,,,,,,,,,,,,,,,,,,,,,,,,,,,,,,,,,,tmEftE7~X2Jc,,,
142,Decision,Flowchart Shapes/Containers,2,45,,,,,,,Reply recieved,,,,,,,,,,,,,,,,,,,,,,,,,,,,,,,,,,,,,,,,,,,,,,,,,,,,,,,,,,,,,,,,,,,,,,,,,,,,,,,,,,,,,,,,,,,,,,,,,xmEfdsDFZmfj,,,
143,Decision,Flowchart Shapes/Containers,2,45,,,,,,,Check Now corrected,,,,,,,,,,,,,,,,,,,,,,,,,,,,,,,,,,,,,,,,,,,,,,,,,,,,,,,,,,,,,,,,,,,,,,,,,,,,,,,,,,,,,,,,,,,,,,,,,pnEfzT~bz0AI,,,
144,Process,Flowchart Shapes/Containers,2,45,,,,,,,Followup,,,,,,,,,,,,,,,,,,,,,,,,,,,,,,,,,,,,,,,,,,,,,,,,,,,,,,,,,,,,,,,,,,,,,,,,,,,,,,,,,,,,,,,,,,,,,,,,,rnEfVJIB5yu.,,,
145,Terminator,Flowchart Shapes/Containers,2,45,,,,,,,Solved,,,,,,,,,,,,,,,,,,,,,,,,,,,,,,,,,,,,,,,,,,,,,,,,,,,,,,,,,,,,,,,,,,,,,,,,,,,,,,,,,,,,,,,,,,,,,,,,,moEfZV_oAfgT,,,
146,Process,Flowchart Shapes/Containers,2,4,,,,,,,Check Rating,,,,,,,,,,,,,,,,,,,,,,,,,,,,,,,,,,,,,,,,,,,,,,,,,,,,,,,,,,,,,,,,,,,,,,,,,,,,,,,,,,,,,,,,,,,,,,,,,GdFfDtINVh1g,,,
147,Process,Flowchart Shapes/Containers,2,4,,,,,,,"Open                                   Workbook =""NG- Catalog"" Sheet - ""Rating""",,,,,,,,,,,,,,,,,,,,,,,,,,,,,,,,,,,,,,,,,,,,,,,,,,,,,,,,,,,,,,,,,,,,,,,,,,,,,,,,,,,,,,,,,,,,,,,,,GdFf6cuNJUSf,,,
148,Process,Flowchart Shapes/Containers,2,4,,,,,,,Search each product on each portal,,,,,,,,,,,,,,,,,,,,,,,,,,,,,,,,,,,,,,,,,,,,,,,,,,,,,,,,,,,,,,,,,,,,,,,,,,,,,,,,,,,,,,,,,,,,,,,,,GdFfoU6f6cMM,,,
149,Process,Flowchart Shapes/Containers,2,4,,,,,,,Quick Com,,,,,,,,,,,,,,,,,,,,,,,,,,,,,,,,,,,,,,,,,,,,,,,,,,,,,,,,,,,,,,,,,,,,,,,,,,,,,,,,,,,,,,,,,,,,,,,,,GdFf56YLsuI6,,,
150,Process,Flowchart Shapes/Containers,2,4,,,,,,,"Enter below mentioned details in sheet - ""Ratings""",,,,,,,,,,,,,,,,,,,,,,,,,,,,,,,,,,,,,,,,,,,,,,,,,,,,,,,,,,,,,,,,,,,,,,,,,,,,,,,,,,,,,,,,,,,,,,,,,GdFfV_hcXjGJ,,,
151,Block,Standard,2,4,,,,,,,Weekly,,,,,,,,,,,,,,,,,,,,,,,,,,,,,,,,,,,,,,,,,,,,,,,,,,,,,,,,,,,,,,,,,,,,,,,,,,,,,,,,,,,,,,,,,,,,,,,,,GdFfCMj-tihA,,,
152,Sticky note,Sticky Notes,2,4,,,,,,,"Star Rating
No. of ratings",,,,,,,,,,,,,,,,,,,,,,,,,,,,,,,,,,,,,,,,,,,,,,,,,,,,,,,,,,,,,,,,,,,,,,,,,,,,,,,,,,,,,,,,,,,,,,,,,GdFfkpUkV~Xl,,,
153,User Image,User Images,2,4,,,,,,,,,,,,,,,,,,,,,,,,,,,,,,,,,,,,,,,,,,,,,,,,,,,,,,,,,,,,,,,,,,,,,,,,,,,,,,,,,,,,,,,,,,,,,,,,,,,,,,,,qsFfDxRjkQ0H,,,
154,Process,Flowchart Shapes/Containers,2,4,,,,,,,Add Current week column,,,,,,,,,,,,,,,,,,,,,,,,,,,,,,,,,,,,,,,,,,,,,,,,,,,,,,,,,,,,,,,,,,,,,,,,,,,,,,,,,,,,,,,,,,,,,,,,,ysFfn1LnNTXP,,,
155,Process,Flowchart Shapes/Containers,2,4,,,,,,,Modify formula in Weekly Changes Column,,,,,,,,,,,,,,,,,,,,,,,,,,,,,,,,,,,,,,,,,,,,,,,,,,,,,,,,,,,,,,,,,,,,,,,,,,,,,,,,,,,,,,,,,,,,,,,,,fuFfOWCOwIh.,,,
156,Decision,Flowchart Shapes/Containers,2,4,,,,,,,Major Negative change,,,,,,,,,,,,,,,,,,,,,,,,,,,,,,,,,,,,,,,,,,,,,,,,,,,,,,,,,,,,,,,,,,,,,,,,,,,,,,,,,,,,,,,,,,,,,,,,,Y6FfZmrI~15Q,,,
157,Process,Flowchart Shapes/Containers,2,4,,,,,,,Escalate to CBO and CEO,,,,,,,,,,,,,,,,,,,,,,,,,,,,,,,,,,,,,,,,,,,,,,,,,,,,,,,,,,,,,,,,,,,,,,,,,,,,,,,,,,,,,,,,,,,,,,,,,Y6FfJNR5w~5~,,,
158,Terminator,Flowchart Shapes/Containers,2,4,,,,,,,Great,,,,,,,,,,,,,,,,,,,,,,,,,,,,,,,,,,,,,,,,,,,,,,,,,,,,,,,,,,,,,,,,,,,,,,,,,,,,,,,,,,,,,,,,,,,,,,,,,Y6Ffw.i8_Ebj,,,
159,Process,Flowchart Shapes/Containers,2,4,,,,,,,Connect this with NPS and Artificial,,,,,,,,,,,,,,,,,,,,,,,,,,,,,,,,,,,,,,,,,,,,,,,,,,,,,,,,,,,,,,,,,,,,,,,,,,,,,,,,,,,,,,,,,,,,,,,,,​-9FfV3WxmiZY,,,
160,Process,Flowchart Shapes/Containers,2,45,,,,,,,Paste special the 3 columns so that it wont change when we will change recom. price in future.,,,,,,,,,,,,,,,,,,,,,,,,,,,,,,,,,,,,,,,,,,,,,,,,,,,,,,,,,,,,,,,,,,,,,,,,,,,,,,,,,,,,,,,,,,,,,,,,,BbGf6zlsYi-C,,,
161,Sticky note,Sticky Notes,2,4,,,,,,,"No. of Rating < 15
Star Rating < 4",,,,,,,,,,,,,,,,,,,,,,,,,,,,,,,,,,,,,,,,,,,,,,,,,,,,,,,,,,,,,,,,,,,,,,,,,,,,,,,,,,,,,,,,,,,,,,,,,zeGfuX7d9aDL,,,
162,Process,Flowchart Shapes/Containers,2,5,,,,,,,Seach ASIN in search bar,,,,,,,,,,,,,,,,,,,,,,,,,,,,,,,,,,,,,,,,,,,,,,,,,,,,,,,,,,,,,,,,,,,,,,,,,,,,,,,,,,,,,,,,,,,,,,,,,vnGfDR1Oqbq-,,,
163,Process,Flowchart Shapes/Containers,2,5,,,,,,,"Open                                   Workbook =""NG- Catalog"" Sheet - ""LM O2D""",,,,,,,,,,,,,,,,,,,,,,,,,,,,,,,,,,,,,,,,,,,,,,,,,,,,,,,,,,,,,,,,,,,,,,,,,,,,,,,,,,,,,,,,,,,,,,,,,GsGf8TcBqNDS,,,
164,Process,Flowchart Shapes/Containers,2,5,,,,,,,Check Delivery time in 3 pincodes,,,,,,,,,,,,,,,,,,,,,,,,,,,,,,,,,,,,,,,,,,,,,,,,,,,,,,,,,,,,,,,,,,,,,,,,,,,,,,,,,,,,,,,,,,,,,,,,,9vGfKiiRmQoA,,,
165,User Image,User Images,2,5,,,,,,,,,,,,,,,,,,,,,,,,,,,,,,,,,,,,,,,,,,,,,,,,,,,,,,,,,,,,,,,,,,,,,,,,,,,,,,,,,,,,,,,,,,,,,,,,,,,,,,,,1AGfJvPw09nw,,,
166,Sticky note,Sticky Notes,2,5,,,,,,,"Pincodes to be check
New Delhi - 110024
Bangalore - 560100
Mumbai - 400050
Mention
Same day
Next day
2 day
3 day and so on.",,,,,,,,,,,,,,,,,,,,,,,,,,,,,,,,,,,,,,,,,,,,,,,,,,,,,,,,,,,,,,,,,,,,,,,,,,,,,,,,,,,,,,,,,,,,,,,,,nBGfCAbDq8iy,,,
167,Process,Flowchart Shapes/Containers,2,5,,,,,,,Same day or Next day,,,,,,,,,,,,,,,,,,,,,,,,,,,,,,,,,,,,,,,,,,,,,,,,,,,,,,,,,,,,,,,,,,,,,,,,,,,,,,,,,,,,,,,,,,,,,,,,,WDGfkpYDlTss,,,
168,Process,Flowchart Shapes/Containers,2,5,,,,,,,2 - 3 days,,,,,,,,,,,,,,,,,,,,,,,,,,,,,,,,,,,,,,,,,,,,,,,,,,,,,,,,,,,,,,,,,,,,,,,,,,,,,,,,,,,,,,,,,,,,,,,,,JEGfLjTC-zOS,,,
169,Process,Flowchart Shapes/Containers,2,5,,,,,,,> 3 days,,,,,,,,,,,,,,,,,,,,,,,,,,,,,,,,,,,,,,,,,,,,,,,,,,,,,,,,,,,,,,,,,,,,,,,,,,,,,,,,,,,,,,,,,,,,,,,,,KEGfu8cZOxBW,,,
170,Terminator,Flowchart Shapes/Containers,2,5,,,,,,,Great,,,,,,,,,,,,,,,,,,,,,,,,,,,,,,,,,,,,,,,,,,,,,,,,,,,,,,,,,,,,,,,,,,,,,,,,,,,,,,,,,,,,,,,,,,,,,,,,,HFGfTx3NQBFD,,,
171,Decision,Flowchart Shapes/Containers,2,5,,,,,,,Do RCA,,,,,,,,,,,,,,,,,,,,,,,,,,,,,,,,,,,,,,,,,,,,,,,,,,,,,,,,,,,,,,,,,,,,,,,,,,,,,,,,,,,,,,,,,,,,,,,,,NFGfQSX1AXN3,,,
172,Decision,Flowchart Shapes/Containers,2,5,,,,,,,Is this Direct fullfilment,,,,,,,,,,,,,,,,,,,,,,,,,,,,,,,,,,,,,,,,,,,,,,,,,,,,,,,,,,,,,,,,,,,,,,,,,,,,,,,,,,,,,,,,,,,,,,,,,nJGf_zNk.1b5,,,
173,Sticky note,Sticky Notes,2,5,,,,,,,"Inventory in nearest warehouse.
Technical glitch",,,,,,,,,,,,,,,,,,,,,,,,,,,,,,,,,,,,,,,,,,,,,,,,,,,,,,,,,,,,,,,,,,,,,,,,,,,,,,,,,,,,,,,,,,,,,,,,,mGGf5wCeE0hK,,,
174,Process,Flowchart Shapes/Containers,2,5,,,,,,,Mail to KAM of respective Sales channel,,,,,,,,,,,,,,,,,,,,,,,,,,,,,,,,,,,,,,,,,,,,,,,,,,,,,,,,,,,,,,,,,,,,,,,,,,,,,,,,,,,,,,,,,,,,,,,,,kLGf6yIE8iVm,,,
175,Delay,Flowchart Shapes/Containers,2,5,,,,,,,Wait for reply,,,,,,,,,,,,,,,,,,,,,,,,,,,,,,,,,,,,,,,,,,,,,,,,,,,,,,,,,,,,,,,,,,,,,,,,,,,,,,,,,,,,,,,,,,,,,,,,,kLGfJqz9KWIb,,,
176,Decision,Flowchart Shapes/Containers,2,5,,,,,,,Reply recieved,,,,,,,,,,,,,,,,,,,,,,,,,,,,,,,,,,,,,,,,,,,,,,,,,,,,,,,,,,,,,,,,,,,,,,,,,,,,,,,,,,,,,,,,,,,,,,,,,kLGfkkqq2NDq,,,
177,Decision,Flowchart Shapes/Containers,2,5,,,,,,,Check Now corrected,,,,,,,,,,,,,,,,,,,,,,,,,,,,,,,,,,,,,,,,,,,,,,,,,,,,,,,,,,,,,,,,,,,,,,,,,,,,,,,,,,,,,,,,,,,,,,,,,kLGff7AfCkwu,,,
178,Process,Flowchart Shapes/Containers,2,5,,,,,,,Followup,,,,,,,,,,,,,,,,,,,,,,,,,,,,,,,,,,,,,,,,,,,,,,,,,,,,,,,,,,,,,,,,,,,,,,,,,,,,,,,,,,,,,,,,,,,,,,,,,kLGfPwvxdEwf,,,
179,Terminator,Flowchart Shapes/Containers,2,5,,,,,,,Solved,,,,,,,,,,,,,,,,,,,,,,,,,,,,,,,,,,,,,,,,,,,,,,,,,,,,,,,,,,,,,,,,,,,,,,,,,,,,,,,,,,,,,,,,,,,,,,,,,kLGfZVgR0_mY,,,
180,Process,Flowchart Shapes/Containers,2,5,,,,,,,Get Purchase Order from E-Trade on mail,,,,,,,,,,,,,,,,,,,,,,,,,,,,,,,,,,,,,,,,,,,,,,,,,,,,,,,,,,,,,,,,,,,,,,,,,,,,,,,,,,,,,,,,,,,,,,,,,18GfxXB6-VVS,,,
181,Process,Flowchart Shapes/Containers,2,5,,,,,,,Check Inventory in all 3 Pickup locations,,,,,,,,,,,,,,,,,,,,,,,,,,,,,,,,,,,,,,,,,,,,,,,,,,,,,,,,,,,,,,,,,,,,,,,,,,,,,,,,,,,,,,,,,,,,,,,,,28GfjMLJo3nN,,,
182,Process,Flowchart Shapes/Containers,2,5,,,,,,,Process,,,,,,,,,,,,,,,,,,,,,,,,,,,,,,,,,,,,,,,,,,,,,,,,,,,,,,,,,,,,,,,,,,,,,,,,,,,,,,,,,,,,,,,,,,,,,,,,,zRagjoIhRn94,,,
183,Block,Standard,2,5,,,,,,,Weekly,,,,,,,,,,,,,,,,,,,,,,,,,,,,,,,,,,,,,,,,,,,,,,,,,,,,,,,,,,,,,,,,,,,,,,,,,,,,,,,,,,,,,,,,,,,,,,,,,BWaggn8OsxVs,,,
184,Process,Flowchart Shapes/Containers,2,46,,,,,,,Check Availability,,,,,,,,,,,,,,,,,,,,,,,,,,,,,,,,,,,,,,,,,,,,,,,,,,,,,,,,,,,,,,,,,,,,,,,,,,,,,,,,,,,,,,,,,,,,,,,,,rocgpGW8oCUi,,,
185,Process,Flowchart Shapes/Containers,2,46,,,,,,,"Open Workbook =""Product_Availability report""",,,,,,,,,,,,,,,,,,,,,,,,,,,,,,,,,,,,,,,,,,,,,,,,,,,,,,,,,,,,,,,,,,,,,,,,,,,,,,,,,,,,,,,,,,,,,,,,,rocg-r.M5csh,,,
186,Process,Flowchart Shapes/Containers,2,46,,,,,,,Go to Seller app,,,,,,,,,,,,,,,,,,,,,,,,,,,,,,,,,,,,,,,,,,,,,,,,,,,,,,,,,,,,,,,,,,,,,,,,,,,,,,,,,,,,,,,,,,,,,,,,,rocgZ3cnXcmL,,,
187,Process,Flowchart Shapes/Containers,2,46,,,,,,,Quick Com,,,,,,,,,,,,,,,,,,,,,,,,,,,,,,,,,,,,,,,,,,,,,,,,,,,,,,,,,,,,,,,,,,,,,,,,,,,,,,,,,,,,,,,,,,,,,,,,,rocgaPI~xEKi,,,
188,Process,Flowchart Shapes/Containers,2,46,,,,,,,Export Availability Data,,,,,,,,,,,,,,,,,,,,,,,,,,,,,,,,,,,,,,,,,,,,,,,,,,,,,,,,,,,,,,,,,,,,,,,,,,,,,,,,,,,,,,,,,,,,,,,,,rocge_IJ10ht,,,
189,Sticky note,Sticky Notes,2,46,,,,,,,"Click Metric > Availability
Scroll down to Availability Report.
Select respective period
Click download button",,,,,,,,,,,,,,,,,,,,,,,,,,,,,,,,,,,,,,,,,,,,,,,,,,,,,,,,,,,,,,,,,,,,,,,,,,,,,,,,,,,,,,,,,,,,,,,,,rocggha81W3C,,,
190,User Image,User Images,2,46,,,,,,,,,,,,,,,,,,,,,,,,,,,,,,,,,,,,,,,,,,,,,,,,,,,,,,,,,,,,,,,,,,,,,,,,,,,,,,,,,,,,,,,,,,,,,,,,,,,,,,,,rocgk~nbhKJo,,,
191,Block,Standard,2,46,,,,,,,"Every working day
and
Deal/Special days",,,,,,,,,,,,,,,,,,,,,,,,,,,,,,,,,,,,,,,,,,,,,,,,,,,,,,,,,,,,,,,,,,,,,,,,,,,,,,,,,,,,,,,,,,,,,,,,,rocgUS0d4TbW,,,
192,Sticky note,Sticky Notes,2,46,,,,,,,"Paste special the data in ""Input Raw sheet""
Add formula in last column. Copy paste it from previous data.",,,,,,,,,,,,,,,,,,,,,,,,,,,,,,,,,,,,,,,,,,,,,,,,,,,,,,,,,,,,,,,,,,,,,,,,,,,,,,,,,,,,,,,,,,,,,,,,,BIcgjZ9d-jf-,,,
193,Process,Flowchart Shapes/Containers,2,46,,,,,,,"Go to sheet - ""Tabular Analysis""",,,,,,,,,,,,,,,,,,,,,,,,,,,,,,,,,,,,,,,,,,,,,,,,,,,,,,,,,,,,,,,,,,,,,,,,,,,,,,,,,,,,,,,,,,,,,,,,,6VcgOO3uT.9V,,,
194,Process,Flowchart Shapes/Containers,2,47,,,,,,,Check Visibility,,,,,,,,,,,,,,,,,,,,,,,,,,,,,,,,,,,,,,,,,,,,,,,,,,,,,,,,,,,,,,,,,,,,,,,,,,,,,,,,,,,,,,,,,,,,,,,,,7WfgW9qv_.ia,,,
195,Process,Flowchart Shapes/Containers,2,47,,,,,,,"Open                                   Workbook =""Online NG Master""                       Sheet - ""KEYWORD CHECK""",,,,,,,,,,,,,,,,,,,,,,,,,,,,,,,,,,,,,,,,,,,,,,,,,,,,,,,,,,,,,,,,,,,,,,,,,,,,,,,,,,,,,,,,,,,,,,,,,7WfgOlJLFTk2,,,
196,Process,Flowchart Shapes/Containers,2,47,,,,,,,Search each product on each portal,,,,,,,,,,,,,,,,,,,,,,,,,,,,,,,,,,,,,,,,,,,,,,,,,,,,,,,,,,,,,,,,,,,,,,,,,,,,,,,,,,,,,,,,,,,,,,,,,7WfgQDSkeFO0,,,
197,Process,Flowchart Shapes/Containers,2,47,,,,,,,Quick Com,,,,,,,,,,,,,,,,,,,,,,,,,,,,,,,,,,,,,,,,,,,,,,,,,,,,,,,,,,,,,,,,,,,,,,,,,,,,,,,,,,,,,,,,,,,,,,,,,7WfgoC41o8xG,,,
198,Block,Standard,2,47,,,,,,,Weekly / forward looking as well,,,,,,,,,,,,,,,,,,,,,,,,,,,,,,,,,,,,,,,,,,,,,,,,,,,,,,,,,,,,,,,,,,,,,,,,,,,,,,,,,,,,,,,,,,,,,,,,,7WfgtvBslvp4,,,
199,Sticky note,Sticky Notes,2,47,,,,,,,"This do contain Product, Category and Keyword matrix i.e which product should be visible on which keyword and in which category.",,,,,,,,,,,,,,,,,,,,,,,,,,,,,,,,,,,,,,,,,,,,,,,,,,,,,,,,,,,,,,,,,,,,,,,,,,,,,,,,,,,,,,,,,,,,,,,,,4~fgNCi_lkNA,,,
200,Decision,Flowchart Shapes/Containers,2,47,,,,,,,Enter Y/N/-,,,,,,,,,,,,,,,,,,,,,,,,,,,,,,,,,,,,,,,,,,,,,,,,,,,,,,,,,,,,,,,,,,,,,,,,,,,,,,,,,,,,,,,,,,,,,,,,,Tbggt7I-ntH9,,,
201,Sticky note,Sticky Notes,2,47,,,,,,,"Y      > Yes visible                  N      > Not Visible                    ""-""    > Not applicable (This product should not be visible on this category) ",,,,,,,,,,,,,,,,,,,,,,,,,,,,,,,,,,,,,,,,,,,,,,,,,,,,,,,,,,,,,,,,,,,,,,,,,,,,,,,,,,,,,,,,,,,,,,,,,jcggO_L8cOCE,,,
202,Terminator,Flowchart Shapes/Containers,2,47,,,,,,,Great,,,,,,,,,,,,,,,,,,,,,,,,,,,,,,,,,,,,,,,,,,,,,,,,,,,,,,,,,,,,,,,,,,,,,,,,,,,,,,,,,,,,,,,,,,,,,,,,,IeggM4LfYI5L,,,
203,Process,Flowchart Shapes/Containers,2,47,,,,,,,Escalate to Assistant Manager - Qcom,,,,,,,,,,,,,,,,,,,,,,,,,,,,,,,,,,,,,,,,,,,,,,,,,,,,,,,,,,,,,,,,,,,,,,,,,,,,,,,,,,,,,,,,,,,,,,,,,siggR_ukPJjz,,,
204,Process,Flowchart Shapes/Containers,2,47,,,,,,,Mail to KAM of respective Sales channel,,,,,,,,,,,,,,,,,,,,,,,,,,,,,,,,,,,,,,,,,,,,,,,,,,,,,,,,,,,,,,,,,,,,,,,,,,,,,,,,,,,,,,,,,,,,,,,,,siggYFlkK0v2,,,
205,Delay,Flowchart Shapes/Containers,2,47,,,,,,,Wait for reply,,,,,,,,,,,,,,,,,,,,,,,,,,,,,,,,,,,,,,,,,,,,,,,,,,,,,,,,,,,,,,,,,,,,,,,,,,,,,,,,,,,,,,,,,,,,,,,,,siggQ3GZZmw8,,,
206,Decision,Flowchart Shapes/Containers,2,47,,,,,,,Reply recieved,,,,,,,,,,,,,,,,,,,,,,,,,,,,,,,,,,,,,,,,,,,,,,,,,,,,,,,,,,,,,,,,,,,,,,,,,,,,,,,,,,,,,,,,,,,,,,,,,siggEQTN~gsn,,,
207,Decision,Flowchart Shapes/Containers,2,47,,,,,,,Check Now corrected,,,,,,,,,,,,,,,,,,,,,,,,,,,,,,,,,,,,,,,,,,,,,,,,,,,,,,,,,,,,,,,,,,,,,,,,,,,,,,,,,,,,,,,,,,,,,,,,,sigg4OcsF.M2,,,
208,Process,Flowchart Shapes/Containers,2,47,,,,,,,Followup,,,,,,,,,,,,,,,,,,,,,,,,,,,,,,,,,,,,,,,,,,,,,,,,,,,,,,,,,,,,,,,,,,,,,,,,,,,,,,,,,,,,,,,,,,,,,,,,,siggY9V.X_tI,,,
209,Terminator,Flowchart Shapes/Containers,2,47,,,,,,,Solved,,,,,,,,,,,,,,,,,,,,,,,,,,,,,,,,,,,,,,,,,,,,,,,,,,,,,,,,,,,,,,,,,,,,,,,,,,,,,,,,,,,,,,,,,,,,,,,,,siggyWOm~Uz9,,,
210,Process,Flowchart Shapes/Containers,2,48,,,,,,,Listing,,,,,,,,,,,,,,,,,,,,,,,,,,,,,,,,,,,,,,,,,,,,,,,,,,,,,,,,,,,,,,,,,,,,,,,,,,,,,,,,,,,,,,,,,,,,,,,,,LCugYGf8YKsn,,,
211,Process,Flowchart Shapes/Containers,2,48,,,,,,,Quick Com,,,,,,,,,,,,,,,,,,,,,,,,,,,,,,,,,,,,,,,,,,,,,,,,,,,,,,,,,,,,,,,,,,,,,,,,,,,,,,,,,,,,,,,,,,,,,,,,,TCugeSnTzPua,,,
212,Process,Flowchart Shapes/Containers,2,48,,,,,,,"Open ""Platform"" New Product Ideas",,,,,,,,,,,,,,,,,,,,,,,,,,,,,,,,,,,,,,,,,,,,,,,,,,,,,,,,,,,,,,,,,,,,,,,,,,,,,,,,,,,,,,,,,,,,,,,,,lDugG5FHZyAr,,,
213,Sticky note,Sticky Notes,2,48,,,,,,,"Sales team decide to lauch some products after discussio with NPD team and CEO. Insert name of those products in this sheet.
Separate sheet for each month for each platform.
Blinkit December-2025 is attached as an example.",,,,,,,,,,,,,,,,,,,,,,,,,,,,,,,,,,,,,,,,,,,,,,,,,,,,,,,,,,,,,,,,,,,,,,,,,,,,,,,,,,,,,,,,,,,,,,,,,pGug7RatNOKy,,,
214,Process,Flowchart Shapes/Containers,2,48,,,,,,,Preparation of Presentation,,,,,,,,,,,,,,,,,,,,,,,,,,,,,,,,,,,,,,,,,,,,,,,,,,,,,,,,,,,,,,,,,,,,,,,,,,,,,,,,,,,,,,,,,,,,,,,,,VKugvsb2Sc3T,,,
215,Decision,Flowchart Shapes/Containers,2,48,,,,,,,Discussion with Platform KAM,,,,,,,,,,,,,,,,,,,,,,,,,,,,,,,,,,,,,,,,,,,,,,,,,,,,,,,,,,,,,,,,,,,,,,,,,,,,,,,,,,,,,,,,,,,,,,,,,EMugNubhhHbc,,,
216,Sticky note,Sticky Notes,2,48,,,,,,,"Catalog team prepare the presentation for KAM of platform on Product mentioned in workbook ""New Product ideas""",,,,,,,,,,,,,,,,,,,,,,,,,,,,,,,,,,,,,,,,,,,,,,,,,,,,,,,,,,,,,,,,,,,,,,,,,,,,,,,,,,,,,,,,,,,,,,,,,EPugRTFyGVlg,,,
217,Process,Flowchart Shapes/Containers,2,48,,,,,,,Approved,,,,,,,,,,,,,,,,,,,,,,,,,,,,,,,,,,,,,,,,,,,,,,,,,,,,,,,,,,,,,,,,,,,,,,,,,,,,,,,,,,,,,,,,,,,,,,,,,UZugSdRv_gCY,,,
218,Decision,Flowchart Shapes/Containers,2,48,,,,,,,Revision Required,,,,,,,,,,,,,,,,,,,,,,,,,,,,,,,,,,,,,,,,,,,,,,,,,,,,,,,,,,,,,,,,,,,,,,,,,,,,,,,,,,,,,,,,,,,,,,,,,XZug0Gm-QN~B,,,
219,Process,Flowchart Shapes/Containers,2,48,,,,,,,Do Revision as discussed,,,,,,,,,,,,,,,,,,,,,,,,,,,,,,,,,,,,,,,,,,,,,,,,,,,,,,,,,,,,,,,,,,,,,,,,,,,,,,,,,,,,,,,,,,,,,,,,,90ugCbN9Dyt4,,,
220,Terminator,Flowchart Shapes/Containers,2,48,,,,,,,Drop,,,,,,,,,,,,,,,,,,,,,,,,,,,,,,,,,,,,,,,,,,,,,,,,,,,,,,,,,,,,,,,,,,,,,,,,,,,,,,,,,,,,,,,,,,,,,,,,,~0ugg6B_lqBQ,,,
221,Process,Flowchart Shapes/Containers,2,48,,,,,,,"Add this product in ""NPD product detail Master sheet"" ",,,,,,,,,,,,,,,,,,,,,,,,,,,,,,,,,,,,,,,,,,,,,,,,,,,,,,,,,,,,,,,,,,,,,,,,,,,,,,,,,,,,,,,,,,,,,,,,,82ugQelalLZM,,,
222,Process,Flowchart Shapes/Containers,2,48,,,,,,,Creation of Creatives,,,,,,,,,,,,,,,,,,,,,,,,,,,,,,,,,,,,,,,,,,,,,,,,,,,,,,,,,,,,,,,,,,,,,,,,,,,,,,,,,,,,,,,,,,,,,,,,,fwwg.jes7~x0,,,
223,Sticky note,Sticky Notes,2,48,,,,,,,"Some details can be taken from NPD master sheet.
For balance data discuss with NPD team.
UPC code will be generated by ERP department.",,,,,,,,,,,,,,,,,,,,,,,,,,,,,,,,,,,,,,,,,,,,,,,,,,,,,,,,,,,,,,,,,,,,,,,,,,,,,,,,,,,,,,,,,,,,,,,,,YDwgXcE4Agz3,,,
224,Sticky note,Sticky Notes,2,48,,,,,,,"Catalog team do online research
Take look at competitors
Blogs
Google and Ai search
Past catalog etc.
Discussion with NPD
Samples of creatives are in canva. (Link in attachement)
Further instructions are attached in PDF",,,,,,,,,,,,,,,,,,,,,,,,,,,,,,,,,,,,,,,,,,,,,,,,,,,,,,,,,,,,,,,,,,,,,,,,,,,,,,,,,,,,,,,,,,,,,,,,,aLwgYi1jGeMq,,,
225,Process,Flowchart Shapes/Containers,2,48,,,,,,,Upload creative in google drive,,,,,,,,,,,,,,,,,,,,,,,,,,,,,,,,,,,,,,,,,,,,,,,,,,,,,,,,,,,,,,,,,,,,,,,,,,,,,,,,,,,,,,,,,,,,,,,,,cQwgbA-j~fKi,,,
226,Process,Flowchart Shapes/Containers,2,48,,,,,,,"Prepare ""New listing Template""",,,,,,,,,,,,,,,,,,,,,,,,,,,,,,,,,,,,,,,,,,,,,,,,,,,,,,,,,,,,,,,,,,,,,,,,,,,,,,,,,,,,,,,,,,,,,,,,,aYwgQkFZlqJ.,,,
227,Sticky note,Sticky Notes,2,48,,,,,,,"Different template for each platform
In this we write all details as required for listing
For images - provide link of images which are uploaoded in Google drive.",,,,,,,,,,,,,,,,,,,,,,,,,,,,,,,,,,,,,,,,,,,,,,,,,,,,,,,,,,,,,,,,,,,,,,,,,,,,,,,,,,,,,,,,,,,,,,,,,LYwgsFpTQkpJ,,,
228,Process,Flowchart Shapes/Containers,2,48,,,,,,,Mail this to respective platform KAM,,,,,,,,,,,,,,,,,,,,,,,,,,,,,,,,,,,,,,,,,,,,,,,,,,,,,,,,,,,,,,,,,,,,,,,,,,,,,,,,,,,,,,,,,,,,,,,,,0Wxgb~9yDQfb,,,
229,Process,Flowchart Shapes/Containers,2,48,,,,,,,Reveiw listing,,,,,,,,,,,,,,,,,,,,,,,,,,,,,,,,,,,,,,,,,,,,,,,,,,,,,,,,,,,,,,,,,,,,,,,,,,,,,,,,,,,,,,,,,,,,,,,,,VYxgr1luLQ48,,,
230,Decision,Flowchart Shapes/Containers,2,48,,,,,,,As expected?,,,,,,,,,,,,,,,,,,,,,,,,,,,,,,,,,,,,,,,,,,,,,,,,,,,,,,,,,,,,,,,,,,,,,,,,,,,,,,,,,,,,,,,,,,,,,,,,,AZxg7iPBh-hL,,,
231,Process,Flowchart Shapes/Containers,2,48,,,,,,,Escalate to Assistant Manager - Qcom,,,,,,,,,,,,,,,,,,,,,,,,,,,,,,,,,,,,,,,,,,,,,,,,,,,,,,,,,,,,,,,,,,,,,,,,,,,,,,,,,,,,,,,,,,,,,,,,,AZxgeW7qbtlw,,,
232,Terminator,Flowchart Shapes/Containers,2,48,,,,,,,Great,,,,,,,,,,,,,,,,,,,,,,,,,,,,,,,,,,,,,,,,,,,,,,,,,,,,,,,,,,,,,,,,,,,,,,,,,,,,,,,,,,,,,,,,,,,,,,,,,AZxgW46U.64Z,,,
233,Process,Flowchart Shapes/Containers,2,48,,,,,,,Mail to KAM of respective Sales channel,,,,,,,,,,,,,,,,,,,,,,,,,,,,,,,,,,,,,,,,,,,,,,,,,,,,,,,,,,,,,,,,,,,,,,,,,,,,,,,,,,,,,,,,,,,,,,,,,AZxgbE4Qd-Qd,,,
234,Delay,Flowchart Shapes/Containers,2,48,,,,,,,Wait for reply,,,,,,,,,,,,,,,,,,,,,,,,,,,,,,,,,,,,,,,,,,,,,,,,,,,,,,,,,,,,,,,,,,,,,,,,,,,,,,,,,,,,,,,,,,,,,,,,,AZxgo~_pbV9A,,,
235,Decision,Flowchart Shapes/Containers,2,48,,,,,,,Reply recieved,,,,,,,,,,,,,,,,,,,,,,,,,,,,,,,,,,,,,,,,,,,,,,,,,,,,,,,,,,,,,,,,,,,,,,,,,,,,,,,,,,,,,,,,,,,,,,,,,AZxg18-2aI1j,,,
236,Decision,Flowchart Shapes/Containers,2,48,,,,,,,Check Now corrected,,,,,,,,,,,,,,,,,,,,,,,,,,,,,,,,,,,,,,,,,,,,,,,,,,,,,,,,,,,,,,,,,,,,,,,,,,,,,,,,,,,,,,,,,,,,,,,,,AZxgi4nvO~bu,,,
237,Process,Flowchart Shapes/Containers,2,48,,,,,,,Followup,,,,,,,,,,,,,,,,,,,,,,,,,,,,,,,,,,,,,,,,,,,,,,,,,,,,,,,,,,,,,,,,,,,,,,,,,,,,,,,,,,,,,,,,,,,,,,,,,AZxg2kUtpCq-,,,
238,Terminator,Flowchart Shapes/Containers,2,48,,,,,,,Solved,,,,,,,,,,,,,,,,,,,,,,,,,,,,,,,,,,,,,,,,,,,,,,,,,,,,,,,,,,,,,,,,,,,,,,,,,,,,,,,,,,,,,,,,,,,,,,,,,AZxgIel1vC45,,,
239,Terminator,Flowchart Shapes/Containers,2,46,,,,,,,Great,,,,,,,,,,,,,,,,,,,,,,,,,,,,,,,,,,,,,,,,,,,,,,,,,,,,,,,,,,,,,,,,,,,,,,,,,,,,,,,,,,,,,,,,,,,,,,,,,0aCgWpNrh~29,,,
240,Decision,Flowchart Shapes/Containers,2,46,,,,,,,Identify the reason,,,,,,,,,,,,,,,,,,,,,,,,,,,,,,,,,,,,,,,,,,,,,,,,,,,,,,,,,,,,,,,,,,,,,,,,,,,,,,,,,,,,,,,,,,,,,,,,,nbCgB39ON9NV,,,
241,Sticky note,Sticky Notes,2,46,,,,,,,"Table in it wil show the availability%
It can filtered (slicer) on basis of
Platform
Item Name
Dark store ID
Date
City",,,,,,,,,,,,,,,,,,,,,,,,,,,,,,,,,,,,,,,,,,,,,,,,,,,,,,,,,,,,,,,,,,,,,,,,,,,,,,,,,,,,,,,,,,,,,,,,,jWcgXHInhm8D,,,
242,Process,Flowchart Shapes/Containers,2,46,,,,,,,NPD product (need to expand),,,,,,,,,,,,,,,,,,,,,,,,,,,,,,,,,,,,,,,,,,,,,,,,,,,,,,,,,,,,,,,,,,,,,,,,,,,,,,,,,,,,,,,,,,,,,,,,,ciCgqF6eo4kh,,,
243,Process,Flowchart Shapes/Containers,2,46,,,,,,,Out of stock as a result of good DRR,,,,,,,,,,,,,,,,,,,,,,,,,,,,,,,,,,,,,,,,,,,,,,,,,,,,,,,,,,,,,,,,,,,,,,,,,,,,,,,,,,,,,,,,,,,,,,,,,giCgUkcRsKf7,,,
244,Process,Flowchart Shapes/Containers,2,46,,,,,,,Poor Fill rate,,,,,,,,,,,,,,,,,,,,,,,,,,,,,,,,,,,,,,,,,,,,,,,,,,,,,,,,,,,,,,,,,,,,,,,,,,,,,,,,,,,,,,,,,,,,,,,,,TiCgIdifMEMK,,,
245,Process,Flowchart Shapes/Containers,2,46,,,,,,,Poor DRR,,,,,,,,,,,,,,,,,,,,,,,,,,,,,,,,,,,,,,,,,,,,,,,,,,,,,,,,,,,,,,,,,,,,,,,,,,,,,,,,,,,,,,,,,,,,,,,,,1iCgExE64Sir,,,
246,Process,Flowchart Shapes/Containers,2,46,,,,,,,Link with Catalogue and Visibility,,,,,,,,,,,,,,,,,,,,,,,,,,,,,,,,,,,,,,,,,,,,,,,,,,,,,,,,,,,,,,,,,,,,,,,,,,,,,,,,,,,,,,,,,,,,,,,,,7lCguVUu0raN,,,
247,Process,Flowchart Shapes/Containers,2,46,,,,,,,Get PO For all the cities for which we should expand,,,,,,,,,,,,,,,,,,,,,,,,,,,,,,,,,,,,,,,,,,,,,,,,,,,,,,,,,,,,,,,,,,,,,,,,,,,,,,,,,,,,,,,,,,,,,,,,,9lCgHKgDFnrT,,,
248,Process,Flowchart Shapes/Containers,2,46,,,,,,,Get replishment PO as soon as possible,,,,,,,,,,,,,,,,,,,,,,,,,,,,,,,,,,,,,,,,,,,,,,,,,,,,,,,,,,,,,,,,,,,,,,,,,,,,,,,,,,,,,,,,,,,,,,,,,​-lCgF89nWuK9,,,
249,Process,Flowchart Shapes/Containers,2,6,,,,,,,Research,,,,,,,,,,,,,,,,,,,,,,,,,,,,,,,,,,,,,,,,,,,,,,,,,,,,,,,,,,,,,,,,,,,,,,,,,,,,,,,,,,,,,,,,,,,,,,,,,ZQPgMjN7t32o,,DEFAULT_EMPTY,Primary_0
250,Document,Flowchart Shapes/Containers,2,6,,,,,,,Prepare a research dock of High potential products,,,,,,,,,,,,,,,,,,,,,,,,,,,,,,,,,,,,,,,,,,,,,,,,,,,,,,,,,,,,,,,,,,,,,,,,,,,,,,,,,,,,,,,,,,,,,,,,,ZQPghFZhqpJk,,DEFAULT_EMPTY,Primary_0
251,Preparation,Flowchart Shapes/Containers,2,6,,,,,,,6 month category level and 3 month Product level,,,,,,,,,,,,,,,,,,,,,,,,,,,,,,,,,,,,,,,,,,,,,,,,,,,,,,,,,,,,,,,,,,,,,,,,,,,,,,,,,,,,,,,,,,,,,,,,,ZQPgpkX~r0xp,,DEFAULT_EMPTY,Primary_0
252,Decision,Flowchart Shapes/Containers,2,6,,,,,,,Approve?,,,,,,,,,,,,,,,,,,,,,,,,,,,,,,,,,,,,,,,,,,,,,,,,,,,,,,,,,,,,,,,,,,,,,,,,,,,,,,,,,,,,,,,,,,,,,,,,,ZQPgMufneAT_,,DEFAULT_EMPTY,Primary_0
253,Decision,Flowchart Shapes/Containers,2,6,,,,,,,Revision required,,,,,,,,,,,,,,,,,,,,,,,,,,,,,,,,,,,,,,,,,,,,,,,,,,,,,,,,,,,,,,,,,,,,,,,,,,,,,,,,,,,,,,,,,,,,,,,,,ZQPgHXcj1Ft_,,DEFAULT_EMPTY,Primary_0
254,Process,Flowchart Shapes/Containers,2,6,,,,,,,Do required revision,,,,,,,,,,,,,,,,,,,,,,,,,,,,,,,,,,,,,,,,,,,,,,,,,,,,,,,,,,,,,,,,,,,,,,,,,,,,,,,,,,,,,,,,,,,,,,,,,ZQPg408twZcP,,DEFAULT_EMPTY,Primary_0
255,Decision,Flowchart Shapes/Containers,2,6,,,,,,,Drop,,,,,,,,,,,,,,,,,,,,,,,,,,,,,,,,,,,,,,,,,,,,,,,,,,,,,,,,,,,,,,,,,,,,,,,,,,,,,,,,,,,,,,,,,,,,,,,,,ZQPgA1y5eiiH,,DEFAULT_EMPTY,Primary_0
256,Document,Flowchart Shapes/Containers,2,6,,,,,,,"Add detail in NPD_Master_Sheet Sheet-""Project Tracking sheet""",,,,,,,,,,,,,,,,,,,,,,,,,,,,,,,,,,,,,,,,,,,,,,,,,,,,,,,,,,,,,,,,,,,,,,,,,,,,,,,,,,,,,,,,,,,,,,,,,ZQPg-ksI._uX,,DEFAULT_EMPTY,Primary_0
257,Cloud,Geometric Shapes,2,6,,,,,,,Discussion between NPD team and CEO,,,,,,,,,,,,,,,,,,,,,,,,,,,,,,,,,,,,,,,,,,,,,,,,,,,,,,,,,,,,,,,,,,,,,,,,,,,,,,,,,,,,,,,,,,,,,,,,,ZQPg5DSfXkzP,,DEFAULT_EMPTY,Primary_0
258,Decision,Flowchart Shapes/Containers,2,6,,,,,,,Now Approved?,,,,,,,,,,,,,,,,,,,,,,,,,,,,,,,,,,,,,,,,,,,,,,,,,,,,,,,,,,,,,,,,,,,,,,,,,,,,,,,,,,,,,,,,,,,,,,,,,ZQPgJkLgaK87,,DEFAULT_EMPTY,Primary_0
259,Sticky note,Sticky Notes,2,6,,,,,,,"Category
Image
Description
 Brand
Packing detail
Launch date
Available Channel",,,,,,,,,,,,,,,,,,,,,,,,,,,,,,,,,,,,,,,,,,,,,,,,,,,,,,,,,,,,,,,,,,,,,,,,,,,,,,,,,,,,,,,,,,,,,,,,,ZQPg1xTwn.ln,,DEFAULT_EMPTY,Primary_0
260,Process,Flowchart Shapes/Containers,2,6,,,,,,,Identify Competitor and their price,,,,,,,,,,,,,,,,,,,,,,,,,,,,,,,,,,,,,,,,,,,,,,,,,,,,,,,,,,,,,,,,,,,,,,,,,,,,,,,,,,,,,,,,,,,,,,,,,0QPgCgy4WYQF,,,
261,Process,Flowchart Shapes/Containers,2,6,,,,,,,Calculate our SP and TC (Target Cost),,,,,,,,,,,,,,,,,,,,,,,,,,,,,,,,,,,,,,,,,,,,,,,,,,,,,,,,,,,,,,,,,,,,,,,,,,,,,,,,,,,,,,,,,,,,,,,,,0QPgXA04R1F3,,,
262,Process,Flowchart Shapes/Containers,2,6,,,,,,,Identify different vendors,,,,,,,,,,,,,,,,,,,,,,,,,,,,,,,,,,,,,,,,,,,,,,,,,,,,,,,,,,,,,,,,,,,,,,,,,,,,,,,,,,,,,,,,,,,,,,,,,0QPgly-giZlF,,,
263,Process,Flowchart Shapes/Containers,2,6,,,,,,,Raise first Purchase Order,,,,,,,,,,,,,,,,,,,,,,,,,,,,,,,,,,,,,,,,,,,,,,,,,,,,,,,,,,,,,,,,,,,,,,,,,,,,,,,,,,,,,,,,,,,,,,,,,0QPgZQRMWvB.,,,
264,Decision,Flowchart Shapes/Containers,2,6,,,,,,,Within target price,,,,,,,,,,,,,,,,,,,,,,,,,,,,,,,,,,,,,,,,,,,,,,,,,,,,,,,,,,,,,,,,,,,,,,,,,,,,,,,,,,,,,,,,,,,,,,,,,0QPgMlcnG50c,,,
265,Process,Flowchart Shapes/Containers,2,6,,,,,,,Ask for Silver Sample along with Cost,,,,,,,,,,,,,,,,,,,,,,,,,,,,,,,,,,,,,,,,,,,,,,,,,,,,,,,,,,,,,,,,,,,,,,,,,,,,,,,,,,,,,,,,,,,,,,,,,0QPgMPhiD81k,,,
266,Process,Flowchart Shapes/Containers,2,6,,,,,,,Try Hard negotiation along with CEO. ,,,,,,,,,,,,,,,,,,,,,,,,,,,,,,,,,,,,,,,,,,,,,,,,,,,,,,,,,,,,,,,,,,,,,,,,,,,,,,,,,,,,,,,,,,,,,,,,,0QPglKDThgCX,,,
267,Decision,Flowchart Shapes/Containers,2,6,,,,,,,Passed,,,,,,,,,,,,,,,,,,,,,,,,,,,,,,,,,,,,,,,,,,,,,,,,,,,,,,,,,,,,,,,,,,,,,,,,,,,,,,,,,,,,,,,,,,,,,,,,,0QPgmw2Q8S_S,,,
268,Process,Flowchart Shapes/Containers,2,6,,,,,,,Discussion on Various T&C,,,,,,,,,,,,,,,,,,,,,,,,,,,,,,,,,,,,,,,,,,,,,,,,,,,,,,,,,,,,,,,,,,,,,,,,,,,,,,,,,,,,,,,,,,,,,,,,,0QPgx-d.UrQ6,,,
269,Decision,Flowchart Shapes/Containers,2,6,,,,,,,"Reject, Now",,,,,,,,,,,,,,,,,,,,,,,,,,,,,,,,,,,,,,,,,,,,,,,,,,,,,,,,,,,,,,,,,,,,,,,,,,,,,,,,,,,,,,,,,,,,,,,,,0QPgF3c_We6G,,,
270,Sticky note,Sticky Notes,2,6,,,,,,,"Cost
Lead time
Payment terms
QC check
and drafting of vendor contract",,,,,,,,,,,,,,,,,,,,,,,,,,,,,,,,,,,,,,,,,,,,,,,,,,,,,,,,,,,,,,,,,,,,,,,,,,,,,,,,,,,,,,,,,,,,,,,,,0QPgUZGoKfsB,,,
271,Decision,Flowchart Shapes/Containers,2,6,,,,,,,Golden Sample possible before FPO,,,,,,,,,,,,,,,,,,,,,,,,,,,,,,,,,,,,,,,,,,,,,,,,,,,,,,,,,,,,,,,,,,,,,,,,,,,,,,,,,,,,,,,,,,,,,,,,,0QPg2J_wJBDE,,,
272,Process,Flowchart Shapes/Containers,2,6,,,,,,,Ask for it,,,,,,,,,,,,,,,,,,,,,,,,,,,,,,,,,,,,,,,,,,,,,,,,,,,,,,,,,,,,,,,,,,,,,,,,,,,,,,,,,,,,,,,,,,,,,,,,,0QPgGZXE6e_C,,,
273,Decision,Flowchart Shapes/Containers,2,6,,,,,,,Passed?,,,,,,,,,,,,,,,,,,,,,,,,,,,,,,,,,,,,,,,,,,,,,,,,,,,,,,,,,,,,,,,,,,,,,,,,,,,,,,,,,,,,,,,,,,,,,,,,,0QPgduIbdk3N,,,
274,Decision,Flowchart Shapes/Containers,2,6,,,,,,,Earlier golden sample received,,,,,,,,,,,,,,,,,,,,,,,,,,,,,,,,,,,,,,,,,,,,,,,,,,,,,,,,,,,,,,,,,,,,,,,,,,,,,,,,,,,,,,,,,,,,,,,,,0QPgEjfHN-qv,,,
275,Process,Flowchart Shapes/Containers,2,6,,,,,,,Production would be run at vendor end,,,,,,,,,,,,,,,,,,,,,,,,,,,,,,,,,,,,,,,,,,,,,,,,,,,,,,,,,,,,,,,,,,,,,,,,,,,,,,,,,,,,,,,,,,,,,,,,,0QPgVK22BE..,,,
276,Multiple documents,Flowchart Shapes/Containers,2,6,,,,,,,Vendor Creation,,,,,,,,,,,,,,,,,,,,,,,,,,,,,,,,,,,,,,,,,,,,,,,,,,,,,,,,,,,,,,,,,,,,,,,,,,,,,,,,,,,,,,,,,,,,,,,,,0QPgh.sNK66T,,,
277,Process,Flowchart Shapes/Containers,2,6,,,,,,,Ask for golden sample,,,,,,,,,,,,,,,,,,,,,,,,,,,,,,,,,,,,,,,,,,,,,,,,,,,,,,,,,,,,,,,,,,,,,,,,,,,,,,,,,,,,,,,,,,,,,,,,,0QPgz~4fmyqj,,,
278,Decision,Flowchart Shapes/Containers,2,6,,,,,,,Received and Check. Passed?,,,,,,,,,,,,,,,,,,,,,,,,,,,,,,,,,,,,,,,,,,,,,,,,,,,,,,,,,,,,,,,,,,,,,,,,,,,,,,,,,,,,,,,,,,,,,,,,,0QPgOFm4Fl2d,,,
279,Terminator,Flowchart Shapes/Containers,2,6,,,,,,,Intiate cancellation of PO,,,,,,,,,,,,,,,,,,,,,,,,,,,,,,,,,,,,,,,,,,,,,,,,,,,,,,,,,,,,,,,,,,,,,,,,,,,,,,,,,,,,,,,,,,,,,,,,,0QPgEdr8~EIf,,,
280,Process,Flowchart Shapes/Containers,2,6,,,,,,,Include Purchase planing team from First PO,,,,,,,,,,,,,,,,,,,,,,,,,,,,,,,,,,,,,,,,,,,,,,,,,,,,,,,,,,,,,,,,,,,,,,,,,,,,,,,,,,,,,,,,,,,,,,,,,0QPgjUZ-GWCT,,,
281,Process,Flowchart Shapes/Containers,2,6,,,,,,,Prepare BOM,,,,,,,,,,,,,,,,,,,,,,,,,,,,,,,,,,,,,,,,,,,,,,,,,,,,,,,,,,,,,,,,,,,,,,,,,,,,,,,,,,,,,,,,,,,,,,,,,0QPgsRRsKvEl,,,
282,Text,Standard,2,,,,,,,,Sales,,,,,,,,,,,,,,,,,,,,,,,,,,,,,,,,,,,,,,,,,,,,,,,,,,,,,,,,,,,,,,,,,,,,,,,,,,,,,,,,,,,,,,,,,,,,,,,,,f6Rga~Y1GKZ-,,,
283,Process,Flowchart Shapes/Containers,2,,,,,,,,Replication,,,,,,,,,,,,,,,,,,,,,,,,,,,,,,,,,,,,,,,,,,,,,,,,,,,,,,,,,,,,,,,,,,,,,,,,,,,,,,,,,,,,,,,,,,,,,,,,,CbSgZ~DDrHYR,,,
284,Process,Flowchart Shapes/Containers,2,,,,,,,,Pricing Check,,,,,,,,,,,,,,,,,,,,,,,,,,,,,,,,,,,,,,,,,,,,,,,,,,,,,,,,,,,,,,,,,,,,,,,,,,,,,,,,,,,,,,,,,,,,,,,,,9bSgIv4SK1Wb,,,
285,Process,Flowchart Shapes/Containers,2,,,,,,,,Quick Commerce,,,,,,,,,,,,,,,,,,,,,,,,,,,,,,,,,,,,,,,,,,,,,,,,,,,,,,,,,,,,,,,,,,,,,,,,,,,,,,,,,,,,,,,,,,,,,,,,,hcSg6hmGggRO,,,
286,Process,Flowchart Shapes/Containers,2,,,,,,,,DOC,,,,,,,,,,,,,,,,,,,,,,,,,,,,,,,,,,,,,,,,,,,,,,,,,,,,,,,,,,,,,,,,,,,,,,,,,,,,,,,,,,,,,,,,,,,,,,,,,0cSgxFfnG10O,,,
287,Process,Flowchart Shapes/Containers,2,,,,,,,,E-com,,,,,,,,,,,,,,,,,,,,,,,,,,,,,,,,,,,,,,,,,,,,,,,,,,,,,,,,,,,,,,,,,,,,,,,,,,,,,,,,,,,,,,,,,,,,,,,,,IdSgbj3ybEZz,,,
288,Process,Flowchart Shapes/Containers,2,,,,,,,,Catalog,,,,,,,,,,,,,,,,,,,,,,,,,,,,,,,,,,,,,,,,,,,,,,,,,,,,,,,,,,,,,,,,,,,,,,,,,,,,,,,,,,,,,,,,,,,,,,,,,_eSgco7N4NO_,,,
289,Process,Flowchart Shapes/Containers,2,,,,,,,,Discount,,,,,,,,,,,,,,,,,,,,,,,,,,,,,,,,,,,,,,,,,,,,,,,,,,,,,,,,,,,,,,,,,,,,,,,,,,,,,,,,,,,,,,,,,,,,,,,,,olSgnGe-7EG5,,,
290,Process,Flowchart Shapes/Containers,2,,,,,,,,Quick Commerce,,,,,,,,,,,,,,,,,,,,,,,,,,,,,,,,,,,,,,,,,,,,,,,,,,,,,,,,,,,,,,,,,,,,,,,,,,,,,,,,,,,,,,,,,,,,,,,,,IlSged24R0t1,,,
291,Process,Flowchart Shapes/Containers,2,,,,,,,,E-com,,,,,,,,,,,,,,,,,,,,,,,,,,,,,,,,,,,,,,,,,,,,,,,,,,,,,,,,,,,,,,,,,,,,,,,,,,,,,,,,,,,,,,,,,,,,,,,,,IlSgSLg9GeZA,,,
292,Process,Flowchart Shapes/Containers,2,,,,,,,,Supression Check,,,,,,,,,,,,,,,,,,,,,,,,,,,,,,,,,,,,,,,,,,,,,,,,,,,,,,,,,,,,,,,,,,,,,,,,,,,,,,,,,,,,,,,,,,,,,,,,,dmSgO53JbxKS,,,
293,Process,Flowchart Shapes/Containers,2,,,,,,,,Quick Commerce,,,,,,,,,,,,,,,,,,,,,,,,,,,,,,,,,,,,,,,,,,,,,,,,,,,,,,,,,,,,,,,,,,,,,,,,,,,,,,,,,,,,,,,,,,,,,,,,,dmSgmYutjz2l,,,
294,Process,Flowchart Shapes/Containers,2,,,,,,,,E-com,,,,,,,,,,,,,,,,,,,,,,,,,,,,,,,,,,,,,,,,,,,,,,,,,,,,,,,,,,,,,,,,,,,,,,,,,,,,,,,,,,,,,,,,,,,,,,,,,dmSgezXZm.KF,,,
295,Process,Flowchart Shapes/Containers,2,,,,,,,,Availability,,,,,,,,,,,,,,,,,,,,,,,,,,,,,,,,,,,,,,,,,,,,,,,,,,,,,,,,,,,,,,,,,,,,,,,,,,,,,,,,,,,,,,,,,,,,,,,,,ouSgTR8G0dQ6,,,
296,Process,Flowchart Shapes/Containers,2,,,,,,,,Fill Rate Check,,,,,,,,,,,,,,,,,,,,,,,,,,,,,,,,,,,,,,,,,,,,,,,,,,,,,,,,,,,,,,,,,,,,,,,,,,,,,,,,,,,,,,,,,,,,,,,,,vuSg_.iDrskd,,,
297,Process,Flowchart Shapes/Containers,2,,,,,,,,Review,,,,,,,,,,,,,,,,,,,,,,,,,,,,,,,,,,,,,,,,,,,,,,,,,,,,,,,,,,,,,,,,,,,,,,,,,,,,,,,,,,,,,,,,,,,,,,,,,qASgvn1hON77,,,
298,Process,Flowchart Shapes/Containers,2,,,,,,,,Quick Commerce,,,,,,,,,,,,,,,,,,,,,,,,,,,,,,,,,,,,,,,,,,,,,,,,,,,,,,,,,,,,,,,,,,,,,,,,,,,,,,,,,,,,,,,,,,,,,,,,,qASg-lfj0jrL,,,
299,Process,Flowchart Shapes/Containers,2,,,,,,,,E-com,,,,,,,,,,,,,,,,,,,,,,,,,,,,,,,,,,,,,,,,,,,,,,,,,,,,,,,,,,,,,,,,,,,,,,,,,,,,,,,,,,,,,,,,,,,,,,,,,qASgXUd3zV0S,,,
300,Process,Flowchart Shapes/Containers,2,,,,,,,,Visibility,,,,,,,,,,,,,,,,,,,,,,,,,,,,,,,,,,,,,,,,,,,,,,,,,,,,,,,,,,,,,,,,,,,,,,,,,,,,,,,,,,,,,,,,,,,,,,,,,VASg.bwusZiB,,,
301,Process,Flowchart Shapes/Containers,2,,,,,,,,Organic,,,,,,,,,,,,,,,,,,,,,,,,,,,,,,,,,,,,,,,,,,,,,,,,,,,,,,,,,,,,,,,,,,,,,,,,,,,,,,,,,,,,,,,,,,,,,,,,,bBSgF7RtS5el,,,
302,Process,Flowchart Shapes/Containers,2,,,,,,,,Paid,,,,,,,,,,,,,,,,,,,,,,,,,,,,,,,,,,,,,,,,,,,,,,,,,,,,,,,,,,,,,,,,,,,,,,,,,,,,,,,,,,,,,,,,,,,,,,,,,UBSgKJGCzVR9,,,
303,Process,Flowchart Shapes/Containers,2,,,,,,,,Rating Check,,,,,,,,,,,,,,,,,,,,,,,,,,,,,,,,,,,,,,,,,,,,,,,,,,,,,,,,,,,,,,,,,,,,,,,,,,,,,,,,,,,,,,,,,,,,,,,,,_JSgCZKULgTe,,,
304,Process,Flowchart Shapes/Containers,2,,,,,,,,Quick Commerce,,,,,,,,,,,,,,,,,,,,,,,,,,,,,,,,,,,,,,,,,,,,,,,,,,,,,,,,,,,,,,,,,,,,,,,,,,,,,,,,,,,,,,,,,,,,,,,,,_JSgNuJW2Hq.,,,
305,Process,Flowchart Shapes/Containers,2,,,,,,,,E-com,,,,,,,,,,,,,,,,,,,,,,,,,,,,,,,,,,,,,,,,,,,,,,,,,,,,,,,,,,,,,,,,,,,,,,,,,,,,,,,,,,,,,,,,,,,,,,,,,_JSgC1ciNvK8,,,
306,Process,Flowchart Shapes/Containers,2,,,,,,,,LM O2D,,,,,,,,,,,,,,,,,,,,,,,,,,,,,,,,,,,,,,,,,,,,,,,,,,,,,,,,,,,,,,,,,,,,,,,,,,,,,,,,,,,,,,,,,,,,,,,,,lUSg3IXvxohr,,,
307,Process,Flowchart Shapes/Containers,2,,,,,,,,Quick Commerce,,,,,,,,,,,,,,,,,,,,,,,,,,,,,,,,,,,,,,,,,,,,,,,,,,,,,,,,,,,,,,,,,,,,,,,,,,,,,,,,,,,,,,,,,,,,,,,,,lUSgEWwB4DGg,,,
308,Process,Flowchart Shapes/Containers,2,,,,,,,,Quick Commerce,,,,,,,,,,,,,,,,,,,,,,,,,,,,,,,,,,,,,,,,,,,,,,,,,,,,,,,,,,,,,,,,,,,,,,,,,,,,,,,,,,,,,,,,,,,,,,,,,rVSgKzMByK7J,,,
309,Process,Flowchart Shapes/Containers,2,,,,,,,,E-com,,,,,,,,,,,,,,,,,,,,,,,,,,,,,,,,,,,,,,,,,,,,,,,,,,,,,,,,,,,,,,,,,,,,,,,,,,,,,,,,,,,,,,,,,,,,,,,,,rVSgjp7dqi8Y,,,
310,Process,Flowchart Shapes/Containers,2,,,,,,,,Quick Commerce,,,,,,,,,,,,,,,,,,,,,,,,,,,,,,,,,,,,,,,,,,,,,,,,,,,,,,,,,,,,,,,,,,,,,,,,,,,,,,,,,,,,,,,,,,,,,,,,,AVSgJ4dcXN7N,,,
311,Process,Flowchart Shapes/Containers,2,,,,,,,,E-com,,,,,,,,,,,,,,,,,,,,,,,,,,,,,,,,,,,,,,,,,,,,,,,,,,,,,,,,,,,,,,,,,,,,,,,,,,,,,,,,,,,,,,,,,,,,,,,,,AVSgVX4LjTBQ,,,
312,Process,Flowchart Shapes/Containers,2,,,,,,,,Quick Commerce,,,,,,,,,,,,,,,,,,,,,,,,,,,,,,,,,,,,,,,,,,,,,,,,,,,,,,,,,,,,,,,,,,,,,,,,,,,,,,,,,,,,,,,,,,,,,,,,,DVSgNxZEq0.I,,,
313,Process,Flowchart Shapes/Containers,2,,,,,,,,E-com,,,,,,,,,,,,,,,,,,,,,,,,,,,,,,,,,,,,,,,,,,,,,,,,,,,,,,,,,,,,,,,,,,,,,,,,,,,,,,,,,,,,,,,,,,,,,,,,,DVSgi8oaiekO,,,
314,Process,Flowchart Shapes/Containers,2,,,,,,,,Keyword/Category Check,,,,,,,,,,,,,,,,,,,,,,,,,,,,,,,,,,,,,,,,,,,,,,,,,,,,,,,,,,,,,,,,,,,,,,,,,,,,,,,,,,,,,,,,,,,,,,,,,g6SgSHsXbaN3,,,
315,Process,Flowchart Shapes/Containers,2,,,,,,,,Deals,,,,,,,,,,,,,,,,,,,,,,,,,,,,,,,,,,,,,,,,,,,,,,,,,,,,,,,,,,,,,,,,,,,,,,,,,,,,,,,,,,,,,,,,,,,,,,,,,D7SggVOm5ltX,,,
316,Sticky note,Sticky Notes,2,6,,,,,,,"1.	Conduct research on global and Indian markets to identify emerging customer needs, seasonal demand patterns, and product trends.",,,,,,,,,,,,,,,,,,,,,,,,,,,,,,,,,,,,,,,,,,,,,,,,,,,,,,,,,,,,,,,,,,,,,,,,,,,,,,,,,,,,,,,,,,,,,,,,,YVTgr-3vjta-,,,
317,Sticky note,Sticky Notes,2,6,,,,,,,"Open Item master
Click new
Enter
Item name
display name
Tally name
Generally same
Store (default not rigid)
Group Name
Category
RM FG etc
Asset Type
Unit
Alternate unit
Item Description
Costing method
FIFO
Market valuation Model
Packing unit
Each
Inspection Required?
Then got ot item attributes
Pot category'
Group code
Utility
Group code
",,,,,,,,,,,,,,,,,,,,,,,,,,,,,,,,,,,,,,,,,,,,,,,,,,,,,,,,,,,,,,,,,,,,,,,,,,,,,,,,,,,,,,,,,,,,,,,,,n4Ug3Drr4Kuc,,,
318,Diamond,Geometric Shapes,2,8,,,,,,,Check and Approval with Management along with sales team,,,,,,,,,,,,,,,,,,,,,,,,,,,,,,,,,,,,,,,,,,,,,,,,,,,,,,,,,,,,,,,,,,,,,,,,,,,,,,,,,,,,,,,,,,,,,,,,,t2uhcOUkDhDY,,,
319,Rectangle,Geometric Shapes,2,8,,,,,,,Any changes in projections shall be made simultaneously and  get approved.,,,,,,,,,,,,,,,,,,,,,,,,,,,,,,,,,,,,,,,,,,,,,,,,,,,,,,,,,,,,,,,,,,,,,,,,,,,,,,,,,,,,,,,,,,,,,,,,,t2uhUuR_UGuJ,,,
320,Hexagon,Geometric Shapes,2,8,,,,,,,"Consolidate all FG Sales projection  - ""Sales Projection Consolidated""",,,,,,,,,,,,,,,,,,,,,,,,,,,,,,,,,,,,,,,,,,,,,,,,,,,,,,,,,,,,,,,,,,,,,,,,,,,,,,,,,,,,,,,,,,,,,,,,,t2uh7ksbd8rq,,,
321,Octagon,Geometric Shapes,2,8,,,,,,,Convert FG projection into 'FG to RM Conversion',,,,,,,,,,,,,,,,,,,,,,,,,,,,,,,,,,,,,,,,,,,,,,,,,,,,,,,,,,,,,,,,,,,,,,,,,,,,,,,,,,,,,,,,,,,,,,,,,t2uhp_-vzfoA,,,
322,Octagon,Geometric Shapes,2,8,,,,,,,Prepare 'RM Purchase Planing',,,,,,,,,,,,,,,,,,,,,,,,,,,,,,,,,,,,,,,,,,,,,,,,,,,,,,,,,,,,,,,,,,,,,,,,,,,,,,,,,,,,,,,,,,,,,,,,,t2uh0mZEiwLq,,,
323,Octagon,Geometric Shapes,2,8,,,,,,,Vendor Distribution Sheet,,,,,,,,,,,,,,,,,,,,,,,,,,,,,,,,,,,,,,,,,,,,,,,,,,,,,,,,,,,,,,,,,,,,,,,,,,,,,,,,,,,,,,,,,,,,,,,,,t2uh2Qbo5puR,,,
324,Sticky note,Sticky Notes,2,8,,,,,,,"All these needs to be check at Sales partner & channel level :-
Check trend of DRR
Previous Sales VS Projection deviation
Quantity wise
Revenue wise
NPD adjustement
Expected Sale event
Discuss where SKU wise deviation > 10% from previous months means V3 and V2 of M+2.",,,,,,,,,,,,,,,,,,,,,,,,,,,,,,,,,,,,,,,,,,,,,,,,,,,,,,,,,,,,,,,,,,,,,,,,,,,,,,,,,,,,,,,,,,,,,,,,,t2uhwhIEFlt~,,,
325,Block,Standard,2,8,,,,,,,by 2nd of Every Month,,,,,,,,,,,,,,,,,,,,,,,,,,,,,,,,,,,,,,,,,,,,,,,,,,,,,,,,,,,,,,,,,,,,,,,,,,,,,,,,,,,,,,,,,,,,,,,,,t2uhb5zbSXut,,,
326,Block,Standard,2,8,,,,,,,by 25th of Every Month,,,,,,,,,,,,,,,,,,,,,,,,,,,,,,,,,,,,,,,,,,,,,,,,,,,,,,,,,,,,,,,,,,,,,,,,,,,,,,,,,,,,,,,,,,,,,,,,,t2uh8RUfMESh,,,
327,Block,Standard,2,8,,,,,,,"Convert FG Purchase into RM requirement using the latest BOM sheet to ensure no NPD items are missed and to incorporate any modifications.
Separate UOM by de-eliminating quantities and UOM, allowing for multiplication by projected quantities for each month.
Utilize existing criteria for retail batch production to finalize monthly RM Codes requirements.
Refer annexure in 'RM Purchase Planning' for replacement products.",,,,,,,,,,,,,,,,,,,,,,,,,,,,,,,,,,,,,,,,,,,,,,,,,,,,,,,,,,,,,,,,,,,,,,,,,,,,,,,,,,,,,,,,,,,,,,,,,t2uhOKIberWQ,,,
328,Block,Standard,2,8,,,,,,,"RM purchase planning
Calculate final demand using below logic
Demand = SOH + All open POs  - all months projected consumption - buffer",,,,,,,,,,,,,,,,,,,,,,,,,,,,,,,,,,,,,,,,,,,,,,,,,,,,,,,,,,,,,,,,,,,,,,,,,,,,,,,,,,,,,,,,,,,,,,,,,t2uhW2od40I0,,,
329,Block,Standard,2,8,,,,,,,"Logics
Buffer - 
If Weighted_DAC (From latest critical sheet) > = 50 days then 15 days
else 7 days

All month projected consumption include respective Projected month and months preceeding to it. For example on 30th Nov, while calculating 
Jan PO - only M+1 + m2 consumption 
Feb Proj. - M+1 consumption + M+2 consumption + M3 Proj.  
March Proj. - M1 consumption +M2+ M3+ M4 proj. 

Buffer - Only of the respective month",,,,,,,,,,,,,,,,,,,,,,,,,,,,,,,,,,,,,,,,,,,,,,,,,,,,,,,,,,,,,,,,,,,,,,,,,,,,,,,,,,,,,,,,,,,,,,,,,t2uhVJ2.DSIh,,,
330,Block,Standard,2,8,,,,,,,"Allocate Demand for M+4 to different vendors considering following :-
Priority
Price
Quality (Should pass QC check)
Logistic cost
Payment terms
For M+4
Allocate Max available to P1
Balance to P2, P3 based on pricing  & product mix to optimise logistics cost.
Seek written confirmation with Product pictures.
For M+2 and M+3
Adjust changes in actual demand due to change in sale pattern.
Seek written re-confirmation with product and bed pictures.
Raise PO for M+2 accordingly.
If there is short in confirmed qty of M+2, M+3 or M+4, then go to P2, P3 and so on accordingly.
If no vendor confirm the complete required qty then Escalate.",,,,,,,,,,,,,,,,,,,,,,,,,,,,,,,,,,,,,,,,,,,,,,,,,,,,,,,,,,,,,,,,,,,,,,,,,,,,,,,,,,,,,,,,,,,,,,,,,t2uhgJWMKi3H,,,
331,Decision,Flowchart Shapes/Containers,2,8,,,,,,,Confirmation ,,,,,,,,,,,,,,,,,,,,,,,,,,,,,,,,,,,,,,,,,,,,,,,,,,,,,,,,,,,,,,,,,,,,,,,,,,,,,,,,,,,,,,,,,,,,,,,,,t2uhWPToNP16,,,
332,Process,Flowchart Shapes/Containers,2,8,,,,,,,Raise PO,,,,,,,,,,,,,,,,,,,,,,,,,,,,,,,,,,,,,,,,,,,,,,,,,,,,,,,,,,,,,,,,,,,,,,,,,,,,,,,,,,,,,,,,,,,,,,,,,t2uhdusTMr-w,,,
333,Block,Standard,2,8,,,,,,,"Considered to be received only when all bed Images SKU level for M+4, M+3 and M+2 are received",,,,,,,,,,,,,,,,,,,,,,,,,,,,,,,,,,,,,,,,,,,,,,,,,,,,,,,,,,,,,,,,,,,,,,,,,,,,,,,,,,,,,,,,,,,,,,,,,t2uhcHRzhogq,,,
334,Process,Flowchart Shapes/Containers,2,9,,,,,,,Connect with Critical,,,,,,,,,,,,,,,,,,,,,,,,,,,,,,,,,,,,,,,,,,,,,,,,,,,,,,,,,,,,,,,,,,,,,,,,,,,,,,,,,,,,,,,,,,,,,,,,,nRhiXrhTbgzr,,,
335,Block,Standard,2,8,,,,,,,by 7th of Every Month,,,,,,,,,,,,,,,,,,,,,,,,,,,,,,,,,,,,,,,,,,,,,,,,,,,,,,,,,,,,,,,,,,,,,,,,,,,,,,,,,,,,,,,,,,,,,,,,,77hip97~EoVp,,,
336,Block,Standard,2,8,,,,,,,by 7th of Every Month,,,,,,,,,,,,,,,,,,,,,,,,,,,,,,,,,,,,,,,,,,,,,,,,,,,,,,,,,,,,,,,,,,,,,,,,,,,,,,,,,,,,,,,,,,,,,,,,,i8hiDNiyM8WY,,,
337,Process,Flowchart Shapes/Containers,2,9,,,,,,,Raise PO,,,,,,,,,,,,,,,,,,,,,,,,,,,,,,,,,,,,,,,,,,,,,,,,,,,,,,,,,,,,,,,,,,,,,,,,,,,,,,,,,,,,,,,,,,,,,,,,,zgiinfEiSQ1d,,,
338,Block,Standard,2,9,,,,,,,by 20th of Every Month,,,,,,,,,,,,,,,,,,,,,,,,,,,,,,,,,,,,,,,,,,,,,,,,,,,,,,,,,,,,,,,,,,,,,,,,,,,,,,,,,,,,,,,,,,,,,,,,,v8hiojK3QpmM,,,
339,Process,Flowchart Shapes/Containers,2,9,,,,,,,Send & Confirm tentative disptach date to vendor,,,,,,,,,,,,,,,,,,,,,,,,,,,,,,,,,,,,,,,,,,,,,,,,,,,,,,,,,,,,,,,,,,,,,,,,,,,,,,,,,,,,,,,,,,,,,,,,,5liiH5bxjtqE,,,
340,Process,Flowchart Shapes/Containers,2,8,,,,,,,"Enter Availability in Workbook -  ""Vendor Wise distribution Sheet"" Sheet - ""Plant & Non Plant Avl""",,,,,,,,,,,,,,,,,,,,,,,,,,,,,,,,,,,,,,,,,,,,,,,,,,,,,,,,,,,,,,,,,,,,,,,,,,,,,,,,,,,,,,,,,,,,,,,,,VBiiP9Sx6cjG,,,
341,Process,Flowchart Shapes/Containers,2,9,,,,,,,Book Logistic,,,,,,,,,,,,,,,,,,,,,,,,,,,,,,,,,,,,,,,,,,,,,,,,,,,,,,,,,,,,,,,,,,,,,,,,,,,,,,,,,,,,,,,,,,,,,,,,,VEiir-ebhrHz,,,
342,Process,Flowchart Shapes/Containers,2,9,,,,,,,Align on mutual dispatch date,,,,,,,,,,,,,,,,,,,,,,,,,,,,,,,,,,,,,,,,,,,,,,,,,,,,,,,,,,,,,,,,,,,,,,,,,,,,,,,,,,,,,,,,,,,,,,,,,~EiiNPQfjDu5,,,
343,Process,Flowchart Shapes/Containers,2,9,,,,,,,Download PO Report from ERP,,,,,,,,,,,,,,,,,,,,,,,,,,,,,,,,,,,,,,,,,,,,,,,,,,,,,,,,,,,,,,,,,,,,,,,,,,,,,,,,,,,,,,,,,,,,,,,,,YgiinpvqV7rE,,,
344,Block,Standard,2,9,,,,,,,On tentative dispatch date,,,,,,,,,,,,,,,,,,,,,,,,,,,,,,,,,,,,,,,,,,,,,,,,,,,,,,,,,,,,,,,,,,,,,,,,,,,,,,,,,,,,,,,,,,,,,,,,,​-GiiVrTlu.Xa,,,
345,Block,Standard,2,9,,,,,,,by 20th of Every Month,,,,,,,,,,,,,,,,,,,,,,,,,,,,,,,,,,,,,,,,,,,,,,,,,,,,,,,,,,,,,,,,,,,,,,,,,,,,,,,,,,,,,,,,,,,,,,,,,YGiiJSSbllqW,,,
346,Process,Flowchart Shapes/Containers,2,9,,,,,,,Change status of respective trip to In-transit,,,,,,,,,,,,,,,,,,,,,,,,,,,,,,,,,,,,,,,,,,,,,,,,,,,,,,,,,,,,,,,,,,,,,,,,,,,,,,,,,,,,,,,,,,,,,,,,,XYiiyncVujdE,,,
347,Process,Flowchart Shapes/Containers,2,9,,,,,,,Follow-up with Driver in between,,,,,,,,,,,,,,,,,,,,,,,,,,,,,,,,,,,,,,,,,,,,,,,,,,,,,,,,,,,,,,,,,,,,,,,,,,,,,,,,,,,,,,,,,,,,,,,,,~Ziio0pv5rSC,,,
348,Process,Flowchart Shapes/Containers,2,,,,,,,,Angad,,,,,,,,,,,,,,,,,,,,,,,,,,,,,,,,,,,,,,,,,,,,,,,,,,,,,,,,,,,,,,,,,,,,,,,,,,,,,,,,,,,,,,,,,,,,,,,,,e~iitCVUaVa3,,,
349,Process,Flowchart Shapes/Containers,2,,,,,,,,done with pricing,,,,,,,,,,,,,,,,,,,,,,,,,,,,,,,,,,,,,,,,,,,,,,,,,,,,,,,,,,,,,,,,,,,,,,,,,,,,,,,,,,,,,,,,,,,,,,,,,u~iiiDvnTXzG,,,
350,Process,Flowchart Shapes/Containers,2,,,,,,,,Sid,,,,,,,,,,,,,,,,,,,,,,,,,,,,,,,,,,,,,,,,,,,,,,,,,,,,,,,,,,,,,,,,,,,,,,,,,,,,,,,,,,,,,,,,,,,,,,,,,tajiMoaM-ixn,,,
351,Process,Flowchart Shapes/Containers,2,,,,,,,,Sid,,,,,,,,,,,,,,,,,,,,,,,,,,,,,,,,,,,,,,,,,,,,,,,,,,,,,,,,,,,,,,,,,,,,,,,,,,,,,,,,,,,,,,,,,,,,,,,,,zajihu2xtpxI,,,
352,Process,Flowchart Shapes/Containers,2,,,,,,,,Same as Quick com,,,,,,,,,,,,,,,,,,,,,,,,,,,,,,,,,,,,,,,,,,,,,,,,,,,,,,,,,,,,,,,,,,,,,,,,,,,,,,,,,,,,,,,,,,,,,,,,,ibji45N8~rR5,,,
353,Process,Flowchart Shapes/Containers,2,,,,,,,,Connect with Pincode wise availability,,,,,,,,,,,,,,,,,,,,,,,,,,,,,,,,,,,,,,,,,,,,,,,,,,,,,,,,,,,,,,,,,,,,,,,,,,,,,,,,,,,,,,,,,,,,,,,,,vbjiE8PPv68~,,,
354,Process,Flowchart Shapes/Containers,2,,,,,,,,covered in discount,,,,,,,,,,,,,,,,,,,,,,,,,,,,,,,,,,,,,,,,,,,,,,,,,,,,,,,,,,,,,,,,,,,,,,,,,,,,,,,,,,,,,,,,,,,,,,,,,5cji3V1jmkaU,,,
355,Process,Flowchart Shapes/Containers,2,6|7,,,,,,,Logon ERP,,,,,,,,,,,,,,,,,,,,,,,,,,,,,,,,,,,,,,,,,,,,,,,,,,,,,,,,,,,,,,,,,,,,,,,,,,,,,,,,,,,,,,,,,,,,,,,,,E_jiiuhU_hQK,,,
356,Process,Flowchart Shapes/Containers,2,6|7,,,,,,,Open Vendor Master,,,,,,,,,,,,,,,,,,,,,,,,,,,,,,,,,,,,,,,,,,,,,,,,,,,,,,,,,,,,,,,,,,,,,,,,,,,,,,,,,,,,,,,,,,,,,,,,,lakiILtGjYoP,,,
357,Process,Flowchart Shapes/Containers,2,6|7,,,,,,,Click New,,,,,,,,,,,,,,,,,,,,,,,,,,,,,,,,,,,,,,,,,,,,,,,,,,,,,,,,,,,,,,,,,,,,,,,,,,,,,,,,,,,,,,,,,,,,,,,,,ickivzP761hq,,,
358,Sticky note,Sticky Notes,2,6|7,,,,,,,"Name
Name in tally (same as 1st)
Print Name (same as 1st)
Address
Pincode
GST Type
Regular - unregular
Non register - unregistered
State
Country
City (if not in dropdown create using city master)
Mail Id
Phone Number
GSTIN No.
Tax details
PAN No.
Default tax template
Save
Note :-
We can create customer account of same party by simply tick on ""treat as customer"" option
",,,,,,,,,,,,,,,,,,,,,,,,,,,,,,,,,,,,,,,,,,,,,,,,,,,,,,,,,,,,,,,,,,,,,,,,,,,,,,,,,,,,,,,,,,,,,,,,,Wckixm6wT4e.,,,
359,Process,Flowchart Shapes/Containers,2,6|7,,,,,,,Enter/Modify follwing details,,,,,,,,,,,,,,,,,,,,,,,,,,,,,,,,,,,,,,,,,,,,,,,,,,,,,,,,,,,,,,,,,,,,,,,,,,,,,,,,,,,,,,,,,,,,,,,,,mpkix-0-xL5t,,,
360,Process,Flowchart Shapes/Containers,2,6|7,,,,,,,Click Edit,,,,,,,,,,,,,,,,,,,,,,,,,,,,,,,,,,,,,,,,,,,,,,,,,,,,,,,,,,,,,,,,,,,,,,,,,,,,,,,,,,,,,,,,,,,,,,,,,GqkiawQHxGC-,,,
361,Process,Flowchart Shapes/Containers,2,6|7,,,,,,,Click Save,,,,,,,,,,,,,,,,,,,,,,,,,,,,,,,,,,,,,,,,,,,,,,,,,,,,,,,,,,,,,,,,,,,,,,,,,,,,,,,,,,,,,,,,,,,,,,,,,yrkitTLMH.VZ,,,
362,Decision,Flowchart Shapes/Containers,2,6|7,,,,,,,Need to link in other warehouses?,,,,,,,,,,,,,,,,,,,,,,,,,,,,,,,,,,,,,,,,,,,,,,,,,,,,,,,,,,,,,,,,,,,,,,,,,,,,,,,,,,,,,,,,,,,,,,,,,ypliDP~JhFAV,,,
363,Process,Flowchart Shapes/Containers,2,6|7,,,,,,,"Open ""Party Branch Link Master (Branch wise)",,,,,,,,,,,,,,,,,,,,,,,,,,,,,,,,,,,,,,,,,,,,,,,,,,,,,,,,,,,,,,,,,,,,,,,,,,,,,,,,,,,,,,,,,,,,,,,,,hqli4LKtX90Z,,,
364,Terminator,Flowchart Shapes/Containers,2,6|7,,,,,,,No Action required,,,,,,,,,,,,,,,,,,,,,,,,,,,,,,,,,,,,,,,,,,,,,,,,,,,,,,,,,,,,,,,,,,,,,,,,,,,,,,,,,,,,,,,,,,,,,,,,,zqlid2WyBwSr,,,
365,Process,Flowchart Shapes/Containers,2,6|7,,,,,,,Select Branch in which you want to add an existing vendor,,,,,,,,,,,,,,,,,,,,,,,,,,,,,,,,,,,,,,,,,,,,,,,,,,,,,,,,,,,,,,,,,,,,,,,,,,,,,,,,,,,,,,,,,,,,,,,,,7qliVezGyPkR,,,
366,Process,Flowchart Shapes/Containers,2,6|7,,,,,,,Tick the respective vendor,,,,,,,,,,,,,,,,,,,,,,,,,,,,,,,,,,,,,,,,,,,,,,,,,,,,,,,,,,,,,,,,,,,,,,,,,,,,,,,,,,,,,,,,,,,,,,,,,dxlilMs.LpAb,,,
367,Terminator,Flowchart Shapes/Containers,2,6|7,,,,,,,Vendor Created in that branch,,,,,,,,,,,,,,,,,,,,,,,,,,,,,,,,,,,,,,,,,,,,,,,,,,,,,,,,,,,,,,,,,,,,,,,,,,,,,,,,,,,,,,,,,,,,,,,,,PyliFCl0Y5Kw,,,
368,Process,Flowchart Shapes/Containers,2,10,,,,,,,"Go to ""Amazon Vendor Central""",,,,,,,,,,,,,,,,,,,,,,,,,,,,,,,,,,,,,,,,,,,,,,,,,,,,,,,,,,,,,,,,,,,,,,,,,,,,,,,,,,,,,,,,,,,,,,,,,​-dmi5k4qzICH,,,
369,Process,Flowchart Shapes/Containers,2,46,,,,,,,Escalate to SCM Head,,,,,,,,,,,,,,,,,,,,,,,,,,,,,,,,,,,,,,,,,,,,,,,,,,,,,,,,,,,,,,,,,,,,,,,,,,,,,,,,,,,,,,,,,,,,,,,,,IGmihhS3~C-o,,,
370,Decision,Flowchart Shapes/Containers,2,10,,,,,,,Is DF?,,,,,,,,,,,,,,,,,,,,,,,,,,,,,,,,,,,,,,,,,,,,,,,,,,,,,,,,,,,,,,,,,,,,,,,,,,,,,,,,,,,,,,,,,,,,,,,,,0KmiKrel-drF,,,
371,Process,Flowchart Shapes/Containers,2,10,,,,,,,Open ERP,,,,,,,,,,,,,,,,,,,,,,,,,,,,,,,,,,,,,,,,,,,,,,,,,,,,,,,,,,,,,,,,,,,,,,,,,,,,,,,,,,,,,,,,,,,,,,,,,KLmi_lSVjcX4,,,
372,Process,Flowchart Shapes/Containers,2,10,,,,,,,Download Stock Register of each warehouse,,,,,,,,,,,,,,,,,,,,,,,,,,,,,,,,,,,,,,,,,,,,,,,,,,,,,,,,,,,,,,,,,,,,,,,,,,,,,,,,,,,,,,,,,,,,,,,,,sNmicoDVpy6V,,,
373,Process,Flowchart Shapes/Containers,2,10,,,,,,,"Open ""Stock Region Wise""",,,,,,,,,,,,,,,,,,,,,,,,,,,,,,,,,,,,,,,,,,,,,,,,,,,,,,,,,,,,,,,,,,,,,,,,,,,,,,,,,,,,,,,,,,,,,,,,,C~miWN0BNU3A,,,
374,Process,Flowchart Shapes/Containers,2,10,,,,,,,Special paste all three warehouse inventory in respective sheet in this workbook,,,,,,,,,,,,,,,,,,,,,,,,,,,,,,,,,,,,,,,,,,,,,,,,,,,,,,,,,,,,,,,,,,,,,,,,,,,,,,,,,,,,,,,,,,,,,,,,,0~miBsbExTxA,,,
375,Process,Flowchart Shapes/Containers,2,10,,,,,,,"Go to Sheet - ""Latest Inventory""",,,,,,,,,,,,,,,,,,,,,,,,,,,,,,,,,,,,,,,,,,,,,,,,,,,,,,,,,,,,,,,,,,,,,,,,,,,,,,,,,,,,,,,,,,,,,,,,,zani6ZTNN7k_,,,
376,Process,Flowchart Shapes/Containers,2,10,,,,,,,Go to > Direct Fullfillment Inventory > Update with a spreedsheet,,,,,,,,,,,,,,,,,,,,,,,,,,,,,,,,,,,,,,,,,,,,,,,,,,,,,,,,,,,,,,,,,,,,,,,,,,,,,,,,,,,,,,,,,,,,,,,,,HcniK1Q3G.JG,,,
377,Process,Flowchart Shapes/Containers,2,10,,,,,,,Select All Warehouses > Download inventory file,,,,,,,,,,,,,,,,,,,,,,,,,,,,,,,,,,,,,,,,,,,,,,,,,,,,,,,,,,,,,,,,,,,,,,,,,,,,,,,,,,,,,,,,,,,,,,,,,9cniBESn79in,,,
378,Process,Flowchart Shapes/Containers,2,10,,,,,,,"Use SUMIFS to fill Available units from ""Stock Region wise"" to ""amazon inventory template""",,,,,,,,,,,,,,,,,,,,,,,,,,,,,,,,,,,,,,,,,,,,,,,,,,,,,,,,,,,,,,,,,,,,,,,,,,,,,,,,,,,,,,,,,,,,,,,,,7dniUL1BlICr,,,
379,Terminator,Flowchart Shapes/Containers,2,10,,,,,,,"Again click ""Update with a spreedsheet"" > Browse template workbook > Upload",,,,,,,,,,,,,,,,,,,,,,,,,,,,,,,,,,,,,,,,,,,,,,,,,,,,,,,,,,,,,,,,,,,,,,,,,,,,,,,,,,,,,,,,,,,,,,,,,xgniyle3pnt9,,,
380,Process,Flowchart Shapes/Containers,2,10,,,,,,,SLA -   Alternative days  within 45 mins,,,,,,,,,,,,,,,,,,,,,,,,,,,,,,,,,,,,,,,,,,,,,,,,,,,,,,,,,,,,,,,,,,,,,,,,,,,,,,,,,,,,,,,,,,,,,,,,,IAniJl2y5QX0,,,
381,Process,Flowchart Shapes/Containers,2,10,,,,,,,Primary Responsibility - Assistant Manager Ecom  I  Secondary  Responsibility - AGM (Online) (Sumit),,,,,,,,,,,,,,,,,,,,,,,,,,,,,,,,,,,,,,,,,,,,,,,,,,,,,,,,,,,,,,,,,,,,,,,,,,,,,,,,,,,,,,,,,,,,,,,,,IAnicuxdFJXi,,,
382,Table,Tables,2,,,,,,,,Names,Designations,Amjath R,Manager,Annu Grover,CEO,VidyaSagar J,Assistant Manager,Anurag Singh,Senior Executive,Brajesh Kumar,Executive,Chetan Vishnu Shirke,Assistant Manager,Gaurav,Executive,Javith RBJ,Executive,Jitendra Panchal,Senior Executive,Karishma Kumari,Executive,Lalit,Executive,Mayank Gupta,Manager,Sandeep Sharma,Senior Executive,Sandeep Vishwas (ERP),Senior Executive,Shivani Gupta,AVP,Sidharth Gupta,Manager,Mithun C L,Manager,Soni Kumari,Manager,Keshav Thakur,Senior Executive,Akhilesh Panwar,AGM,Neha Ranjan,Assistant Manager,Tejaswi Solanki,Senior Executive,Ulhas Gopal Farde,Executive,Yash Lalwani,Assistant Manager,Pritam Kumar,Senior Executive,Angad Kumar Singh,Assistant Manager,Mohan Kumar H S,Executive,Swati Singh,Executive,Rishabh Gupta,Executive,Ashok Kumar,AGM,Dharmendra Singh Rawat,AGM,Shashank Chauhan,AGM,Ajay Dayanand Malve,Executive,Hardik Aggarwal,Executive,Vinod Kumar,Executive,Gautan Jadaun,Executive,Parinay,Consultant,Rishabh Chouhan,Asst Mgr,Happy Garg,Senior Mgr,Pranav Garg,Senior Mgr,Vicky Rawat,Intern,Anil Kumar Sahani,Executive,Vikram Maroti Motewar,Executive,Neeraj,Asst Mgr,Krishna Murthy,Executive,Himanshi Kapoor,Manager,Srishti Maithani,Asst Mgr,,pBniWhJypecY,,,
383,Process,Flowchart Shapes/Containers,2,12,,,,,,,Zepto,,,,,,,,,,,,,,,,,,,,,,,,,,,,,,,,,,,,,,,,,,,,,,,,,,,,,,,,,,,,,,,,,,,,,,,,,,,,,,,,,,,,,,,,,,,,,,,,,qcwjkQrEGDCt,,,
384,Process,Flowchart Shapes/Containers,2,12,,,,,,,Open Zepto seller portal,,,,,,,,,,,,,,,,,,,,,,,,,,,,,,,,,,,,,,,,,,,,,,,,,,,,,,,,,,,,,,,,,,,,,,,,,,,,,,,,,,,,,,,,,,,,,,,,,ycwjbk2s81aU,,,
385,Process,Flowchart Shapes/Containers,2,12,,,,,,,Go to PO management > PO life cycle > select required date range > line item (max 30 days) > submit,,,,,,,,,,,,,,,,,,,,,,,,,,,,,,,,,,,,,,,,,,,,,,,,,,,,,,,,,,,,,,,,,,,,,,,,,,,,,,,,,,,,,,,,,,,,,,,,,QgwjCFtqmRcC,,,
386,Process,Flowchart Shapes/Containers,2,12,,,,,,,Donwload report from report section,,,,,,,,,,,,,,,,,,,,,,,,,,,,,,,,,,,,,,,,,,,,,,,,,,,,,,,,,,,,,,,,,,,,,,,,,,,,,,,,,,,,,,,,,,,,,,,,,jkwjOT5e5Y_s,,,
387,Sticky note,Sticky Notes,2,12,,,,,,,"This report do contain status of all PO raised in this period.
Separate time from PO date column using deliminator option in excel itself.
Possible status of PO
Cancelled
Expired
Pending GRN
Complete
Remove PO which is cancelled. (Check status) because they are not considered in excel fill rate calculation.
Make PIVOT
Rows
SKU
SKU description
Values
Sum of qty
Sum of GRN quantity
columns
PO date
Filter
Vendor Code
Insert calculated filed
Name - Fill rate %
Formula - ""GRN Qunatity / PO qty""
Insert the calcualted fill rate in ""Online Review sheet"" for each week using xlookup.
Vendor Code explantion
Plant
1406
1416
1627
Non-Plant
32486
32488",,,,,,,,,,,,,,,,,,,,,,,,,,,,,,,,,,,,,,,,,,,,,,,,,,,,,,,,,,,,,,,,,,,,,,,,,,,,,,,,,,,,,,,,,,,,,,,,,8kwjpK~rPGY2,,,
388,Decision,Flowchart Shapes/Containers,2,12,,,,,,,Review Fill rate,,,,,,,,,,,,,,,,,,,,,,,,,,,,,,,,,,,,,,,,,,,,,,,,,,,,,,,,,,,,,,,,,,,,,,,,,,,,,,,,,,,,,,,,,,,,,,,,,OFwjSD_8~rnA,,,
389,Process,Flowchart Shapes/Containers,2,12,,,,,,,Decision,,,,,,,,,,,,,,,,,,,,,,,,,,,,,,,,,,,,,,,,,,,,,,,,,,,,,,,,,,,,,,,,,,,,,,,,,,,,,,,,,,,,,,,,,,,,,,,,,oGwjvT9kpj7l,,,
390,Process,Flowchart Shapes/Containers,2,12,,,,,,,Blinkit,,,,,,,,,,,,,,,,,,,,,,,,,,,,,,,,,,,,,,,,,,,,,,,,,,,,,,,,,,,,,,,,,,,,,,,,,,,,,,,,,,,,,,,,,,,,,,,,,F~wjvi2OGtS7,,,
391,Process,Flowchart Shapes/Containers,2,12,,,,,,,"Automated Mail from Blinkit on each monday ""Plants - Nurturing green Performance Summary with data""",,,,,,,,,,,,,,,,,,,,,,,,,,,,,,,,,,,,,,,,,,,,,,,,,,,,,,,,,,,,,,,,,,,,,,,,,,,,,,,,,,,,,,,,,,,,,,,,,F~wjg2QMq76W,,,
392,Process,Flowchart Shapes/Containers,2,12,,,,,,,"Download sheet have ""Warehouse_fill"" in its name",,,,,,,,,,,,,,,,,,,,,,,,,,,,,,,,,,,,,,,,,,,,,,,,,,,,,,,,,,,,,,,,,,,,,,,,,,,,,,,,,,,,,,,,,,,,,,,,,CmxjqlZYjrkU,,,
393,Sticky note,Sticky Notes,2,12,,,,,,,"Separte mail for plant and gardening having below subject line
Plants - Nurturing green Performance Summary with data
Gardening - Nurturing green Performance Summary with data",,,,,,,,,,,,,,,,,,,,,,,,,,,,,,,,,,,,,,,,,,,,,,,,,,,,,,,,,,,,,,,,,,,,,,,,,,,,,,,,,,,,,,,,,,,,,,,,,6nxj5JzrQBGc,,,
394,Sticky note,Sticky Notes,2,12,,,,,,,"Prepare week column
Insert week range using PO expiry date.
Range mentioned already in Email.
Make PIVOT
Rows
item_id
item_name
Values
Sum of po_qty
Sum of grn_quantity
columns
Week
Values
Insert calculated filed
Name - Fill rate %
Formula - ""GRN Qunatity / PO qty""",,,,,,,,,,,,,,,,,,,,,,,,,,,,,,,,,,,,,,,,,,,,,,,,,,,,,,,,,,,,,,,,,,,,,,,,,,,,,,,,,,,,,,,,,,,,,,,,,T-xjshlbfmW0,,,
395,Process,Flowchart Shapes/Containers,2,12,,,,,,,RCA AND POA and sent this to blinkit,,,,,,,,,,,,,,,,,,,,,,,,,,,,,,,,,,,,,,,,,,,,,,,,,,,,,,,,,,,,,,,,,,,,,,,,,,,,,,,,,,,,,,,,,,,,,,,,,KhyjE~g2afx0,,,
396,Process,Flowchart Shapes/Containers,2,12,,,,,,,Make copy of this and change week range,,,,,,,,,,,,,,,,,,,,,,,,,,,,,,,,,,,,,,,,,,,,,,,,,,,,,,,,,,,,,,,,,,,,,,,,,,,,,,,,,,,,,,,,,,,,,,,,,Zjyj4nA81IT0,,,
397,Sticky note,Sticky Notes,2,12,,,,,,,"1st to 7th
8th to 14th
15th to 21st
22nd to 31st",,,,,,,,,,,,,,,,,,,,,,,,,,,,,,,,,,,,,,,,,,,,,,,,,,,,,,,,,,,,,,,,,,,,,,,,,,,,,,,,,,,,,,,,,,,,,,,,,ykyjKTE.iN6l,,,
398,Process,Flowchart Shapes/Containers,2,12,,,,,,,"Refresh the pivot and insert data in ""Online Master sheet"" using xlookup",,,,,,,,,,,,,,,,,,,,,,,,,,,,,,,,,,,,,,,,,,,,,,,,,,,,,,,,,,,,,,,,,,,,,,,,,,,,,,,,,,,,,,,,,,,,,,,,,DzyjPB9JAcO3,,,
399,Decision,Flowchart Shapes/Containers,2,12,,,,,,,Review Fill rate,,,,,,,,,,,,,,,,,,,,,,,,,,,,,,,,,,,,,,,,,,,,,,,,,,,,,,,,,,,,,,,,,,,,,,,,,,,,,,,,,,,,,,,,,,,,,,,,,rByjdQtgWx8H,,,
400,Process,Flowchart Shapes/Containers,2,12,,,,,,,Decision,,,,,,,,,,,,,,,,,,,,,,,,,,,,,,,,,,,,,,,,,,,,,,,,,,,,,,,,,,,,,,,,,,,,,,,,,,,,,,,,,,,,,,,,,,,,,,,,,DByjxlvSOUEv,,,
401,Process,Flowchart Shapes/Containers,2,,,,,,,,Take DOC from DOC file,,,,,,,,,,,,,,,,,,,,,,,,,,,,,,,,,,,,,,,,,,,,,,,,,,,,,,,,,,,,,,,,,,,,,,,,,,,,,,,,,,,,,,,,,,,,,,,,,LPyjyuygbY1M,,,
402,Process,Flowchart Shapes/Containers,2,14,,,,,,,Downlaod Excel/CSV,,,,,,,,,,,,,,,,,,,,,,,,,,,,,,,,,,,,,,,,,,,,,,,,,,,,,,,,,,,,,,,,,,,,,,,,,,,,,,,,,,,,,,,,,,,,,,,,,aLUjWEZ~Avmf,,,
403,Sticky note,Sticky Notes,2,14,,,,,,,"In this report we do have Sellable inventory of each item.
This is not warehouse wise",,,,,,,,,,,,,,,,,,,,,,,,,,,,,,,,,,,,,,,,,,,,,,,,,,,,,,,,,,,,,,,,,,,,,,,,,,,,,,,,,,,,,,,,,,,,,,,,,aLUja0z3b71n,,,
404,Process,Flowchart Shapes/Containers,2,14,,,,,,,Take DOC from DOC file,,,,,,,,,,,,,,,,,,,,,,,,,,,,,,,,,,,,,,,,,,,,,,,,,,,,,,,,,,,,,,,,,,,,,,,,,,,,,,,,,,,,,,,,,,,,,,,,,aLUj4Jy_uhty,,,
405,Process,Flowchart Shapes/Containers,2,14,,,,,,,Calculate qty required to maintain 45 days DOC,,,,,,,,,,,,,,,,,,,,,,,,,,,,,,,,,,,,,,,,,,,,,,,,,,,,,,,,,,,,,,,,,,,,,,,,,,,,,,,,,,,,,,,,,,,,,,,,,aLUjAVsbGpeN,,,
406,Terminator,Flowchart Shapes/Containers,2,14,,,,,,,No Action required,,,,,,,,,,,,,,,,,,,,,,,,,,,,,,,,,,,,,,,,,,,,,,,,,,,,,,,,,,,,,,,,,,,,,,,,,,,,,,,,,,,,,,,,,,,,,,,,,aLUjgjfCBkEQ,,,
407,Process,Flowchart Shapes/Containers,2,14,,,,,,,Link with DOC,,,,,,,,,,,,,,,,,,,,,,,,,,,,,,,,,,,,,,,,,,,,,,,,,,,,,,,,,,,,,,,,,,,,,,,,,,,,,,,,,,,,,,,,,,,,,,,,,aLUjfDYT4dIL,,,
408,Process,Flowchart Shapes/Containers,2,14,,,,,,,​= [(Current DRR X 45) - Sellable inventory - Intransit qty - Open PO quantity],,,,,,,,,,,,,,,,,,,,,,,,,,,,,,,,,,,,,,,,,,,,,,,,,,,,,,,,,,,,,,,,,,,,,,,,,,,,,,,,,,,,,,,,,,,,,,,,,aLUjcjloxg1k,,,
409,Decision,Flowchart Shapes/Containers,2,14,,,,,,,Result,,,,,,,,,,,,,,,,,,,,,,,,,,,,,,,,,,,,,,,,,,,,,,,,,,,,,,,,,,,,,,,,,,,,,,,,,,,,,,,,,,,,,,,,,,,,,,,,,aLUjcYW~bNE8,,,
410,Terminator,Flowchart Shapes/Containers,2,14,,,,,,,No Action Required,,,,,,,,,,,,,,,,,,,,,,,,,,,,,,,,,,,,,,,,,,,,,,,,,,,,,,,,,,,,,,,,,,,,,,,,,,,,,,,,,,,,,,,,,,,,,,,,,aLUjkZQZsWSi,,,
411,Process,Flowchart Shapes/Containers,2,14,,,,,,,Prepare new excel contain details of Item of which PO to be requested,,,,,,,,,,,,,,,,,,,,,,,,,,,,,,,,,,,,,,,,,,,,,,,,,,,,,,,,,,,,,,,,,,,,,,,,,,,,,,,,,,,,,,,,,,,,,,,,,aLUjW_I2hJUJ,,,
412,Sticky note,Sticky Notes,2,14,,,,,,,"Open Vendor Central
Go to Purchase order > Manager PO > Confirmed PO
Download report.",,,,,,,,,,,,,,,,,,,,,,,,,,,,,,,,,,,,,,,,,,,,,,,,,,,,,,,,,,,,,,,,,,,,,,,,,,,,,,,,,,,,,,,,,,,,,,,,,aLUjZ_By29c-,,,
413,Sticky note,Sticky Notes,2,14,,,,,,,"Brand
ASIN
SKU
PO required qty",,,,,,,,,,,,,,,,,,,,,,,,,,,,,,,,,,,,,,,,,,,,,,,,,,,,,,,,,,,,,,,,,,,,,,,,,,,,,,,,,,,,,,,,,,,,,,,,,aLUjhzl9UHwr,,,
414,Terminator,Flowchart Shapes/Containers,2,14,,,,,,,Send mail to E-Trade's KAM along with manager in cc,,,,,,,,,,,,,,,,,,,,,,,,,,,,,,,,,,,,,,,,,,,,,,,,,,,,,,,,,,,,,,,,,,,,,,,,,,,,,,,,,,,,,,,,,,,,,,,,,aLUjH.Kir8nV,,,
415,Sticky note,Sticky Notes,2,14,,,,,,,Do this regional for sure,,,,,,,,,,,,,,,,,,,,,,,,,,,,,,,,,,,,,,,,,,,,,,,,,,,,,,,,,,,,,,,,,,,,,,,,,,,,,,,,,,,,,,,,,,,,,,,,,aLUjDcEH.UUX,,,
416,Process,Flowchart Shapes/Containers,2,10,,,,,,,Ask for RSI data from E-trade's KAM,,,,,,,,,,,,,,,,,,,,,,,,,,,,,,,,,,,,,,,,,,,,,,,,,,,,,,,,,,,,,,,,,,,,,,,,,,,,,,,,,,,,,,,,,,,,,,,,,f3UjQutBu45k,,,
417,Process,Flowchart Shapes/Containers,2,10,,,,,,,Calculate RIS %,,,,,,,,,,,,,,,,,,,,,,,,,,,,,,,,,,,,,,,,,,,,,,,,,,,,,,,,,,,,,,,,,,,,,,,,,,,,,,,,,,,,,,,,,,,,,,,,,o3UjAoCYwDfL,,,
418,Process,Flowchart Shapes/Containers,2,10,,,,,,,Add this data in Amazon review sheet,,,,,,,,,,,,,,,,,,,,,,,,,,,,,,,,,,,,,,,,,,,,,,,,,,,,,,,,,,,,,,,,,,,,,,,,,,,,,,,,,,,,,,,,,,,,,,,,,p3UjHpy3.GBk,,,
419,Sticky note,Sticky Notes,2,10,,,,,,,"Insert column
SKU type (sort/Non sort)
Pivot
Columns
asin
Sku
Sub cat
Ideal cluster
Value
Total Units
Bridge units
Bridge units shows as how many units were shipped from another cluster.
There are 16 clusters right now.
Calculate RIS - Bridge/total units.",,,,,,,,,,,,,,,,,,,,,,,,,,,,,,,,,,,,,,,,,,,,,,,,,,,,,,,,,,,,,,,,,,,,,,,,,,,,,,,,,,,,,,,,,,,,,,,,,x7UjFHB2Ge1r,,,
420,MinimalTextBlock,Standard,2,6,,,,,,,NPD will track sale for NPD - Week 1 week 2 and then for each month for 3 months. NPD will also track ,,,,,,,,,,,,,,,,,,,,,,,,,,,,,,,,,,,,,,,,,,,,,,,,,,,,,,,,,,,,,,,,,,,,,,,,,,,,,,,,,,,,,,,,,,,,,,,,,14rk9ncH3Cx7,,,
421,MinimalTextBlock,Standard,2,6,,,,,,,"Back end training
Pricing
Listing
BOM planing sheet
Vendor creation
RM 3 month rolling pojection
Vendor confirmation
Credit/payemnt terms
Control on purchase not directly but via purchase department
SSDC (stock  display communication) also will be check by NPD
RCV of online for new product.",,,,,,,,,,,,,,,,,,,,,,,,,,,,,,,,,,,,,,,,,,,,,,,,,,,,,,,,,,,,,,,,,,,,,,,,,,,,,,,,,,,,,,,,,,,,,,,,,Y7rkZ8ugVDzo,,,
422,Block,Standard,2,10,,,,,,,Once in every 15 days,,,,,,,,,,,,,,,,,,,,,,,,,,,,,,,,,,,,,,,,,,,,,,,,,,,,,,,,,,,,,,,,,,,,,,,,,,,,,,,,,,,,,,,,,,,,,,,,,QP5kuQpKeqnQ,,,
423,Process,Flowchart Shapes/Containers,2,10,,,,,,,Mail to E-trade to improve RSI. by providing SKU's and clusters,,,,,,,,,,,,,,,,,,,,,,,,,,,,,,,,,,,,,,,,,,,,,,,,,,,,,,,,,,,,,,,,,,,,,,,,,,,,,,,,,,,,,,,,,,,,,,,,,TQ5kNfhWXwh5,,,
424,Decision,Flowchart Shapes/Containers,2,10,,,,,,,Sort/Non Sort,,,,,,,,,,,,,,,,,,,,,,,,,,,,,,,,,,,,,,,,,,,,,,,,,,,,,,,,,,,,,,,,,,,,,,,,,,,,,,,,,,,,,,,,,,,,,,,,,6R5ky-6w~oxA,,,
425,Decision,Flowchart Shapes/Containers,2,10,,,,,,,More than 85%,,,,,,,,,,,,,,,,,,,,,,,,,,,,,,,,,,,,,,,,,,,,,,,,,,,,,,,,,,,,,,,,,,,,,,,,,,,,,,,,,,,,,,,,,,,,,,,,,CS5kKwG6iYl5,,,
426,Decision,Flowchart Shapes/Containers,2,10,,,,,,,More than 75%,,,,,,,,,,,,,,,,,,,,,,,,,,,,,,,,,,,,,,,,,,,,,,,,,,,,,,,,,,,,,,,,,,,,,,,,,,,,,,,,,,,,,,,,,,,,,,,,,3V5kHB.8bD8G,,,
427,Terminator,Flowchart Shapes/Containers,2,10,,,,,,,Great,,,,,,,,,,,,,,,,,,,,,,,,,,,,,,,,,,,,,,,,,,,,,,,,,,,,,,,,,,,,,,,,,,,,,,,,,,,,,,,,,,,,,,,,,,,,,,,,,~V5kKz2gyPA6,,,
428,Terminator,Flowchart Shapes/Containers,2,10,,,,,,,Great,,,,,,,,,,,,,,,,,,,,,,,,,,,,,,,,,,,,,,,,,,,,,,,,,,,,,,,,,,,,,,,,,,,,,,,,,,,,,,,,,,,,,,,,,,,,,,,,,FW5k~-NU55VS,,,
429,Process,Flowchart Shapes/Containers,2,13:2|16,,,,,,,Open ERP,,,,,,,,,,,,,,,,,,,,,,,,,,,,,,,,,,,,,,,,,,,,,,,,,,,,,,,,,,,,,,,,,,,,,,,,,,,,,,,,,,,,,,,,,,,,,,,,,4lplt_ijuAkN,,,
430,Process,Flowchart Shapes/Containers,2,13:2|16,,,,,,,Pan India Outward sheet,,,,,,,,,,,,,,,,,,,,,,,,,,,,,,,,,,,,,,,,,,,,,,,,,,,,,,,,,,,,,,,,,,,,,,,,,,,,,,,,,,,,,,,,,,,,,,,,,4lplHXAHbe~m,,,
431,Decision,Flowchart Shapes/Containers,2,13:2|16,,,,,,,Is BOM exist for items in this PO.,,,,,,,,,,,,,,,,,,,,,,,,,,,,,,,,,,,,,,,,,,,,,,,,,,,,,,,,,,,,,,,,,,,,,,,,,,,,,,,,,,,,,,,,,,,,,,,,,4lpl5VCnGBbL,,,
432,Sticky note,Sticky Notes,2,13:2|16,,,,,,,"Select approriate period
Copy the sales order number",,,,,,,,,,,,,,,,,,,,,,,,,,,,,,,,,,,,,,,,,,,,,,,,,,,,,,,,,,,,,,,,,,,,,,,,,,,,,,,,,,,,,,,,,,,,,,,,,4lplno0tZ.5s,,,
433,Process,Flowchart Shapes/Containers,2,13:2|16|17:1,,,,,,,"Select - ""store Requisition for production""",,,,,,,,,,,,,,,,,,,,,,,,,,,,,,,,,,,,,,,,,,,,,,,,,,,,,,,,,,,,,,,,,,,,,,,,,,,,,,,,,,,,,,,,,,,,,,,,,ArplLBo_YN7P,,Primary_1,DEFAULT_EMPTY
434,Process,Flowchart Shapes/Containers,2,13:2|16|17:1,,,,,,,Open Batch card > New,,,,,,,,,,,,,,,,,,,,,,,,,,,,,,,,,,,,,,,,,,,,,,,,,,,,,,,,,,,,,,,,,,,,,,,,,,,,,,,,,,,,,,,,,,,,,,,,,bNFlFNtg9bGk,,,
435,Process,Flowchart Shapes/Containers,2,8,,,,,,,Seek written confirmation,,,,,,,,,,,,,,,,,,,,,,,,,,,,,,,,,,,,,,,,,,,,,,,,,,,,,,,,,,,,,,,,,,,,,,,,,,,,,,,,,,,,,,,,,,,,,,,,,27Gl1bkJPAO1,,,
436,Process,Flowchart Shapes/Containers,2,8,,,,,,,Positive Confirmation,,,,,,,,,,,,,,,,,,,,,,,,,,,,,,,,,,,,,,,,,,,,,,,,,,,,,,,,,,,,,,,,,,,,,,,,,,,,,,,,,,,,,,,,,,,,,,,,,l_GlttSYcf8h,,,
437,Process,Flowchart Shapes/Containers,2,8,,,,,,,No- Confirmation,,,,,,,,,,,,,,,,,,,,,,,,,,,,,,,,,,,,,,,,,,,,,,,,,,,,,,,,,,,,,,,,,,,,,,,,,,,,,,,,,,,,,,,,,,,,,,,,,A_GldCgIg1a7,,,
438,Process,Flowchart Shapes/Containers,2,8,,,,,,,Negative confirmation,,,,,,,,,,,,,,,,,,,,,,,,,,,,,,,,,,,,,,,,,,,,,,,,,,,,,,,,,,,,,,,,,,,,,,,,,,,,,,,,,,,,,,,,,,,,,,,,,e.GlMkfK~yww,,,
439,Process,Flowchart Shapes/Containers,2,8,,,,,,,"Mark as ""No"" in confirmation received column",,,,,,,,,,,,,,,,,,,,,,,,,,,,,,,,,,,,,,,,,,,,,,,,,,,,,,,,,,,,,,,,,,,,,,,,,,,,,,,,,,,,,,,,,,,,,,,,,V.GlpGoQnxxp,,,
440,Process,Flowchart Shapes/Containers,2,8,,,,,,,Purchase Manager will provide remarks on this,,,,,,,,,,,,,,,,,,,,,,,,,,,,,,,,,,,,,,,,,,,,,,,,,,,,,,,,,,,,,,,,,,,,,,,,,,,,,,,,,,,,,,,,,,,,,,,,,V.GlxCdGj.eX,,,
441,Process,Flowchart Shapes/Containers,2,8,,,,,,,Esclate to CEO and SCM Head and add in task sheet,,,,,,,,,,,,,,,,,,,,,,,,,,,,,,,,,,,,,,,,,,,,,,,,,,,,,,,,,,,,,,,,,,,,,,,,,,,,,,,,,,,,,,,,,,,,,,,,,V.GlSIFsOiJU,,,
442,Block,Standard,2,8,,,,,,,As and when recieved,,,,,,,,,,,,,,,,,,,,,,,,,,,,,,,,,,,,,,,,,,,,,,,,,,,,,,,,,,,,,,,,,,,,,,,,,,,,,,,,,,,,,,,,,,,,,,,,,K~GlfDKFy~~a,,,
443,Decision,Flowchart Shapes/Containers,2,8,,,,,,,Alternate Vendor available,,,,,,,,,,,,,,,,,,,,,,,,,,,,,,,,,,,,,,,,,,,,,,,,,,,,,,,,,,,,,,,,,,,,,,,,,,,,,,,,,,,,,,,,,,,,,,,,,JbHlHbreG4lR,,,
444,Sticky note,Sticky Notes,2,8,,,,,,,"Mode of confirmation
Piority 1  - Mail
Priority 2 - whatsapp (only where mail is not possible)",,,,,,,,,,,,,,,,,,,,,,,,,,,,,,,,,,,,,,,,,,,,,,,,,,,,,,,,,,,,,,,,,,,,,,,,,,,,,,,,,,,,,,,,,,,,,,,,,ygHls-9PzceF,,,
445,Block,Standard,2,8,,,,,,,by 10th of Every Month,,,,,,,,,,,,,,,,,,,,,,,,,,,,,,,,,,,,,,,,,,,,,,,,,,,,,,,,,,,,,,,,,,,,,,,,,,,,,,,,,,,,,,,,,,,,,,,,,tvHlLWg5ZZf1,,,
446,Process,Flowchart Shapes/Containers,2,8,,,,,,,Primary Responsibility - Senior Manager Purchase  I  Secondary  Responsibility - Supply Chain Head,,,,,,,,,,,,,,,,,,,,,,,,,,,,,,,,,,,,,,,,,,,,,,,,,,,,,,,,,,,,,,,,,,,,,,,,,,,,,,,,,,,,,,,,,,,,,,,,,CmIlgIa_08OK,,,
447,Process,Flowchart Shapes/Containers,2,49,,,,,,,Click Authorise > select respective Challan no. > Authorise,,,,,,,,,,,,,,,,,,,,,,,,,,,,,,,,,,,,,,,,,,,,,,,,,,,,,,,,,,,,,,,,,,,,,,,,,,,,,,,,,,,,,,,,,,,,,,,,,tvIlz4T94LXZ,,,
448,Decision,Flowchart Shapes/Containers,2,46,,,,,,,Confirm availability,,,,,,,,,,,,,,,,,,,,,,,,,,,,,,,,,,,,,,,,,,,,,,,,,,,,,,,,,,,,,,,,,,,,,,,,,,,,,,,,,,,,,,,,,,,,,,,,,s2IlymU2YonW,,,
449,Terminator,Flowchart Shapes/Containers,2,46,,,,,,,Escalate to CEO,,,,,,,,,,,,,,,,,,,,,,,,,,,,,,,,,,,,,,,,,,,,,,,,,,,,,,,,,,,,,,,,,,,,,,,,,,,,,,,,,,,,,,,,,,,,,,,,,Q2IlwIN.n~j4,,,
450,Terminator,Flowchart Shapes/Containers,2,46,,,,,,,Get PO as soon as possible,,,,,,,,,,,,,,,,,,,,,,,,,,,,,,,,,,,,,,,,,,,,,,,,,,,,,,,,,,,,,,,,,,,,,,,,,,,,,,,,,,,,,,,,,,,,,,,,,S2IlQ5UaiTTI,,,
451,Process,Flowchart Shapes/Containers,2,13:2|16|17:1,,,,,,,Enter Customer Name > Sales order No. >Item Name > Qty (auto fetched from SO) > Store for stock - All > Stage - Production floor,,,,,,,,,,,,,,,,,,,,,,,,,,,,,,,,,,,,,,,,,,,,,,,,,,,,,,,,,,,,,,,,,,,,,,,,,,,,,,,,,,,,,,,,,,,,,,,,,SHxmB~.gdDx0,,,
452,Process,Flowchart Shapes/Containers,2,13:2|16|17:1,,,,,,,Now enter item code of RM item and qty that you want to repack against that item,,,,,,,,,,,,,,,,,,,,,,,,,,,,,,,,,,,,,,,,,,,,,,,,,,,,,,,,,,,,,,,,,,,,,,,,,,,,,,,,,,,,,,,,,,,,,,,,,EOxmeSQHufiy,,,
453,Sticky note,Sticky Notes,2,13:2|16|17:1,,,,,,,"Sales order has remarks which contain details of RM that need to ship under this general code.
We will enter main plant, pot etc. in this.
Under this process we are basically creating FG by mannualy using a BOM for one time.
We can do it for one general code at one time.
We can add different RMs in one general code at same time.
For every Item in SO, seprate batch card need to be generate.",,,,,,,,,,,,,,,,,,,,,,,,,,,,,,,,,,,,,,,,,,,,,,,,,,,,,,,,,,,,,,,,,,,,,,,,,,,,,,,,,,,,,,,,,,,,,,,,,JQxmDYZPCv2B,,,
454,Process,Flowchart Shapes/Containers,2,13:2|16|17:1,,,,,,,click Save > Authorize,,,,,,,,,,,,,,,,,,,,,,,,,,,,,,,,,,,,,,,,,,,,,,,,,,,,,,,,,,,,,,,,,,,,,,,,,,,,,,,,,,,,,,,,,,,,,,,,,QRxmCiWHKVHS,,,
455,Decision,Flowchart Shapes/Containers,2,46,,,,,,,within Target?,,,,,,,,,,,,,,,,,,,,,,,,,,,,,,,,,,,,,,,,,,,,,,,,,,,,,,,,,,,,,,,,,,,,,,,,,,,,,,,,,,,,,,,,,,,,,,,,,GVzm2ED-UOHR,,,
456,Sticky note,Sticky Notes,2,46,,,,,,,"Plant - 85%
Non Plant - 90%",,,,,,,,,,,,,,,,,,,,,,,,,,,,,,,,,,,,,,,,,,,,,,,,,,,,,,,,,,,,,,,,,,,,,,,,,,,,,,,,,,,,,,,,,,,,,,,,,LXzm4efJ0QxG,,,
457,Process,Flowchart Shapes/Containers,2,46,,,,,,,Lack of proper repelinishment from Warehouse to dark store,,,,,,,,,,,,,,,,,,,,,,,,,,,,,,,,,,,,,,,,,,,,,,,,,,,,,,,,,,,,,,,,,,,,,,,,,,,,,,,,,,,,,,,,,,,,,,,,,i1zm~xIStiUn,,,
458,Process,Flowchart Shapes/Containers,2,46,,,,,,,Mail to KAM of respective Sales channel,,,,,,,,,,,,,,,,,,,,,,,,,,,,,,,,,,,,,,,,,,,,,,,,,,,,,,,,,,,,,,,,,,,,,,,,,,,,,,,,,,,,,,,,,,,,,,,,,02zm.N3sQuxI,,,
459,Delay,Flowchart Shapes/Containers,2,46,,,,,,,Wait for reply,,,,,,,,,,,,,,,,,,,,,,,,,,,,,,,,,,,,,,,,,,,,,,,,,,,,,,,,,,,,,,,,,,,,,,,,,,,,,,,,,,,,,,,,,,,,,,,,,02zmtBCm6fhj,,,
460,Decision,Flowchart Shapes/Containers,2,46,,,,,,,Reply recieved,,,,,,,,,,,,,,,,,,,,,,,,,,,,,,,,,,,,,,,,,,,,,,,,,,,,,,,,,,,,,,,,,,,,,,,,,,,,,,,,,,,,,,,,,,,,,,,,,02zmyFIXb7h8,,,
461,Decision,Flowchart Shapes/Containers,2,46,,,,,,,Check Now corrected,,,,,,,,,,,,,,,,,,,,,,,,,,,,,,,,,,,,,,,,,,,,,,,,,,,,,,,,,,,,,,,,,,,,,,,,,,,,,,,,,,,,,,,,,,,,,,,,,02zm.5Er~NuH,,,
462,Process,Flowchart Shapes/Containers,2,46,,,,,,,Followup,,,,,,,,,,,,,,,,,,,,,,,,,,,,,,,,,,,,,,,,,,,,,,,,,,,,,,,,,,,,,,,,,,,,,,,,,,,,,,,,,,,,,,,,,,,,,,,,,02zm4gQF7D8a,,,
463,Terminator,Flowchart Shapes/Containers,2,46,,,,,,,Solved,,,,,,,,,,,,,,,,,,,,,,,,,,,,,,,,,,,,,,,,,,,,,,,,,,,,,,,,,,,,,,,,,,,,,,,,,,,,,,,,,,,,,,,,,,,,,,,,,02zmxL27Kod1,,,
464,Process,Flowchart Shapes/Containers,2,13:2|16|17:1,,,,,,,Store requisition against batch card,,,,,,,,,,,,,,,,,,,,,,,,,,,,,,,,,,,,,,,,,,,,,,,,,,,,,,,,,,,,,,,,,,,,,,,,,,,,,,,,,,,,,,,,,,,,,,,,,9IAmDd93n5Q.,,,
465,Sticky note,Sticky Notes,2,13:2|16|17:1,,,,,,,"In earlier steps we have linked several raw material into one general code.
Now we are requesting this material from store department.
Done seprately for each batch card.",,,,,,,,,,,,,,,,,,,,,,,,,,,,,,,,,,,,,,,,,,,,,,,,,,,,,,,,,,,,,,,,,,,,,,,,,,,,,,,,,,,,,,,,,,,,,,,,,OLAmT.9EuUD.,,,
466,Process,Flowchart Shapes/Containers,2,13:2|16|17:1,,,,,,,New > Stage - Production floor > Select batch > Save,,,,,,,,,,,,,,,,,,,,,,,,,,,,,,,,,,,,,,,,,,,,,,,,,,,,,,,,,,,,,,,,,,,,,,,,,,,,,,,,,,,,,,,,,,,,,,,,,A7Pm~ARd3kCv,,,
467,Sticky note,Sticky Notes,2,13:2|16|17:1,,,,,,,This will show all batches which are lying in production floor.,,,,,,,,,,,,,,,,,,,,,,,,,,,,,,,,,,,,,,,,,,,,,,,,,,,,,,,,,,,,,,,,,,,,,,,,,,,,,,,,,,,,,,,,,,,,,,,,,y9Pmg.Kpv2O-,,,
468,Process,Flowchart Shapes/Containers,2,13:2|16|17:1,,,,,,,click Save > Authorize,,,,,,,,,,,,,,,,,,,,,,,,,,,,,,,,,,,,,,,,,,,,,,,,,,,,,,,,,,,,,,,,,,,,,,,,,,,,,,,,,,,,,,,,,,,,,,,,,hfQmqAUv9.dZ,,,
469,Process,Flowchart Shapes/Containers,2,46,,,,,,,SLA -   Alternative days  within 45 mins,,,,,,,,,,,,,,,,,,,,,,,,,,,,,,,,,,,,,,,,,,,,,,,,,,,,,,,,,,,,,,,,,,,,,,,,,,,,,,,,,,,,,,,,,,,,,,,,,_BTm8l3ddLCu,,,
470,Process,Flowchart Shapes/Containers,2,46,,,,,,,Primary Responsibility - Assistant Manager (Quick Comm)  I  Secondary  Responsibility - AGM (Online) (Sumit),,,,,,,,,,,,,,,,,,,,,,,,,,,,,,,,,,,,,,,,,,,,,,,,,,,,,,,,,,,,,,,,,,,,,,,,,,,,,,,,,,,,,,,,,,,,,,,,,_BTmUQ1-lgc3,,,
471,Process,Flowchart Shapes/Containers,2,12,,,,,,,SLA -   Alternative days  within 45 mins,,,,,,,,,,,,,,,,,,,,,,,,,,,,,,,,,,,,,,,,,,,,,,,,,,,,,,,,,,,,,,,,,,,,,,,,,,,,,,,,,,,,,,,,,,,,,,,,,yETmBcgK8YcK,,,
472,Process,Flowchart Shapes/Containers,2,12,,,,,,,Primary Responsibility - Assistant Manager (Quick Comm)  I  Secondary  Responsibility - AGM (Online) (Sumit),,,,,,,,,,,,,,,,,,,,,,,,,,,,,,,,,,,,,,,,,,,,,,,,,,,,,,,,,,,,,,,,,,,,,,,,,,,,,,,,,,,,,,,,,,,,,,,,,yETmy0grIpdN,,,
473,Process,Flowchart Shapes/Containers,2,45,,,,,,,Every alternative day and deal/special days. SLA - within 1 hour,,,,,,,,,,,,,,,,,,,,,,,,,,,,,,,,,,,,,,,,,,,,,,,,,,,,,,,,,,,,,,,,,,,,,,,,,,,,,,,,,,,,,,,,,,,,,,,,,RETm9x~0KI-B,,,
474,Process,Flowchart Shapes/Containers,2,45,,,,,,,Primary Responsibility - Manager (Siddharth)   I  Secondary  Responsibility - AGM (Online) (Sumit),,,,,,,,,,,,,,,,,,,,,,,,,,,,,,,,,,,,,,,,,,,,,,,,,,,,,,,,,,,,,,,,,,,,,,,,,,,,,,,,,,,,,,,,,,,,,,,,,RETm.BN2K3ag,,,
475,Process,Flowchart Shapes/Containers,2,4,,,,,,,Every week and deal/special days. SLA - within 1 hour,,,,,,,,,,,,,,,,,,,,,,,,,,,,,,,,,,,,,,,,,,,,,,,,,,,,,,,,,,,,,,,,,,,,,,,,,,,,,,,,,,,,,,,,,,,,,,,,,YETm~tF8Fn~r,,,
476,Process,Flowchart Shapes/Containers,2,4,,,,,,,Primary Responsibility - Manager (Siddharth)   I  Secondary  Responsibility - AGM (Online) (Sumit),,,,,,,,,,,,,,,,,,,,,,,,,,,,,,,,,,,,,,,,,,,,,,,,,,,,,,,,,,,,,,,,,,,,,,,,,,,,,,,,,,,,,,,,,,,,,,,,,YETmgl0lpvqQ,,,
477,Process,Flowchart Shapes/Containers,2,5,,,,,,,Every week and SLA - within 2 hour,,,,,,,,,,,,,,,,,,,,,,,,,,,,,,,,,,,,,,,,,,,,,,,,,,,,,,,,,,,,,,,,,,,,,,,,,,,,,,,,,,,,,,,,,,,,,,,,,gFTm.rOE7jDj,,,
478,Process,Flowchart Shapes/Containers,2,5,,,,,,,Primary Responsibility - Assistant Manager Ecom (Angad) I  Secondary  Responsibility - AGM (Online) (Sumit),,,,,,,,,,,,,,,,,,,,,,,,,,,,,,,,,,,,,,,,,,,,,,,,,,,,,,,,,,,,,,,,,,,,,,,,,,,,,,,,,,,,,,,,,,,,,,,,,gFTmoXuKQZgw,,,
479,Process,Flowchart Shapes/Containers,2,45,,,,,,,Primary Responsibility - AM Quick Comm (Yash) I Secondary  Responsibility - AGM (Online) (Sumit),,,,,,,,,,,,,,,,,,,,,,,,,,,,,,,,,,,,,,,,,,,,,,,,,,,,,,,,,,,,,,,,,,,,,,,,,,,,,,,,,,,,,,,,,,,,,,,,,zNTmWwRH9NDC,,,
480,Process,Flowchart Shapes/Containers,2,45,,,,,,,Every alternative day and deal/special days. SLA - within 1 hour,,,,,,,,,,,,,,,,,,,,,,,,,,,,,,,,,,,,,,,,,,,,,,,,,,,,,,,,,,,,,,,,,,,,,,,,,,,,,,,,,,,,,,,,,,,,,,,,,FNTmj~WYBPsW,,,
481,Process,Flowchart Shapes/Containers,2,5,,,,,,,Primary Responsibility - Assistant Manager (Quick Comm)  I  Secondary  Responsibility - Senior Manager (Quick Comm),,,,,,,,,,,,,,,,,,,,,,,,,,,,,,,,,,,,,,,,,,,,,,,,,,,,,,,,,,,,,,,,,,,,,,,,,,,,,,,,,,,,,,,,,,,,,,,,,mDUmoxKAI~zH,,,
482,Process,Flowchart Shapes/Containers,2,5,,,,,,, SLA - T+2 Days,,,,,,,,,,,,,,,,,,,,,,,,,,,,,,,,,,,,,,,,,,,,,,,,,,,,,,,,,,,,,,,,,,,,,,,,,,,,,,,,,,,,,,,,,,,,,,,,,PDUmGEd.TUQ7,,,
483,Process,Flowchart Shapes/Containers,2,47,,,,,,,Primary Responsibility - Manager (Siddharth)   I  Secondary  Responsibility - AGM (Online) (Sumit),,,,,,,,,,,,,,,,,,,,,,,,,,,,,,,,,,,,,,,,,,,,,,,,,,,,,,,,,,,,,,,,,,,,,,,,,,,,,,,,,,,,,,,,,,,,,,,,,HFUm7QZ4Iido,,,
484,Process,Flowchart Shapes/Containers,2,47,,,,,,,Primary Responsibility - AM Quick Comm (Yash) I Secondary  Responsibility - AGM (Online) (Sumit),,,,,,,,,,,,,,,,,,,,,,,,,,,,,,,,,,,,,,,,,,,,,,,,,,,,,,,,,,,,,,,,,,,,,,,,,,,,,,,,,,,,,,,,,,,,,,,,,qGUmeHhuW8Ea,,,
485,Process,Flowchart Shapes/Containers,2,47,,,,,,,Every alternative day and deal/special days. SLA - Within 2 hours,,,,,,,,,,,,,,,,,,,,,,,,,,,,,,,,,,,,,,,,,,,,,,,,,,,,,,,,,,,,,,,,,,,,,,,,,,,,,,,,,,,,,,,,,,,,,,,,,qGUmd_DC4599,,,
486,Process,Flowchart Shapes/Containers,2,47,,,,,,,Every week and deal/special days. SLA - within 1 hour,,,,,,,,,,,,,,,,,,,,,,,,,,,,,,,,,,,,,,,,,,,,,,,,,,,,,,,,,,,,,,,,,,,,,,,,,,,,,,,,,,,,,,,,,,,,,,,,,EGUml1jcx~yz,,,
487,Process,Flowchart Shapes/Containers,2,49,,,,,,,Open MRN (Material receipt note) > select challan no.,,,,,,,,,,,,,,,,,,,,,,,,,,,,,,,,,,,,,,,,,,,,,,,,,,,,,,,,,,,,,,,,,,,,,,,,,,,,,,,,,,,,,,,,,,,,,,,,,0wWmTmBeDtqH,,,
488,Process,Flowchart Shapes/Containers,2,,,,,,,,New Listing,,,,,,,,,,,,,,,,,,,,,,,,,,,,,,,,,,,,,,,,,,,,,,,,,,,,,,,,,,,,,,,,,,,,,,,,,,,,,,,,,,,,,,,,,,,,,,,,,MMWmutAHEiIU,,,
489,Process,Flowchart Shapes/Containers,2,,,,,,,,Quick Commerce,,,,,,,,,,,,,,,,,,,,,,,,,,,,,,,,,,,,,,,,,,,,,,,,,,,,,,,,,,,,,,,,,,,,,,,,,,,,,,,,,,,,,,,,,,,,,,,,,hNWm-MCE7e58,,,
490,Process,Flowchart Shapes/Containers,2,,,,,,,,E-com,,,,,,,,,,,,,,,,,,,,,,,,,,,,,,,,,,,,,,,,,,,,,,,,,,,,,,,,,,,,,,,,,,,,,,,,,,,,,,,,,,,,,,,,,,,,,,,,,hNWmeB.xT1by,,,
491,Process,Flowchart Shapes/Containers,2,48,,,,,,,Now take care of RCV of this listing,,,,,,,,,,,,,,,,,,,,,,,,,,,,,,,,,,,,,,,,,,,,,,,,,,,,,,,,,,,,,,,,,,,,,,,,,,,,,,,,,,,,,,,,,,,,,,,,,aPWm4jtBSZcW,,,
492,SparkFrameBlock,Lucidspark Shapes,2,,,,,,,,Blinkit O2C,,,,,,,,,,,,,,,,,,,,,,,,,,,,,,,,,,,,,,,,,,,,,,,,,,,,,,,,,,,,,,,,,,,,,,,,,,,,,,,,,,,,,,,,,,,,,,,,,RXWmYCs.nDj.,,,
493,SparkFrameBlock,Lucidspark Shapes,2,,,,,,,,Zepto O2C,,,,,,,,,,,,,,,,,,,,,,,,,,,,,,,,,,,,,,,,,,,,,,,,,,,,,,,,,,,,,,,,,,,,,,,,,,,,,,,,,,,,,,,,,,,,,,,,,RXWmUoG8hNGO,,,
494,SparkFrameBlock,Lucidspark Shapes,2,,,,,,,,Instamart O2C,,,,,,,,,,,,,,,,,,,,,,,,,,,,,,,,,,,,,,,,,,,,,,,,,,,,,,,,,,,,,,,,,,,,,,,,,,,,,,,,,,,,,,,,,,,,,,,,,RXWmpzROmBia,,,
495,SparkFrameBlock,Lucidspark Shapes,2,,,,,,,,Bigbasket O2C,,,,,,,,,,,,,,,,,,,,,,,,,,,,,,,,,,,,,,,,,,,,,,,,,,,,,,,,,,,,,,,,,,,,,,,,,,,,,,,,,,,,,,,,,,,,,,,,,RXWmR1QN4qi8,,,
496,SparkFrameBlock,Lucidspark Shapes,2,,,,,,,,HomeCenter O2C,,,,,,,,,,,,,,,,,,,,,,,,,,,,,,,,,,,,,,,,,,,,,,,,,,,,,,,,,,,,,,,,,,,,,,,,,,,,,,,,,,,,,,,,,,,,,,,,,RXWm4E5GMB71,,,
497,Block,Standard,2,492,,,,,,,"Download Bulk PO Excel Report from Seller Portal
(Link attached)",,,,,,,,,,,,,,,,,,,,,,,,,,,,,,,,,,,,,,,,,,,,,,,,,,,,,,,,,,,,,,,,,,,,,,,,,,,,,,,,,,,,,,,,,,,,,,,,,RXWmShwV~4UN,,COLUMN,ROW
498,Sticky note,Sticky Notes,2,492,,,,,,,"Add column
Region
EAN code
Agreed Transfer Price
MRP
Add region and EAN Code from Product master sheet
Add Transfer price and MRP from Blinkit Pricing Sheet and ensure that there is no diff in these.
Check if location is serviceable",,,,,,,,,,,,,,,,,,,,,,,,,,,,,,,,,,,,,,,,,,,,,,,,,,,,,,,,,,,,,,,,,,,,,,,,,,,,,,,,,,,,,,,,,,,,,,,,,RXWmRzriras.,,COLUMN,ROW
499,Sticky note,Sticky Notes,2,492,,,,,,,"Click PO summary on left (SS in left)
Then Click ""Download Bulk PO data"" located on top right. (SS in left)
Enter the respective date.
Excel will be downloaded using ""Report Requests"" tab.",,,,,,,,,,,,,,,,,,,,,,,,,,,,,,,,,,,,,,,,,,,,,,,,,,,,,,,,,,,,,,,,,,,,,,,,,,,,,,,,,,,,,,,,,,,,,,,,,RXWmIv1Gt9r-,,COLUMN,ROW
500,Decision,Flowchart Shapes/Containers,2,492,,,,,,,Data Prapration and Validation,,,,,,,,,,,,,,,,,,,,,,,,,,,,,,,,,,,,,,,,,,,,,,,,,,,,,,,,,,,,,,,,,,,,,,,,,,,,,,,,,,,,,,,,,,,,,,,,,RXWmn-b~L-7N,,COLUMN,ROW
501,Process,Flowchart Shapes/Containers,2,492,,,,,,,Mail to Blinkit for revised PO or PO cancellation,,,,,,,,,,,,,,,,,,,,,,,,,,,,,,,,,,,,,,,,,,,,,,,,,,,,,,,,,,,,,,,,,,,,,,,,,,,,,,,,,,,,,,,,,,,,,,,,,RXWmX_oN3Zpp,,COLUMN,ROW
502,Process,Flowchart Shapes/Containers,2,492,,,,,,,Make Summary of POs using Pivot,,,,,,,,,,,,,,,,,,,,,,,,,,,,,,,,,,,,,,,,,,,,,,,,,,,,,,,,,,,,,,,,,,,,,,,,,,,,,,,,,,,,,,,,,,,,,,,,,RXWmhTLnBMda,,COLUMN,ROW
503,Process,Flowchart Shapes/Containers,2,492,,,,,,,Prepare Sale order in ERP,,,,,,,,,,,,,,,,,,,,,,,,,,,,,,,,,,,,,,,,,,,,,,,,,,,,,,,,,,,,,,,,,,,,,,,,,,,,,,,,,,,,,,,,,,,,,,,,,RXWmjxp6bG~j,,COLUMN,ROW
504,Sticky note,Sticky Notes,2,492,,,,,,,"Run ""Sale order (fixed Qty)"" in ERP
Click ""New""
Voucher Name ""Blinkit""
Enter Customer Name
Customer Name is state-wise in ERP
Shipping address is created in ERP for each location
Enter Customer PO number in ""Customer Order Field""
Go to Billing to Info
Customer shipping address
Check ""Billing address same as Shipping address"" except where Bill to Ship to model.
Go to Item Info
Copy paste each item's EAN
Enter Qty
Non Plant -Calculate and enter discount % from MRP
Plant - Directly enter the Discount%  mentioned on PO. (No Calculation required)
Go to Stat Info
Select NG tax Template_1
Click Save.
",,,,,,,,,,,,,,,,,,,,,,,,,,,,,,,,,,,,,,,,,,,,,,,,,,,,,,,,,,,,,,,,,,,,,,,,,,,,,,,,,,,,,,,,,,,,,,,,,RXWmI~CD7AeW,,COLUMN,ROW
505,Process,Flowchart Shapes/Containers,2,,,,,,,,O2C Process,,,,,,,,,,,,,,,,,,,,,,,,,,,,,,,,,,,,,,,,,,,,,,,,,,,,,,,,,,,,,,,,,,,,,,,,,,,,,,,,,,,,,,,,,,,,,,,,,RXWmn1Fb4PF3,,,
506,Process,Flowchart Shapes/Containers,2,492,,,,,,,Blinkit,,,,,,,,,,,,,,,,,,,,,,,,,,,,,,,,,,,,,,,,,,,,,,,,,,,,,,,,,,,,,,,,,,,,,,,,,,,,,,,,,,,,,,,,,,,,,,,,,RXWmA8~yyvNQ,,COLUMN,ROW
507,Process,Flowchart Shapes/Containers,2,,,,,,,,Retail,,,,,,,,,,,,,,,,,,,,,,,,,,,,,,,,,,,,,,,,,,,,,,,,,,,,,,,,,,,,,,,,,,,,,,,,,,,,,,,,,,,,,,,,,,,,,,,,,RXWmt45XF1bi,,,
508,Process,Flowchart Shapes/Containers,2,496,,,,,,,Home Center,,,,,,,,,,,,,,,,,,,,,,,,,,,,,,,,,,,,,,,,,,,,,,,,,,,,,,,,,,,,,,,,,,,,,,,,,,,,,,,,,,,,,,,,,,,,,,,,,RXWm2za5fulB,,,
509,Process,Flowchart Shapes/Containers,2,,,,,,,,Quick Commerce,,,,,,,,,,,,,,,,,,,,,,,,,,,,,,,,,,,,,,,,,,,,,,,,,,,,,,,,,,,,,,,,,,,,,,,,,,,,,,,,,,,,,,,,,,,,,,,,,RXWmGPdvWaaW,,,
510,Process,Flowchart Shapes/Containers,2,496,,,,,,,Prepare Expected PO/SO ,,,,,,,,,,,,,,,,,,,,,,,,,,,,,,,,,,,,,,,,,,,,,,,,,,,,,,,,,,,,,,,,,,,,,,,,,,,,,,,,,,,,,,,,,,,,,,,,,RXWm.awP6BZt,,,
511,Process,Flowchart Shapes/Containers,2,496,,,,,,,Send mail seeking an Purchase Order,,,,,,,,,,,,,,,,,,,,,,,,,,,,,,,,,,,,,,,,,,,,,,,,,,,,,,,,,,,,,,,,,,,,,,,,,,,,,,,,,,,,,,,,,,,,,,,,,RXWmhx0.NC2.,,,
512,Process,Flowchart Shapes/Containers,2,496,,,,,,,Receive Actual PO,,,,,,,,,,,,,,,,,,,,,,,,,,,,,,,,,,,,,,,,,,,,,,,,,,,,,,,,,,,,,,,,,,,,,,,,,,,,,,,,,,,,,,,,,,,,,,,,,RXWmjRH5nzJn,,,
513,Sticky note,Sticky Notes,2,496,,,,,,,"On Every Staturday, Retail Sales team shall make a draft intent.
Route Planing shall be made (First draft)
Consider following :-
Minimum Display Qty. (MDQ).
SOH (exported from HC portal)
Last 7 days sale ((exported from HC portal)
",,,,,,,,,,,,,,,,,,,,,,,,,,,,,,,,,,,,,,,,,,,,,,,,,,,,,,,,,,,,,,,,,,,,,,,,,,,,,,,,,,,,,,,,,,,,,,,,,RXWmnbyFufjA,,,
514,Block,Standard,2,496,,,,,,,Each Saturday,,,,,,,,,,,,,,,,,,,,,,,,,,,,,,,,,,,,,,,,,,,,,,,,,,,,,,,,,,,,,,,,,,,,,,,,,,,,,,,,,,,,,,,,,,,,,,,,,RXWm78.GfXAl,,,
515,Block,Standard,2,496,,,,,,,Every Monday,,,,,,,,,,,,,,,,,,,,,,,,,,,,,,,,,,,,,,,,,,,,,,,,,,,,,,,,,,,,,,,,,,,,,,,,,,,,,,,,,,,,,,,,,,,,,,,,,RXWmm9HzltYn,,,
516,Block,Standard,2,496,,,,,,,By Monday or last by Tuesday,,,,,,,,,,,,,,,,,,,,,,,,,,,,,,,,,,,,,,,,,,,,,,,,,,,,,,,,,,,,,,,,,,,,,,,,,,,,,,,,,,,,,,,,,,,,,,,,,RXWmJ8Y_ukpf,,,
517,Process,Flowchart Shapes/Containers,2,493,,,,,,,Zepto,,,,,,,,,,,,,,,,,,,,,,,,,,,,,,,,,,,,,,,,,,,,,,,,,,,,,,,,,,,,,,,,,,,,,,,,,,,,,,,,,,,,,,,,,,,,,,,,,RXWms5lQ3Aff,,,
518,Block,Standard,2,493,,,,,,,"Download Bulk PO Excel Report from Seller Portal
(Link attached) ",,,,,,,,,,,,,,,,,,,,,,,,,,,,,,,,,,,,,,,,,,,,,,,,,,,,,,,,,,,,,,,,,,,,,,,,,,,,,,,,,,,,,,,,,,,,,,,,,RXWmbrZHNOSZ,,,
519,Sticky note,Sticky Notes,2,493,,,,,,,"Go to PO Management.
Go to PO life Cycle.
Select PO, Line level, time period.
Click download.
Refer Screenshot on left.",,,,,,,,,,,,,,,,,,,,,,,,,,,,,,,,,,,,,,,,,,,,,,,,,,,,,,,,,,,,,,,,,,,,,,,,,,,,,,,,,,,,,,,,,,,,,,,,,RXWmhL5DFFtG,,,
520,Sticky note,Sticky Notes,2,493,,,,,,,"Add column
Region
EAN code
Agreed Transfer Price
MRP
Add region and EAN Code from Product master sheet
Add Transfer price and MRP from Zepto Pricing Sheet and ensure that there is no diff in these.",,,,,,,,,,,,,,,,,,,,,,,,,,,,,,,,,,,,,,,,,,,,,,,,,,,,,,,,,,,,,,,,,,,,,,,,,,,,,,,,,,,,,,,,,,,,,,,,,RXWmqof6GyD6,,,
521,Decision,Flowchart Shapes/Containers,2,493,,,,,,,Data Prapration and Validation,,,,,,,,,,,,,,,,,,,,,,,,,,,,,,,,,,,,,,,,,,,,,,,,,,,,,,,,,,,,,,,,,,,,,,,,,,,,,,,,,,,,,,,,,,,,,,,,,RXWmGWWkRpoF,,,
522,Process,Flowchart Shapes/Containers,2,493,,,,,,,Mail to Zepto for revised PO or PO cancellation,,,,,,,,,,,,,,,,,,,,,,,,,,,,,,,,,,,,,,,,,,,,,,,,,,,,,,,,,,,,,,,,,,,,,,,,,,,,,,,,,,,,,,,,,,,,,,,,,RXWmuzXWSJK~,,,
523,Process,Flowchart Shapes/Containers,2,493,,,,,,,Make Summary of POs using Pivot,,,,,,,,,,,,,,,,,,,,,,,,,,,,,,,,,,,,,,,,,,,,,,,,,,,,,,,,,,,,,,,,,,,,,,,,,,,,,,,,,,,,,,,,,,,,,,,,,RXWmuyo9UvBf,,,
524,Process,Flowchart Shapes/Containers,2,493,,,,,,,Prepare Sale order in ERP,,,,,,,,,,,,,,,,,,,,,,,,,,,,,,,,,,,,,,,,,,,,,,,,,,,,,,,,,,,,,,,,,,,,,,,,,,,,,,,,,,,,,,,,,,,,,,,,,RXWmS_N0j7g9,,,
525,Sticky note,Sticky Notes,2,493,,,,,,,"Run ""Sale order (fixed Qty)"" in ERP
Click ""New""
Voucher Name ""Zepto""
Enter Customer Name
Customer Name is state-wise in ERP
Shipping address is created in ERP for each location
Enter Customer PO number in ""Customer Order Field""
Go to Billing to Info
Customer shipping address
Check ""Billing address same as Shipping address"" except where Bill to Ship to model.
Go to Item Info
Copy paste each item's EAN
Enter Qty
Enter the rate as mentioned in PO. (which was verified in earlier steps)
Go to Stat Info
Select NG tax Template_1
Click Save.
",,,,,,,,,,,,,,,,,,,,,,,,,,,,,,,,,,,,,,,,,,,,,,,,,,,,,,,,,,,,,,,,,,,,,,,,,,,,,,,,,,,,,,,,,,,,,,,,,RXWmZUmdgJVT,,,
526,Process,Flowchart Shapes/Containers,2,494,,,,,,,Instamart,,,,,,,,,,,,,,,,,,,,,,,,,,,,,,,,,,,,,,,,,,,,,,,,,,,,,,,,,,,,,,,,,,,,,,,,,,,,,,,,,,,,,,,,,,,,,,,,,RXWmPL-I-Kbe,,,
527,Block,Standard,2,494,,,,,,,Download Bulk PO Excel Report from Seller Portal ,,,,,,,,,,,,,,,,,,,,,,,,,,,,,,,,,,,,,,,,,,,,,,,,,,,,,,,,,,,,,,,,,,,,,,,,,,,,,,,,,,,,,,,,,,,,,,,,,RXWm_szQywgd,,,
528,Sticky note,Sticky Notes,2,494,,,,,,,"Yesterday and today
Excel will be downloaded using ""Report Requests"" tab.",,,,,,,,,,,,,,,,,,,,,,,,,,,,,,,,,,,,,,,,,,,,,,,,,,,,,,,,,,,,,,,,,,,,,,,,,,,,,,,,,,,,,,,,,,,,,,,,,RXWm7V~fWk_q,,,
529,Sticky note,Sticky Notes,2,494,,,,,,,"Add column
Region
EAN code
Agreed Transfer Price
MRP
Add region and EAN Code from Product master sheet
Add Transfer price and MRP from Blinkit Pricing Sheet and ensure that there is no diff in these.",,,,,,,,,,,,,,,,,,,,,,,,,,,,,,,,,,,,,,,,,,,,,,,,,,,,,,,,,,,,,,,,,,,,,,,,,,,,,,,,,,,,,,,,,,,,,,,,,RXWm27XjsAcH,,,
530,Decision,Flowchart Shapes/Containers,2,494,,,,,,,Data Prapration and Validation,,,,,,,,,,,,,,,,,,,,,,,,,,,,,,,,,,,,,,,,,,,,,,,,,,,,,,,,,,,,,,,,,,,,,,,,,,,,,,,,,,,,,,,,,,,,,,,,,RXWmQw4umOc.,,,
531,Process,Flowchart Shapes/Containers,2,494,,,,,,,Mail to Instamart for revised PO or PO cancellation,,,,,,,,,,,,,,,,,,,,,,,,,,,,,,,,,,,,,,,,,,,,,,,,,,,,,,,,,,,,,,,,,,,,,,,,,,,,,,,,,,,,,,,,,,,,,,,,,RXWmgfFh.mTL,,,
532,Process,Flowchart Shapes/Containers,2,494,,,,,,,Make Summary of POs using Pivot,,,,,,,,,,,,,,,,,,,,,,,,,,,,,,,,,,,,,,,,,,,,,,,,,,,,,,,,,,,,,,,,,,,,,,,,,,,,,,,,,,,,,,,,,,,,,,,,,RXWm4vZAKh5J,,,
533,Process,Flowchart Shapes/Containers,2,494,,,,,,,Prepare Sale order in ERP,,,,,,,,,,,,,,,,,,,,,,,,,,,,,,,,,,,,,,,,,,,,,,,,,,,,,,,,,,,,,,,,,,,,,,,,,,,,,,,,,,,,,,,,,,,,,,,,,RXWmj0F8DE4.,,,
534,Sticky note,Sticky Notes,2,494,,,,,,,"Run ""Sale order (fixed Qty)"" in ERP
Click ""New""
Voucher Name ""Blinkit""
Enter Customer Name
Customer Name is state-wise in ERP
Shipping address is created in ERP for each location
Enter Customer PO number in ""Customer Order Field""
Go to Billing to Info
Customer shipping address
Check ""Billing address same as Shipping address"" except where Bill to Ship to model.
Go to Item Info
Copy paste each item's EAN
Enter Qty
Calculate and enter discount % from MRP 
Go to Stat Info
Select NG tax Template_1
Click Save.
",,,,,,,,,,,,,,,,,,,,,,,,,,,,,,,,,,,,,,,,,,,,,,,,,,,,,,,,,,,,,,,,,,,,,,,,,,,,,,,,,,,,,,,,,,,,,,,,,RXWm4RHInjIG,,,
535,Process,Flowchart Shapes/Containers,2,495,,,,,,,Bigbasket,,,,,,,,,,,,,,,,,,,,,,,,,,,,,,,,,,,,,,,,,,,,,,,,,,,,,,,,,,,,,,,,,,,,,,,,,,,,,,,,,,,,,,,,,,,,,,,,,RXWmfD15AFyM,,,
536,Block,Standard,2,495,,,,,,,BB send PO on mail,,,,,,,,,,,,,,,,,,,,,,,,,,,,,,,,,,,,,,,,,,,,,,,,,,,,,,,,,,,,,,,,,,,,,,,,,,,,,,,,,,,,,,,,,,,,,,,,,RXWm6s7qxUMn,,,
537,Sticky note,Sticky Notes,2,495,,,,,,,"Seprate mail for each PO.
Format - Excel (not PDF).",,,,,,,,,,,,,,,,,,,,,,,,,,,,,,,,,,,,,,,,,,,,,,,,,,,,,,,,,,,,,,,,,,,,,,,,,,,,,,,,,,,,,,,,,,,,,,,,,RXWmS1aIRfiH,,,
538,Sticky note,Sticky Notes,2,495,,,,,,,"Add column
Region
EAN code
Agreed Transfer Price
MRP
Add region and EAN Code from Product master sheet
Add Transfer price and MRP from Blinkit Pricing Sheet and ensure that there is no diff in these.",,,,,,,,,,,,,,,,,,,,,,,,,,,,,,,,,,,,,,,,,,,,,,,,,,,,,,,,,,,,,,,,,,,,,,,,,,,,,,,,,,,,,,,,,,,,,,,,,RXWm0_r12dHi,,,
539,Decision,Flowchart Shapes/Containers,2,495,,,,,,,Data Validation,,,,,,,,,,,,,,,,,,,,,,,,,,,,,,,,,,,,,,,,,,,,,,,,,,,,,,,,,,,,,,,,,,,,,,,,,,,,,,,,,,,,,,,,,,,,,,,,,RXWmnw7v31_K,,,
540,Process,Flowchart Shapes/Containers,2,495,,,,,,,Mail to Big Basket for revised PO or PO cancellation,,,,,,,,,,,,,,,,,,,,,,,,,,,,,,,,,,,,,,,,,,,,,,,,,,,,,,,,,,,,,,,,,,,,,,,,,,,,,,,,,,,,,,,,,,,,,,,,,RXWmUEH.9mdY,,,
541,Process,Flowchart Shapes/Containers,2,495,,,,,,,Prepare Sale order in ERP,,,,,,,,,,,,,,,,,,,,,,,,,,,,,,,,,,,,,,,,,,,,,,,,,,,,,,,,,,,,,,,,,,,,,,,,,,,,,,,,,,,,,,,,,,,,,,,,,RXWm-SeRgXxY,,,
542,Sticky note,Sticky Notes,2,495,,,,,,,"Run ""Sale order (fixed Qty)"" in ERP
Click ""New""
Voucher Name ""Big Basket""
Enter Customer Name
Customer Name is state-wise in ERP
Shipping address is created in ERP for each location
Enter Customer PO number in ""Customer Order Field""
Go to Billing to Info
Customer shipping address
Check ""Billing address same as Shipping address"" except where Bill to Ship to model.
Go to Item Info
Copy paste each item's EAN
Enter Qty
Enter the rate as mentioned in PO. (which was verified in earlier steps)
Go to Stat Info
Select NG tax Template_1
Click Save.
",,,,,,,,,,,,,,,,,,,,,,,,,,,,,,,,,,,,,,,,,,,,,,,,,,,,,,,,,,,,,,,,,,,,,,,,,,,,,,,,,,,,,,,,,,,,,,,,,RXWmlSkfHIkM,,,
543,Process,Flowchart Shapes/Containers,2,492,,,,,,,"Add data in ""Pan Outward Sheet""",,,,,,,,,,,,,,,,,,,,,,,,,,,,,,,,,,,,,,,,,,,,,,,,,,,,,,,,,,,,,,,,,,,,,,,,,,,,,,,,,,,,,,,,,,,,,,,,,RXWmgjO6nxPk,,,
544,Terminator,Flowchart Shapes/Containers,2,496,,,,,,,Prepare Draft Sale order in ERP,,,,,,,,,,,,,,,,,,,,,,,,,,,,,,,,,,,,,,,,,,,,,,,,,,,,,,,,,,,,,,,,,,,,,,,,,,,,,,,,,,,,,,,,,,,,,,,,,RXWmWfBWR~Nd,,,
545,Decision,Flowchart Shapes/Containers,2,496,,,,,,,Is PO Same as SO already made in ERP,,,,,,,,,,,,,,,,,,,,,,,,,,,,,,,,,,,,,,,,,,,,,,,,,,,,,,,,,,,,,,,,,,,,,,,,,,,,,,,,,,,,,,,,,,,,,,,,,RXWmzHxFvP8S,,,
546,Process,Flowchart Shapes/Containers,2,496,,,,,,,Enter the PO number in Draft SO by editing SO.,,,,,,,,,,,,,,,,,,,,,,,,,,,,,,,,,,,,,,,,,,,,,,,,,,,,,,,,,,,,,,,,,,,,,,,,,,,,,,,,,,,,,,,,,,,,,,,,,RXWmTVxvOcnC,,,
547,Process,Flowchart Shapes/Containers,2,496,,,,,,,RCA and will ask them to resolve the issue and provide similar PO,,,,,,,,,,,,,,,,,,,,,,,,,,,,,,,,,,,,,,,,,,,,,,,,,,,,,,,,,,,,,,,,,,,,,,,,,,,,,,,,,,,,,,,,,,,,,,,,,RXWm_hpg.liD,,,
548,Process,Flowchart Shapes/Containers,2,496,,,,,,,Authorise SO,,,,,,,,,,,,,,,,,,,,,,,,,,,,,,,,,,,,,,,,,,,,,,,,,,,,,,,,,,,,,,,,,,,,,,,,,,,,,,,,,,,,,,,,,,,,,,,,,RXWm8atVM8ew,,,
549,User Image,User Images,2,496,,,,,,,,,,,,,,,,,,,,,,,,,,,,,,,,,,,,,,,,,,,,,,,,,,,,,,,,,,,,,,,,,,,,,,,,,,,,,,,,,,,,,,,,,,,,,,,,,,,,,,,,RXWmbqFN3gat,,,
550,User Image,User Images,2,496,,,,,,,,,,,,,,,,,,,,,,,,,,,,,,,,,,,,,,,,,,,,,,,,,,,,,,,,,,,,,,,,,,,,,,,,,,,,,,,,,,,,,,,,,,,,,,,,,,,,,,,,RXWm819xkCiL,,,
551,Sticky note,Sticky Notes,2,496,,,,,,,"This is will Contain One PO number for each region.
For eg - PO -99934 is of west. It will contain PO for all store which are in west location.
We should make PO location wise.
So, there may be many SO's against single purchase order.
Example shown below.
First Screenshort is first page of the PO
Second screenshot showing gap between two tables which is separating a Items/qty of of one location to another. However, the PO number would be same for all location which is in first image.",,,,,,,,,,,,,,,,,,,,,,,,,,,,,,,,,,,,,,,,,,,,,,,,,,,,,,,,,,,,,,,,,,,,,,,,,,,,,,,,,,,,,,,,,,,,,,,,,RXWmdV7i_tVB,,,
552,Sticky note,Sticky Notes,2,496,,,,,,,"Open Sale Order (fixed Qty)
Click authorise
Search SO
Tick the SO that need to be authorise.",,,,,,,,,,,,,,,,,,,,,,,,,,,,,,,,,,,,,,,,,,,,,,,,,,,,,,,,,,,,,,,,,,,,,,,,,,,,,,,,,,,,,,,,,,,,,,,,,RXWmNhf_H6ET,,,
553,Process,Flowchart Shapes/Containers,2,496,,,,,,,Enter details in PAN India Outward,,,,,,,,,,,,,,,,,,,,,,,,,,,,,,,,,,,,,,,,,,,,,,,,,,,,,,,,,,,,,,,,,,,,,,,,,,,,,,,,,,,,,,,,,,,,,,,,,RXWm7ZE-53C-,,,
554,User Image,User Images,2,496,,,,,,,,,,,,,,,,,,,,,,,,,,,,,,,,,,,,,,,,,,,,,,,,,,,,,,,,,,,,,,,,,,,,,,,,,,,,,,,,,,,,,,,,,,,,,,,,,,,,,,,,RXWmSv1E_wYA,,,
555,Rectangle container,Flowchart Shapes/Containers,2,496,,,,,,,,,,,,,,,,,,,,,,,,,,,,,,,,,,,,,,,,,,,,,,,,,,,,,,,,,,,,,,,,,,,,,,,,,,,,,,,,,,,,,,,,,,,,,,,,,,,,,,,,RXWme9H2WlPM,,,
556,Rectangle container,Flowchart Shapes/Containers,2,496,,,,,,,,,,,,,,,,,,,,,,,,,,,,,,,,,,,,,,,,,,,,,,,,,,,,,,,,,,,,,,,,,,,,,,,,,,,,,,,,,,,,,,,,,,,,,,,,,,,,,,,,RXWmmAj.5PdU,,,
557,Sticky note,Sticky Notes,2,496,,,,,,,"PO Number
PO Qty
PO Date
PO Expiry date",,,,,,,,,,,,,,,,,,,,,,,,,,,,,,,,,,,,,,,,,,,,,,,,,,,,,,,,,,,,,,,,,,,,,,,,,,,,,,,,,,,,,,,,,,,,,,,,,RXWmtQbaemiY,,,
558,Process,Flowchart Shapes/Containers,2,496,,,,,,,Enter details in PAN India Outward,,,,,,,,,,,,,,,,,,,,,,,,,,,,,,,,,,,,,,,,,,,,,,,,,,,,,,,,,,,,,,,,,,,,,,,,,,,,,,,,,,,,,,,,,,,,,,,,,RXWmkkYgTzpn,,,
559,Sticky note,Sticky Notes,2,496,,,,,,,"Run ""Sale order (fixed Qty)"" in ERP
Click ""New""
Voucher Name ""HomeCenter""
Enter Customer Name
Customer Name is store-wise in ERP
Use Store code mention
Can refer location detail for ERP name of this store customer name.
Go to Item Info
Enter Item Name (CTRL+F) to find
Can search item through Part No. column that contain EAN code.
Enter Qty
Apply discount%
Go to Stat Info
In case of Tax - Select NG tax Template_1
In case of Tax - Select Gross Total
Click Save.
Note :- We have made this SO without receiving the PO from customer.
",,,,,,,,,,,,,,,,,,,,,,,,,,,,,,,,,,,,,,,,,,,,,,,,,,,,,,,,,,,,,,,,,,,,,,,,,,,,,,,,,,,,,,,,,,,,,,,,,RXWmFu_DQGqa,,,
560,Sticky note,Sticky Notes,2,496,,,,,,,"Enter Sales channel
Plant/Nonplant
order type - Sale order
PO qty
SO Date
SO number
SO Qty
Delivery destination
Appointment date
Appointment time if any. ",,,,,,,,,,,,,,,,,,,,,,,,,,,,,,,,,,,,,,,,,,,,,,,,,,,,,,,,,,,,,,,,,,,,,,,,,,,,,,,,,,,,,,,,,,,,,,,,,RXWmADQOIg9J,,,
561,SparkFrameBlock,Lucidspark Shapes,2,,,,,,,,Shopper Stop O2C,,,,,,,,,,,,,,,,,,,,,,,,,,,,,,,,,,,,,,,,,,,,,,,,,,,,,,,,,,,,,,,,,,,,,,,,,,,,,,,,,,,,,,,,,,,,,,,,,RXWmzBrnz.QN,,,
562,Process,Flowchart Shapes/Containers,2,561,,,,,,,Shopper Stop,,,,,,,,,,,,,,,,,,,,,,,,,,,,,,,,,,,,,,,,,,,,,,,,,,,,,,,,,,,,,,,,,,,,,,,,,,,,,,,,,,,,,,,,,,,,,,,,,RXWmpNpGE68A,,,
563,Process,Flowchart Shapes/Containers,2,561,,,,,,,Prepare Expected PO/SO ,,,,,,,,,,,,,,,,,,,,,,,,,,,,,,,,,,,,,,,,,,,,,,,,,,,,,,,,,,,,,,,,,,,,,,,,,,,,,,,,,,,,,,,,,,,,,,,,,RXWm18K~ag2a,,,
564,Process,Flowchart Shapes/Containers,2,561,,,,,,,Send mail seeking an Purchase Order,,,,,,,,,,,,,,,,,,,,,,,,,,,,,,,,,,,,,,,,,,,,,,,,,,,,,,,,,,,,,,,,,,,,,,,,,,,,,,,,,,,,,,,,,,,,,,,,,RXWm719Ns.~w,,,
565,Process,Flowchart Shapes/Containers,2,561,,,,,,,Receive Actual PO,,,,,,,,,,,,,,,,,,,,,,,,,,,,,,,,,,,,,,,,,,,,,,,,,,,,,,,,,,,,,,,,,,,,,,,,,,,,,,,,,,,,,,,,,,,,,,,,,RXWmwrhYD~gQ,,,
566,Sticky note,Sticky Notes,2,561,,,,,,,"On Every Staturday, Retail Sales team shall make a draft intent.
Route Planing shall be made (First draft)
Consider following :-
Minimum Display Qty. (MDQ).
SOH (exported from HC portal)
Last 7 days sale ((exported from HC portal)
",,,,,,,,,,,,,,,,,,,,,,,,,,,,,,,,,,,,,,,,,,,,,,,,,,,,,,,,,,,,,,,,,,,,,,,,,,,,,,,,,,,,,,,,,,,,,,,,,RXWmk~A.lZ6d,,,
567,Block,Standard,2,561,,,,,,,Each Saturday,,,,,,,,,,,,,,,,,,,,,,,,,,,,,,,,,,,,,,,,,,,,,,,,,,,,,,,,,,,,,,,,,,,,,,,,,,,,,,,,,,,,,,,,,,,,,,,,,RXWm80qIKr64,,,
568,Block,Standard,2,561,,,,,,,Every Monday,,,,,,,,,,,,,,,,,,,,,,,,,,,,,,,,,,,,,,,,,,,,,,,,,,,,,,,,,,,,,,,,,,,,,,,,,,,,,,,,,,,,,,,,,,,,,,,,,RXWmB9W-aYJQ,,,
569,Block,Standard,2,561,,,,,,,By Monday or last by Tuesday,,,,,,,,,,,,,,,,,,,,,,,,,,,,,,,,,,,,,,,,,,,,,,,,,,,,,,,,,,,,,,,,,,,,,,,,,,,,,,,,,,,,,,,,,,,,,,,,,RXWmhz8QZr07,,,
570,Terminator,Flowchart Shapes/Containers,2,561,,,,,,,Prepare Draft Sale order in ERP,,,,,,,,,,,,,,,,,,,,,,,,,,,,,,,,,,,,,,,,,,,,,,,,,,,,,,,,,,,,,,,,,,,,,,,,,,,,,,,,,,,,,,,,,,,,,,,,,RXWmFf4Us1-m,,,
571,Decision,Flowchart Shapes/Containers,2,561,,,,,,,Is PO Same as SO already made in ERP,,,,,,,,,,,,,,,,,,,,,,,,,,,,,,,,,,,,,,,,,,,,,,,,,,,,,,,,,,,,,,,,,,,,,,,,,,,,,,,,,,,,,,,,,,,,,,,,,RXWm-cgMA_nW,,,
572,Process,Flowchart Shapes/Containers,2,561,,,,,,,Enter the PO number in Draft SO by editing SO.,,,,,,,,,,,,,,,,,,,,,,,,,,,,,,,,,,,,,,,,,,,,,,,,,,,,,,,,,,,,,,,,,,,,,,,,,,,,,,,,,,,,,,,,,,,,,,,,,RXWmJg287oB6,,,
573,Process,Flowchart Shapes/Containers,2,561,,,,,,,RCA and will ask them to resolve the issue and provide similar PO,,,,,,,,,,,,,,,,,,,,,,,,,,,,,,,,,,,,,,,,,,,,,,,,,,,,,,,,,,,,,,,,,,,,,,,,,,,,,,,,,,,,,,,,,,,,,,,,,RXWm3bd56._S,,,
574,Process,Flowchart Shapes/Containers,2,561,,,,,,,Authorise SO,,,,,,,,,,,,,,,,,,,,,,,,,,,,,,,,,,,,,,,,,,,,,,,,,,,,,,,,,,,,,,,,,,,,,,,,,,,,,,,,,,,,,,,,,,,,,,,,,RXWmTTgZcqKU,,,
575,User Image,User Images,2,561,,,,,,,,,,,,,,,,,,,,,,,,,,,,,,,,,,,,,,,,,,,,,,,,,,,,,,,,,,,,,,,,,,,,,,,,,,,,,,,,,,,,,,,,,,,,,,,,,,,,,,,,RXWmgT543bGr,,,
576,User Image,User Images,2,561,,,,,,,,,,,,,,,,,,,,,,,,,,,,,,,,,,,,,,,,,,,,,,,,,,,,,,,,,,,,,,,,,,,,,,,,,,,,,,,,,,,,,,,,,,,,,,,,,,,,,,,,RXWmsS~7pcCs,,,
577,Sticky note,Sticky Notes,2,561,,,,,,,"This is will Contain One PO number for each region.
For eg - PO -99934 is of west. It will contain PO for all store which are in west location.
We should make PO location wise.
So, there may be many SO's against single purchase order.
Example shown below.
First Screenshort is first page of the PO
Second screenshot showing gap between two tables which is separating a Items/qty of of one location to another. However, the PO number would be same for all location which is in first image.",,,,,,,,,,,,,,,,,,,,,,,,,,,,,,,,,,,,,,,,,,,,,,,,,,,,,,,,,,,,,,,,,,,,,,,,,,,,,,,,,,,,,,,,,,,,,,,,,RXWmD_83T2IP,,,
578,Sticky note,Sticky Notes,2,561,,,,,,,"Open Sale Order (fixed Qty)
Click authorise
Search SO
Tick the SO that need to be authorise.",,,,,,,,,,,,,,,,,,,,,,,,,,,,,,,,,,,,,,,,,,,,,,,,,,,,,,,,,,,,,,,,,,,,,,,,,,,,,,,,,,,,,,,,,,,,,,,,,RXWms44cy2N5,,,
579,Process,Flowchart Shapes/Containers,2,561,,,,,,,Enter details in PAN India Outward,,,,,,,,,,,,,,,,,,,,,,,,,,,,,,,,,,,,,,,,,,,,,,,,,,,,,,,,,,,,,,,,,,,,,,,,,,,,,,,,,,,,,,,,,,,,,,,,,RXWmrTZZTCu_,,,
580,User Image,User Images,2,561,,,,,,,,,,,,,,,,,,,,,,,,,,,,,,,,,,,,,,,,,,,,,,,,,,,,,,,,,,,,,,,,,,,,,,,,,,,,,,,,,,,,,,,,,,,,,,,,,,,,,,,,RXWmefmFTtsl,,,
581,Rectangle container,Flowchart Shapes/Containers,2,561,,,,,,,,,,,,,,,,,,,,,,,,,,,,,,,,,,,,,,,,,,,,,,,,,,,,,,,,,,,,,,,,,,,,,,,,,,,,,,,,,,,,,,,,,,,,,,,,,,,,,,,,RXWmJhD.ZlST,,,
582,Rectangle container,Flowchart Shapes/Containers,2,561,,,,,,,,,,,,,,,,,,,,,,,,,,,,,,,,,,,,,,,,,,,,,,,,,,,,,,,,,,,,,,,,,,,,,,,,,,,,,,,,,,,,,,,,,,,,,,,,,,,,,,,,RXWmh1E-CL1J,,,
583,Sticky note,Sticky Notes,2,561,,,,,,,"PO Number
PO Qty
PO Date
PO Expiry date",,,,,,,,,,,,,,,,,,,,,,,,,,,,,,,,,,,,,,,,,,,,,,,,,,,,,,,,,,,,,,,,,,,,,,,,,,,,,,,,,,,,,,,,,,,,,,,,,RXWmnJ75MiQP,,,
584,Process,Flowchart Shapes/Containers,2,561,,,,,,,Enter details in PAN India Outward,,,,,,,,,,,,,,,,,,,,,,,,,,,,,,,,,,,,,,,,,,,,,,,,,,,,,,,,,,,,,,,,,,,,,,,,,,,,,,,,,,,,,,,,,,,,,,,,,RXWmm31~zYa6,,,
585,Sticky note,Sticky Notes,2,561,,,,,,,"Run ""Sale order (fixed Qty)"" in ERP
Click ""New""
Voucher Name ""HomeCenter""
Enter Customer Name
Customer Name is store-wise in ERP
Use Store code mention
Can refer location detail for ERP name of this store customer name.
Go to Item Info
Enter Item Name (CTRL+F) to find
Can search item through Part No. column that contain EAN code.
Enter Qty
Apply discount%
Go to Stat Info
In case of Tax - Select NG tax Template_1
In case of Tax - Select Gross Total
Click Save.
Note :- We have made this SO without receiving the PO from customer.
",,,,,,,,,,,,,,,,,,,,,,,,,,,,,,,,,,,,,,,,,,,,,,,,,,,,,,,,,,,,,,,,,,,,,,,,,,,,,,,,,,,,,,,,,,,,,,,,,RXWmVrVkHbHs,,,
586,Sticky note,Sticky Notes,2,561,,,,,,,"Enter Sales channel
Plant/Nonplant
order type - Sale order
PO qty
SO Date
SO number
SO Qty
Delivery destination
Appointment date
Appointment time if any. ",,,,,,,,,,,,,,,,,,,,,,,,,,,,,,,,,,,,,,,,,,,,,,,,,,,,,,,,,,,,,,,,,,,,,,,,,,,,,,,,,,,,,,,,,,,,,,,,,RXWmIUr0aR7k,,,
587,SparkFrameBlock,Lucidspark Shapes,2,,,,,,,,Reliance O2C,,,,,,,,,,,,,,,,,,,,,,,,,,,,,,,,,,,,,,,,,,,,,,,,,,,,,,,,,,,,,,,,,,,,,,,,,,,,,,,,,,,,,,,,,,,,,,,,,RXWmvJoHwNl3,,,
588,Process,Flowchart Shapes/Containers,2,587,,,,,,,Reliance Smart,,,,,,,,,,,,,,,,,,,,,,,,,,,,,,,,,,,,,,,,,,,,,,,,,,,,,,,,,,,,,,,,,,,,,,,,,,,,,,,,,,,,,,,,,,,,,,,,,RXWmL3MrrI_P,,,
589,Process,Flowchart Shapes/Containers,2,587,,,,,,,Prepare Expected PO/SO ,,,,,,,,,,,,,,,,,,,,,,,,,,,,,,,,,,,,,,,,,,,,,,,,,,,,,,,,,,,,,,,,,,,,,,,,,,,,,,,,,,,,,,,,,,,,,,,,,RXWm2ZvkWwMS,,,
590,Process,Flowchart Shapes/Containers,2,587,,,,,,,Send mail seeking an Purchase Order,,,,,,,,,,,,,,,,,,,,,,,,,,,,,,,,,,,,,,,,,,,,,,,,,,,,,,,,,,,,,,,,,,,,,,,,,,,,,,,,,,,,,,,,,,,,,,,,,RXWmpGqyTRkP,,,
591,Process,Flowchart Shapes/Containers,2,587,,,,,,,Receive Actual PO,,,,,,,,,,,,,,,,,,,,,,,,,,,,,,,,,,,,,,,,,,,,,,,,,,,,,,,,,,,,,,,,,,,,,,,,,,,,,,,,,,,,,,,,,,,,,,,,,RXWmXc2jHC_d,,,
592,Sticky note,Sticky Notes,2,587,,,,,,,"On Every Staturday, Retail Sales team shall make a draft intent.
Route Planing shall be made (First draft)
Consider following :-
Minimum Display Qty. (MDQ).
SOH (exported from HC portal)
Last 7 days sale ((exported from HC portal)
",,,,,,,,,,,,,,,,,,,,,,,,,,,,,,,,,,,,,,,,,,,,,,,,,,,,,,,,,,,,,,,,,,,,,,,,,,,,,,,,,,,,,,,,,,,,,,,,,RXWmHxFshIDd,,,
593,Block,Standard,2,587,,,,,,,Each Saturday,,,,,,,,,,,,,,,,,,,,,,,,,,,,,,,,,,,,,,,,,,,,,,,,,,,,,,,,,,,,,,,,,,,,,,,,,,,,,,,,,,,,,,,,,,,,,,,,,RXWmu_4mAarJ,,,
594,Block,Standard,2,587,,,,,,,Every Monday,,,,,,,,,,,,,,,,,,,,,,,,,,,,,,,,,,,,,,,,,,,,,,,,,,,,,,,,,,,,,,,,,,,,,,,,,,,,,,,,,,,,,,,,,,,,,,,,,RXWmY_pcY1Ee,,,
595,Block,Standard,2,587,,,,,,,By Monday or last by Tuesday,,,,,,,,,,,,,,,,,,,,,,,,,,,,,,,,,,,,,,,,,,,,,,,,,,,,,,,,,,,,,,,,,,,,,,,,,,,,,,,,,,,,,,,,,,,,,,,,,RXWmZuWYn8IY,,,
596,Terminator,Flowchart Shapes/Containers,2,587,,,,,,,Prepare Draft Sale order in ERP,,,,,,,,,,,,,,,,,,,,,,,,,,,,,,,,,,,,,,,,,,,,,,,,,,,,,,,,,,,,,,,,,,,,,,,,,,,,,,,,,,,,,,,,,,,,,,,,,RXWmO9Vbxka5,,,
597,Decision,Flowchart Shapes/Containers,2,587,,,,,,,Is PO Same as SO already made in ERP,,,,,,,,,,,,,,,,,,,,,,,,,,,,,,,,,,,,,,,,,,,,,,,,,,,,,,,,,,,,,,,,,,,,,,,,,,,,,,,,,,,,,,,,,,,,,,,,,RXWmi~cccz1w,,,
598,Process,Flowchart Shapes/Containers,2,587,,,,,,,Enter the PO number in Draft SO by editing SO.,,,,,,,,,,,,,,,,,,,,,,,,,,,,,,,,,,,,,,,,,,,,,,,,,,,,,,,,,,,,,,,,,,,,,,,,,,,,,,,,,,,,,,,,,,,,,,,,,RXWmG~oo2RSb,,,
599,Process,Flowchart Shapes/Containers,2,587,,,,,,,RCA and will ask them to resolve the issue and provide similar PO,,,,,,,,,,,,,,,,,,,,,,,,,,,,,,,,,,,,,,,,,,,,,,,,,,,,,,,,,,,,,,,,,,,,,,,,,,,,,,,,,,,,,,,,,,,,,,,,,RXWmT1--3PNI,,,
600,Process,Flowchart Shapes/Containers,2,587,,,,,,,Authorise SO,,,,,,,,,,,,,,,,,,,,,,,,,,,,,,,,,,,,,,,,,,,,,,,,,,,,,,,,,,,,,,,,,,,,,,,,,,,,,,,,,,,,,,,,,,,,,,,,,RXWmAGKEwHU9,,,
601,User Image,User Images,2,587,,,,,,,,,,,,,,,,,,,,,,,,,,,,,,,,,,,,,,,,,,,,,,,,,,,,,,,,,,,,,,,,,,,,,,,,,,,,,,,,,,,,,,,,,,,,,,,,,,,,,,,,RXWm6kkVT4B7,,,
602,User Image,User Images,2,587,,,,,,,,,,,,,,,,,,,,,,,,,,,,,,,,,,,,,,,,,,,,,,,,,,,,,,,,,,,,,,,,,,,,,,,,,,,,,,,,,,,,,,,,,,,,,,,,,,,,,,,,RXWmoVyp3.rv,,,
603,Sticky note,Sticky Notes,2,587,,,,,,,"This is will Contain One PO number for each region.
For eg - PO -99934 is of west. It will contain PO for all store which are in west location.
We should make PO location wise.
So, there may be many SO's against single purchase order.
Example shown below.
First Screenshort is first page of the PO
Second screenshot showing gap between two tables which is separating a Items/qty of of one location to another. However, the PO number would be same for all location which is in first image.",,,,,,,,,,,,,,,,,,,,,,,,,,,,,,,,,,,,,,,,,,,,,,,,,,,,,,,,,,,,,,,,,,,,,,,,,,,,,,,,,,,,,,,,,,,,,,,,,RXWmGYFTFdo4,,,
604,Sticky note,Sticky Notes,2,587,,,,,,,"Open Sale Order (fixed Qty)
Click authorise
Search SO
Tick the SO that need to be authorise.",,,,,,,,,,,,,,,,,,,,,,,,,,,,,,,,,,,,,,,,,,,,,,,,,,,,,,,,,,,,,,,,,,,,,,,,,,,,,,,,,,,,,,,,,,,,,,,,,RXWmeCzWVscD,,,
605,Process,Flowchart Shapes/Containers,2,587,,,,,,,Enter details in PAN India Outward,,,,,,,,,,,,,,,,,,,,,,,,,,,,,,,,,,,,,,,,,,,,,,,,,,,,,,,,,,,,,,,,,,,,,,,,,,,,,,,,,,,,,,,,,,,,,,,,,RXWmxTJxDJAG,,,
606,User Image,User Images,2,587,,,,,,,,,,,,,,,,,,,,,,,,,,,,,,,,,,,,,,,,,,,,,,,,,,,,,,,,,,,,,,,,,,,,,,,,,,,,,,,,,,,,,,,,,,,,,,,,,,,,,,,,RXWmBAgpqsGj,,,
607,Rectangle container,Flowchart Shapes/Containers,2,587,,,,,,,,,,,,,,,,,,,,,,,,,,,,,,,,,,,,,,,,,,,,,,,,,,,,,,,,,,,,,,,,,,,,,,,,,,,,,,,,,,,,,,,,,,,,,,,,,,,,,,,,RXWm9T5C4sWf,,,
608,Rectangle container,Flowchart Shapes/Containers,2,587,,,,,,,,,,,,,,,,,,,,,,,,,,,,,,,,,,,,,,,,,,,,,,,,,,,,,,,,,,,,,,,,,,,,,,,,,,,,,,,,,,,,,,,,,,,,,,,,,,,,,,,,RXWmqbHWIdj5,,,
609,Sticky note,Sticky Notes,2,587,,,,,,,"PO Number
PO Qty
PO Date
PO Expiry date",,,,,,,,,,,,,,,,,,,,,,,,,,,,,,,,,,,,,,,,,,,,,,,,,,,,,,,,,,,,,,,,,,,,,,,,,,,,,,,,,,,,,,,,,,,,,,,,,RXWmjDn2Z7M4,,,
610,Process,Flowchart Shapes/Containers,2,587,,,,,,,Enter details in PAN India Outward,,,,,,,,,,,,,,,,,,,,,,,,,,,,,,,,,,,,,,,,,,,,,,,,,,,,,,,,,,,,,,,,,,,,,,,,,,,,,,,,,,,,,,,,,,,,,,,,,RXWmcEGV8HWC,,,
611,Sticky note,Sticky Notes,2,587,,,,,,,"Run ""Sale order (fixed Qty)"" in ERP
Click ""New""
Voucher Name ""HomeCenter""
Enter Customer Name
Customer Name is store-wise in ERP
Use Store code mention
Can refer location detail for ERP name of this store customer name.
Go to Item Info
Enter Item Name (CTRL+F) to find
Can search item through Part No. column that contain EAN code.
Enter Qty
Apply discount%
Go to Stat Info
In case of Tax - Select NG tax Template_1
In case of Tax - Select Gross Total
Click Save.
Note :- We have made this SO without receiving the PO from customer.
",,,,,,,,,,,,,,,,,,,,,,,,,,,,,,,,,,,,,,,,,,,,,,,,,,,,,,,,,,,,,,,,,,,,,,,,,,,,,,,,,,,,,,,,,,,,,,,,,RXWmTkmbniM3,,,
612,Sticky note,Sticky Notes,2,587,,,,,,,"Enter Sales channel
Plant/Nonplant
order type - Sale order
PO qty
SO Date
SO number
SO Qty
Delivery destination
Appointment date
Appointment time if any. ",,,,,,,,,,,,,,,,,,,,,,,,,,,,,,,,,,,,,,,,,,,,,,,,,,,,,,,,,,,,,,,,,,,,,,,,,,,,,,,,,,,,,,,,,,,,,,,,,RXWmPdXb0oN_,,,
613,Block,Standard,2,587,,,,,,,Within +1 day,,,,,,,,,,,,,,,,,,,,,,,,,,,,,,,,,,,,,,,,,,,,,,,,,,,,,,,,,,,,,,,,,,,,,,,,,,,,,,,,,,,,,,,,,,,,,,,,,RXWmcT0hNWLG,,,
614,User Image,User Images,2,492,,,,,,,,,,,,,,,,,,,,,,,,,,,,,,,,,,,,,,,,,,,,,,,,,,,,,,,,,,,,,,,,,,,,,,,,,,,,,,,,,,,,,,,,,,,,,,,,,,,,,,,,RXWmUYOcNc~8,,,
615,User Image,User Images,2,492,,,,,,,,,,,,,,,,,,,,,,,,,,,,,,,,,,,,,,,,,,,,,,,,,,,,,,,,,,,,,,,,,,,,,,,,,,,,,,,,,,,,,,,,,,,,,,,,,,,,,,,,RXWmIXiA3ETg,,,
616,User Image,User Images,2,493,,,,,,,,,,,,,,,,,,,,,,,,,,,,,,,,,,,,,,,,,,,,,,,,,,,,,,,,,,,,,,,,,,,,,,,,,,,,,,,,,,,,,,,,,,,,,,,,,,,,,,,,RXWmqwsMnjaS,,,
617,Rectangle container,Flowchart Shapes/Containers,2,493,,,,,,,,,,,,,,,,,,,,,,,,,,,,,,,,,,,,,,,,,,,,,,,,,,,,,,,,,,,,,,,,,,,,,,,,,,,,,,,,,,,,,,,,,,,,,,,,,,,,,,,,RXWmtaBsCWNY,,,
618,Rectangle container,Flowchart Shapes/Containers,2,493,,,,,,,,,,,,,,,,,,,,,,,,,,,,,,,,,,,,,,,,,,,,,,,,,,,,,,,,,,,,,,,,,,,,,,,,,,,,,,,,,,,,,,,,,,,,,,,,,,,,,,,,RXWmhFcV1hp1,,,
619,Rectangle container,Flowchart Shapes/Containers,2,492,,,,,,,,,,,,,,,,,,,,,,,,,,,,,,,,,,,,,,,,,,,,,,,,,,,,,,,,,,,,,,,,,,,,,,,,,,,,,,,,,,,,,,,,,,,,,,,,,,,,,,,,RXWmUeCl-W_R,,,
620,Block,Standard,2,492,,,,,,,Daily,,,,,,,,,,,,,,,,,,,,,,,,,,,,,,,,,,,,,,,,,,,,,,,,,,,,,,,,,,,,,,,,,,,,,,,,,,,,,,,,,,,,,,,,,,,,,,,,,RXWmQmL13B6Z,,,
621,Block,Standard,2,492,,,,,,,T+24 hrs?,,,,,,,,,,,,,,,,,,,,,,,,,,,,,,,,,,,,,,,,,,,,,,,,,,,,,,,,,,,,,,,,,,,,,,,,,,,,,,,,,,,,,,,,,,,,,,,,,RXWm.51Ay~eW,,,
622,Process,Flowchart Shapes/Containers,2,492,,,,,,,Authorise SO,,,,,,,,,,,,,,,,,,,,,,,,,,,,,,,,,,,,,,,,,,,,,,,,,,,,,,,,,,,,,,,,,,,,,,,,,,,,,,,,,,,,,,,,,,,,,,,,,RXWmuNyRiNw0,,,
623,Sticky note,Sticky Notes,2,492,,,,,,,"Open Sale Order (fixed Qty)
Click authorise
Search SO
Tick the SO that need to be authorise.",,,,,,,,,,,,,,,,,,,,,,,,,,,,,,,,,,,,,,,,,,,,,,,,,,,,,,,,,,,,,,,,,,,,,,,,,,,,,,,,,,,,,,,,,,,,,,,,,RXWmBILK3Njc,,,
624,Sticky note,Sticky Notes,2,492,,,,,,,"PO Number
PO Qty
PO Date
PO Expiry date",,,,,,,,,,,,,,,,,,,,,,,,,,,,,,,,,,,,,,,,,,,,,,,,,,,,,,,,,,,,,,,,,,,,,,,,,,,,,,,,,,,,,,,,,,,,,,,,,RXWmWQWdjKfq,,,
625,Process,Flowchart Shapes/Containers,2,493,,,,,,,"Add data in ""Pan Outward Sheet""",,,,,,,,,,,,,,,,,,,,,,,,,,,,,,,,,,,,,,,,,,,,,,,,,,,,,,,,,,,,,,,,,,,,,,,,,,,,,,,,,,,,,,,,,,,,,,,,,RXWmABsp1Ylb,,,
626,Process,Flowchart Shapes/Containers,2,493,,,,,,,Authorise SO,,,,,,,,,,,,,,,,,,,,,,,,,,,,,,,,,,,,,,,,,,,,,,,,,,,,,,,,,,,,,,,,,,,,,,,,,,,,,,,,,,,,,,,,,,,,,,,,,RXWmSN2Fhh94,,,
627,Sticky note,Sticky Notes,2,493,,,,,,,"Open Sale Order (fixed Qty)
Click authorise
Search SO
Tick the SO that need to be authorise.",,,,,,,,,,,,,,,,,,,,,,,,,,,,,,,,,,,,,,,,,,,,,,,,,,,,,,,,,,,,,,,,,,,,,,,,,,,,,,,,,,,,,,,,,,,,,,,,,RXWmYaPNNKRY,,,
628,Sticky note,Sticky Notes,2,493,,,,,,,"PO Number
PO Qty
PO Date
PO Expiry date",,,,,,,,,,,,,,,,,,,,,,,,,,,,,,,,,,,,,,,,,,,,,,,,,,,,,,,,,,,,,,,,,,,,,,,,,,,,,,,,,,,,,,,,,,,,,,,,,RXWms7PnqKOE,,,
629,Process,Flowchart Shapes/Containers,2,494,,,,,,,"Add data in ""Pan Outward Sheet""",,,,,,,,,,,,,,,,,,,,,,,,,,,,,,,,,,,,,,,,,,,,,,,,,,,,,,,,,,,,,,,,,,,,,,,,,,,,,,,,,,,,,,,,,,,,,,,,,RXWm.25wB7nO,,,
630,Process,Flowchart Shapes/Containers,2,494,,,,,,,Authorise SO,,,,,,,,,,,,,,,,,,,,,,,,,,,,,,,,,,,,,,,,,,,,,,,,,,,,,,,,,,,,,,,,,,,,,,,,,,,,,,,,,,,,,,,,,,,,,,,,,RXWmEDY8d3rL,,,
631,Sticky note,Sticky Notes,2,494,,,,,,,"Open Sale Order (fixed Qty)
Click authorise
Search SO
Tick the SO that need to be authorise.",,,,,,,,,,,,,,,,,,,,,,,,,,,,,,,,,,,,,,,,,,,,,,,,,,,,,,,,,,,,,,,,,,,,,,,,,,,,,,,,,,,,,,,,,,,,,,,,,RXWmoao-DjnU,,,
632,Sticky note,Sticky Notes,2,494,,,,,,,"PO Number
PO Qty
PO Date
PO Expiry date",,,,,,,,,,,,,,,,,,,,,,,,,,,,,,,,,,,,,,,,,,,,,,,,,,,,,,,,,,,,,,,,,,,,,,,,,,,,,,,,,,,,,,,,,,,,,,,,,RXWm23AYmTdu,,,
633,Process,Flowchart Shapes/Containers,2,495,,,,,,,"Add data in ""Pan Outward Sheet""",,,,,,,,,,,,,,,,,,,,,,,,,,,,,,,,,,,,,,,,,,,,,,,,,,,,,,,,,,,,,,,,,,,,,,,,,,,,,,,,,,,,,,,,,,,,,,,,,RXWmEvV-HIX1,,,
634,Process,Flowchart Shapes/Containers,2,495,,,,,,,Authorise SO,,,,,,,,,,,,,,,,,,,,,,,,,,,,,,,,,,,,,,,,,,,,,,,,,,,,,,,,,,,,,,,,,,,,,,,,,,,,,,,,,,,,,,,,,,,,,,,,,RXWmZv9L__QH,,,
635,Sticky note,Sticky Notes,2,495,,,,,,,"Open Sale Order (fixed Qty)
Click authorise
Search SO
Tick the SO that need to be authorise.",,,,,,,,,,,,,,,,,,,,,,,,,,,,,,,,,,,,,,,,,,,,,,,,,,,,,,,,,,,,,,,,,,,,,,,,,,,,,,,,,,,,,,,,,,,,,,,,,RXWmZ2zwkK4k,,,
636,Sticky note,Sticky Notes,2,495,,,,,,,"PO Number
PO Qty
PO Date
PO Expiry date",,,,,,,,,,,,,,,,,,,,,,,,,,,,,,,,,,,,,,,,,,,,,,,,,,,,,,,,,,,,,,,,,,,,,,,,,,,,,,,,,,,,,,,,,,,,,,,,,RXWm-N-~pWKM,,,
637,Decision,Flowchart Shapes/Containers,2,48,,,,,,,Discussion and approval from CEO,,,,,,,,,,,,,,,,,,,,,,,,,,,,,,,,,,,,,,,,,,,,,,,,,,,,,,,,,,,,,,,,,,,,,,,,,,,,,,,,,,,,,,,,,,,,,,,,,z~Wmj3Xj1bBO,,,
638,Decision,Flowchart Shapes/Containers,2,48,,,,,,,Revision required,,,,,,,,,,,,,,,,,,,,,,,,,,,,,,,,,,,,,,,,,,,,,,,,,,,,,,,,,,,,,,,,,,,,,,,,,,,,,,,,,,,,,,,,,,,,,,,,,2aXm.CMp1dpg,,DEFAULT_EMPTY,Primary_0
639,Process,Flowchart Shapes/Containers,2,48,,,,,,,Do required revision,,,,,,,,,,,,,,,,,,,,,,,,,,,,,,,,,,,,,,,,,,,,,,,,,,,,,,,,,,,,,,,,,,,,,,,,,,,,,,,,,,,,,,,,,,,,,,,,,2aXmfHQTUVxW,,DEFAULT_EMPTY,Primary_0
640,Decision,Flowchart Shapes/Containers,2,48,,,,,,,Drop,,,,,,,,,,,,,,,,,,,,,,,,,,,,,,,,,,,,,,,,,,,,,,,,,,,,,,,,,,,,,,,,,,,,,,,,,,,,,,,,,,,,,,,,,,,,,,,,,2aXmJ2ccnOM5,,DEFAULT_EMPTY,Primary_0
641,Decision,Flowchart Shapes/Containers,2,48,,,,,,,Now Approved?,,,,,,,,,,,,,,,,,,,,,,,,,,,,,,,,,,,,,,,,,,,,,,,,,,,,,,,,,,,,,,,,,,,,,,,,,,,,,,,,,,,,,,,,,,,,,,,,,2aXm4OENc9eC,,DEFAULT_EMPTY,Primary_0
642,Process,Flowchart Shapes/Containers,2,48,,,,,,,Primary Responsibility - Manager (Siddharth)   I  Secondary  Responsibility - AGM (Online) (Sumit),,,,,,,,,,,,,,,,,,,,,,,,,,,,,,,,,,,,,,,,,,,,,,,,,,,,,,,,,,,,,,,,,,,,,,,,,,,,,,,,,,,,,,,,,,,,,,,,,NdXmVNzxrYrQ,,,
643,Process,Flowchart Shapes/Containers,2,48,,,,,,,Primary Responsibility - AM Quick Comm (Yash) I Secondary  Responsibility - AGM (Online) (Sumit),,,,,,,,,,,,,,,,,,,,,,,,,,,,,,,,,,,,,,,,,,,,,,,,,,,,,,,,,,,,,,,,,,,,,,,,,,,,,,,,,,,,,,,,,,,,,,,,,NdXmjMBBUL_r,,,
644,Process,Flowchart Shapes/Containers,2,48,,,,,,,Every alternative day and deal/special days. SLA - Within 2 hours,,,,,,,,,,,,,,,,,,,,,,,,,,,,,,,,,,,,,,,,,,,,,,,,,,,,,,,,,,,,,,,,,,,,,,,,,,,,,,,,,,,,,,,,,,,,,,,,,NdXmsHQHZhJm,,,
645,Process,Flowchart Shapes/Containers,2,48,,,,,,,Every week and deal/special days. SLA - within 1 hour,,,,,,,,,,,,,,,,,,,,,,,,,,,,,,,,,,,,,,,,,,,,,,,,,,,,,,,,,,,,,,,,,,,,,,,,,,,,,,,,,,,,,,,,,,,,,,,,,NdXmB5y-w3Yz,,,
646,Process,Flowchart Shapes/Containers,2,14,,,,,,,SLA -   Alternative days  within 45 mins,,,,,,,,,,,,,,,,,,,,,,,,,,,,,,,,,,,,,,,,,,,,,,,,,,,,,,,,,,,,,,,,,,,,,,,,,,,,,,,,,,,,,,,,,,,,,,,,,MkXm5w5xTsly,,,
647,Process,Flowchart Shapes/Containers,2,14,,,,,,,Primary Responsibility - Assistant Manager Ecom  I  Secondary  Responsibility - AGM (Online) (Sumit),,,,,,,,,,,,,,,,,,,,,,,,,,,,,,,,,,,,,,,,,,,,,,,,,,,,,,,,,,,,,,,,,,,,,,,,,,,,,,,,,,,,,,,,,,,,,,,,,MkXmU4X40suU,,,
648,Block,Standard,2,6,,,,,,,Link this with AOP,,,,,,,,,,,,,,,,,,,,,,,,,,,,,,,,,,,,,,,,,,,,,,,,,,,,,,,,,,,,,,,,,,,,,,,,,,,,,,,,,,,,,,,,,,,,,,,,,El9mIGYirPYV,,,
649,Process,Flowchart Shapes/Containers,2,6,,,,,,,SLA -  ,,,,,,,,,,,,,,,,,,,,,,,,,,,,,,,,,,,,,,,,,,,,,,,,,,,,,,,,,,,,,,,,,,,,,,,,,,,,,,,,,,,,,,,,,,,,,,,,,9p9mTH_0sMHX,,,
650,Process,Flowchart Shapes/Containers,2,6,,,,,,,Primary Responsibility - Assistant Manager Ecom  I  Secondary  Responsibility - ,,,,,,,,,,,,,,,,,,,,,,,,,,,,,,,,,,,,,,,,,,,,,,,,,,,,,,,,,,,,,,,,,,,,,,,,,,,,,,,,,,,,,,,,,,,,,,,,,9p9mARZ3v5zZ,,,
651,Process,Flowchart Shapes/Containers,2,6|7,,,,,,,SLA -   Alternative days  within 45 mins,,,,,,,,,,,,,,,,,,,,,,,,,,,,,,,,,,,,,,,,,,,,,,,,,,,,,,,,,,,,,,,,,,,,,,,,,,,,,,,,,,,,,,,,,,,,,,,,,Qq9mKiHO5w4z,,,
652,Process,Flowchart Shapes/Containers,2,6|7,,,,,,,Primary Responsibility - Assistant Manager (Quick Comm)  I  Secondary  Responsibility - AGM (Online) (Sumit),,,,,,,,,,,,,,,,,,,,,,,,,,,,,,,,,,,,,,,,,,,,,,,,,,,,,,,,,,,,,,,,,,,,,,,,,,,,,,,,,,,,,,,,,,,,,,,,,Qq9mRNVyywLj,,,
653,Process,Flowchart Shapes/Containers,2,6,,,,,,,Revised sample from same vendor,,,,,,,,,,,,,,,,,,,,,,,,,,,,,,,,,,,,,,,,,,,,,,,,,,,,,,,,,,,,,,,,,,,,,,,,,,,,,,,,,,,,,,,,,,,,,,,,,AB9mSMRivFKa,,,
654,Decision,Flowchart Shapes/Containers,2,6,,,,,,,Resolved,,,,,,,,,,,,,,,,,,,,,,,,,,,,,,,,,,,,,,,,,,,,,,,,,,,,,,,,,,,,,,,,,,,,,,,,,,,,,,,,,,,,,,,,,,,,,,,,,eF9mxt~6aVcc,,,
655,Sticky note,Sticky Notes,2,49,,,,,,,"Fill following
Party Name
Bill No.
Bill Date (default it is current date but should be changed if required)
Vehicle Number
Driver's Name
Possible Voucher Type
Delivery failure
RTV
Fresh Purchase
Sample
RGP
Stock transfer
If any gate entry is entered delayed, it should be mentioned in remarks.",,,,,,,,,,,,,,,,,,,,,,,,,,,,,,,,,,,,,,,,,,,,,,,,,,,,,,,,,,,,,,,,,,,,,,,,,,,,,,,,,,,,,,,,,,,,,,,,,QZqn87rPI7MU,,,
656,Database,Flowchart Shapes/Containers,2,49,,,,,,,GE no. generatd > Write it on Invoice,,,,,,,,,,,,,,,,,,,,,,,,,,,,,,,,,,,,,,,,,,,,,,,,,,,,,,,,,,,,,,,,,,,,,,,,,,,,,,,,,,,,,,,,,,,,,,,,,3krnF5R6KQt0,,,
657,Internal storage,Flowchart Shapes/Containers,2,49,,,,,,,Gate entry register,,,,,,,,,,,,,,,,,,,,,,,,,,,,,,,,,,,,,,,,,,,,,,,,,,,,,,,,,,,,,,,,,,,,,,,,,,,,,,,,,,,,,,,,,,,,,,,,,tnrnvh7w7Y51,,,
658,Process,Flowchart Shapes/Containers,2,49,,,,,,,Physcial count > write this on invoice / Credit Note,,,,,,,,,,,,,,,,,,,,,,,,,,,,,,,,,,,,,,,,,,,,,,,,,,,,,,,,,,,,,,,,,,,,,,,,,,,,,,,,,,,,,,,,,,,,,,,,,aNrn_9SYi_7s,,,
659,Database,Flowchart Shapes/Containers,2,49,,,,,,,Challan no. generatd > Write it on Invoice,,,,,,,,,,,,,,,,,,,,,,,,,,,,,,,,,,,,,,,,,,,,,,,,,,,,,,,,,,,,,,,,,,,,,,,,,,,,,,,,,,,,,,,,,,,,,,,,,​-ZrnLF-gtaTc,,,
660,Internal storage,Flowchart Shapes/Containers,2,49,,,,,,,Challan register,,,,,,,,,,,,,,,,,,,,,,,,,,,,,,,,,,,,,,,,,,,,,,,,,,,,,,,,,,,,,,,,,,,,,,,,,,,,,,,,,,,,,,,,,,,,,,,,,m0rnGkbT5h68,,,
661,Process,Flowchart Shapes/Containers,2,49,,,,,,,Open Inward challan > New > Select Gate entry No. > ,,,,,,,,,,,,,,,,,,,,,,,,,,,,,,,,,,,,,,,,,,,,,,,,,,,,,,,,,,,,,,,,,,,,,,,,,,,,,,,,,,,,,,,,,,,,,,,,,Y3rnREI15S5~,,,
662,Sticky note,Sticky Notes,2,49,,,,,,,"It will show all Pending PO's against that party.
Select the PO of which this material is received.
Enter
Billed Base qty (as shown on invoice)
Billed Rate
Received base qty (physical count)
Received based qty will be filled automatically with billed qty but if there is any difference, then we should mannually correct this.",,,,,,,,,,,,,,,,,,,,,,,,,,,,,,,,,,,,,,,,,,,,,,,,,,,,,,,,,,,,,,,,,,,,,,,,,,,,,,,,,,,,,,,,,,,,,,,,,Y3rncrVR6VxP,,,
663,Sticky note,Sticky Notes,2,49,,,,,,,"This will show default store name (which is linked with that item code)
We can change store name but only in unusual circumstance after prior approval of WH head.",,,,,,,,,,,,,,,,,,,,,,,,,,,,,,,,,,,,,,,,,,,,,,,,,,,,,,,,,,,,,,,,,,,,,,,,,,,,,,,,,,,,,,,,,,,,,,,,,J8tnUraSrQNB,,,
664,Process,Flowchart Shapes/Containers,2,49,,,,,,,Click Authorise > select respective MRN no. > Authorise,,,,,,,,,,,,,,,,,,,,,,,,,,,,,,,,,,,,,,,,,,,,,,,,,,,,,,,,,,,,,,,,,,,,,,,,,,,,,,,,,,,,,,,,,,,,,,,,,n_tnOPdS2cKM,,,
665,Database,Flowchart Shapes/Containers,2,49,,,,,,,MRN no. generatd > Write it on Invoice,,,,,,,,,,,,,,,,,,,,,,,,,,,,,,,,,,,,,,,,,,,,,,,,,,,,,,,,,,,,,,,,,,,,,,,,,,,,,,,,,,,,,,,,,,,,,,,,,n_tnSjZ1_VtP,,,
666,Internal storage,Flowchart Shapes/Containers,2,49,,,,,,,MRN register,,,,,,,,,,,,,,,,,,,,,,,,,,,,,,,,,,,,,,,,,,,,,,,,,,,,,,,,,,,,,,,,,,,,,,,,,,,,,,,,,,,,,,,,,,,,,,,,,n_tndJD7qRwQ,,,
667,Process,Flowchart Shapes/Containers,2,49,,,,,,,Open Inspection after MRN > New > MRN No. > Approved qty > Rej Reason > Save,,,,,,,,,,,,,,,,,,,,,,,,,,,,,,,,,,,,,,,,,,,,,,,,,,,,,,,,,,,,,,,,,,,,,,,,,,,,,,,,,,,,,,,,,,,,,,,,,V~tnfRPRrP2J,,,
668,Sticky note,Sticky Notes,2,49,,,,,,,"Four possible cases
Pass
Feedback
Refurb
Rejection
Pass and feedback both are to be considered as Approved.
Fill approved qty only, system will automatically calcuate rejected qty.
Fill Rejection reason from drop down only.",,,,,,,,,,,,,,,,,,,,,,,,,,,,,,,,,,,,,,,,,,,,,,,,,,,,,,,,,,,,,,,,,,,,,,,,,,,,,,,,,,,,,,,,,,,,,,,,,VaunM1u4PNkg,,,
669,Database,Flowchart Shapes/Containers,2,49,,,,,,,IAM no. generatd > Write it on Invoice,,,,,,,,,,,,,,,,,,,,,,,,,,,,,,,,,,,,,,,,,,,,,,,,,,,,,,,,,,,,,,,,,,,,,,,,,,,,,,,,,,,,,,,,,,,,,,,,,vgunUoksK7Bi,,,
670,Internal storage,Flowchart Shapes/Containers,2,49,,,,,,,IAM register,,,,,,,,,,,,,,,,,,,,,,,,,,,,,,,,,,,,,,,,,,,,,,,,,,,,,,,,,,,,,,,,,,,,,,,,,,,,,,,,,,,,,,,,,,,,,,,,,vgunD3hOmN4R,,,
671,Display,Flowchart Shapes/Containers,2,49,,,,,,,"Now, Inventory is live in ERP",,,,,,,,,,,,,,,,,,,,,,,,,,,,,,,,,,,,,,,,,,,,,,,,,,,,,,,,,,,,,,,,,,,,,,,,,,,,,,,,,,,,,,,,,,,,,,,,,PiunZS91nY_9,,,
672,Decision,Flowchart Shapes/Containers,2,49,,,,,,,,,,,,,,,,,,,,,,,,,,,,,,,,,,,,,,,,,,,,,,,,,,,,,,,,,,,,,,,,,,,,,,,,,,,,,,,,,,,,,,,,,,,,,,,,,,,,,,,,VrunqnB3uIWo,,,
673,Sticky note,Sticky Notes,2,49,,,,,,,"Debit note shall be raised for 
Qty. with are rejected in Inspection after MRN.
Qty difference between Billed and Received.
Debit should be made only of Value and not of qty because still it is physcially lying in NG's area.",,,,,,,,,,,,,,,,,,,,,,,,,,,,,,,,,,,,,,,,,,,,,,,,,,,,,,,,,,,,,,,,,,,,,,,,,,,,,,,,,,,,,,,,,,,,,,,,,Bwwn_W3dZLoZ,,,
674,Sticky note,Sticky Notes,2,49,,,,,,,"Mention following on bag
Name of bag - Date (DDMMYY)
Quantity
STN number
Warehouse head will do sample check either physcially or electronically.
Then only will approve the mail  and now he will seek apporval from finance dept.",,,,,,,,,,,,,,,,,,,,,,,,,,,,,,,,,,,,,,,,,,,,,,,,,,,,,,,,,,,,,,,,,,,,,,,,,,,,,,,,,,,,,,,,,,,,,,,,,pHOn4TH1X3-W,,,
675,Sticky note,Sticky Notes,2,49,,,,,,," GE date should be auto select as per current date.
Can we do GE through mobile. (by gate guard). - no
Offline gate resgiter should also be maintained.
Make vehicle number and transporter name mandatory. - yes possible
PO selection should be mandotory.
Pranav will share transporter list for inward outward boht to sandeep and he will update
Category
Self
Vendor vehicle
Transport list
In case of PTL mention AWB instead of Vehicle number.
Un-neccessary authorisation to be removed.
Gate entry (WH manager)
Can we remove MRN
Parnav will give QC1 rejection for dropdown. (multi select)
PO number in Inspection after mrn ",,,,,,,,,,,,,,,,,,,,,,,,,,,,,,,,,,,,,,,,,,,,,,,,,,,,,,,,,,,,,,,,,,,,,,,,,,,,,,,,,,,,,,,,,,,,,,,,,Nz4njo~7kdVU,,,
676,Preparation,Flowchart Shapes/Containers,2,15,,,,,,,Critical Sheet,,,,,,,,,,,,,,,,,,,,,,,,,,,,,,,,,,,,,,,,,,,,,,,,,,,,,,,,,,,,,,,,,,,,,,,,,,,,,,,,,,,,,,,,,,,,,,,,,y0XrTf9TlFNF,,,
677,Sticky note,Sticky Notes,2,15,,,,,,,1.Crital shall be done every tuesday then ashk will sent this to pranav ki ye item chahiye iss tarik tak fr paranv will tell when e will made this product available. Now if some item not came with in time limit. if pranav said nahi la paunga ya fr time line me nahi la paunga then he will escalate this with annu. Ashok face any isseu will held meeting with Annu on gather. ,,,,,,,,,,,,,,,,,,,,,,,,,,,,,,,,,,,,,,,,,,,,,,,,,,,,,,,,,,,,,,,,,,,,,,,,,,,,,,,,,,,,,,,,,,,,,,,,,y0XrRSfLKZ3O,,,
678,MinimalTextBlock,Standard,2,15,,,,,,,Critical to be done daily until it has less than 3 items. At less than 3 item - we will do it in alternative day,,,,,,,,,,,,,,,,,,,,,,,,,,,,,,,,,,,,,,,,,,,,,,,,,,,,,,,,,,,,,,,,,,,,,,,,,,,,,,,,,,,,,,,,,,,,,,,,,y0XriNIbymMV,,,
679,SparkFrameBlock,Lucidspark Shapes,2,,,,,,,,,,,,,,,,,,,,,,,,,,,,,,,,,,,,,,,,,,,,,,,,,,,,,,,,,,,,,,,,,,,,,,,,,,,,,,,,,,,,,,,,,,,,,,,,,,,,,,,,,UJZrn6t_D.5v,,,
680,SparkFrameBlock,Lucidspark Shapes,2,679,3237,,,,,,Add title,,,,,,,,,,,,,,,,,,,,,,,,,,,,,,,,,,,,,,,,,,,,,,,,,,,,,,,,,,,,,,,,,,,,,,,,,,,,,,,,,,,,,,,,,,,,,,,,,UJZrQVsAf.ij,,,
681,Preparation,Flowchart Shapes/Containers,2,679|680,3237,,,,,,Prepare Online Consol FG Sales Projection,,,,,,,,,,,,,,,,,,,,,,,,,,,,,,,,,,,,,,,,,,,,,,,,,,,,,,,,,,,,,,,,,,,,,,,,,,,,,,,,,,,,,,,,,,,,,,,,,UJZrU8Zm7O-I,,,
682,Sticky note,Sticky Notes,2,679|680,3237,,,,,,"SKUWISE QTY :-
M+2 (V3)
m+3 (V2)
M+4 (v1)
Actual Sale for M-1 (along with Revenue)",,,,,,,,,,,,,,,,,,,,,,,,,,,,,,,,,,,,,,,,,,,,,,,,,,,,,,,,,,,,,,,,,,,,,,,,,,,,,,,,,,,,,,,,,,,,,,,,,UJZrRwDywhSM,,,
683,Rectangle,Geometric Shapes,2,679|680,3237,,,,,,to PPC department,,,,,,,,,,,,,,,,,,,,,,,,,,,,,,,,,,,,,,,,,,,,,,,,,,,,,,,,,,,,,,,,,,,,,,,,,,,,,,,,,,,,,,,,,,,,,,,,,UJZr6CM9_E3Y,,,
684,Email,Salesforce Architecture Diagrams,2,679|680,3237,,,,,,,,,,,,,,,,,,,,,,,,,,,,,,,,,,,,,,,,,,,,,,,,,,,,,,,,,,,,,,,,,,,,,,,,,,,,,,,,,,,,,,,,,,,,,,,,,,,,,,,UJZrqbwv27Js,,,
685,Text,Standard,2,679|680,3237,,,,,,Online - Quick Com,,,,,,,,,,,,,,,,,,,,,,,,,,,,,,,,,,,,,,,,,,,,,,,,,,,,,,,,,,,,,,,,,,,,,,,,,,,,,,,,,,,,,,,,,,,,,,,,,UJZrHwdJdy.c,,,
686,SparkFrameBlock,Lucidspark Shapes,2,679,3238,,,,,,Add title,,,,,,,,,,,,,,,,,,,,,,,,,,,,,,,,,,,,,,,,,,,,,,,,,,,,,,,,,,,,,,,,,,,,,,,,,,,,,,,,,,,,,,,,,,,,,,,,,UJZr-rUNUkS7,,,
687,Sticky note,Sticky Notes,2,679|686,3238,,,,,,"SKUWISE QTY :-
M+2 (V3)
m+3 (V2)
M+4 (v1)
Actual Sale for M-1 (along with Revenue)",,,,,,,,,,,,,,,,,,,,,,,,,,,,,,,,,,,,,,,,,,,,,,,,,,,,,,,,,,,,,,,,,,,,,,,,,,,,,,,,,,,,,,,,,,,,,,,,,UJZr0mETFhrt,,,
688,Preparation,Flowchart Shapes/Containers,2,679|686,3238,,,,,,Prepare Retail FG Sales Projection,,,,,,,,,,,,,,,,,,,,,,,,,,,,,,,,,,,,,,,,,,,,,,,,,,,,,,,,,,,,,,,,,,,,,,,,,,,,,,,,,,,,,,,,,,,,,,,,,UJZrh5TJ1R9R,,,
689,Rectangle,Geometric Shapes,2,679|686,3238,,,,,,to PPC department,,,,,,,,,,,,,,,,,,,,,,,,,,,,,,,,,,,,,,,,,,,,,,,,,,,,,,,,,,,,,,,,,,,,,,,,,,,,,,,,,,,,,,,,,,,,,,,,,UJZr7OJkhBQs,,,
690,Email,Salesforce Architecture Diagrams,2,679|686,3238,,,,,,,,,,,,,,,,,,,,,,,,,,,,,,,,,,,,,,,,,,,,,,,,,,,,,,,,,,,,,,,,,,,,,,,,,,,,,,,,,,,,,,,,,,,,,,,,,,,,,,,UJZrI4F7sWh0,,,
691,Text,Standard,2,679|686,3238,,,,,,"Retail - Home-center, SS and Reliance",,,,,,,,,,,,,,,,,,,,,,,,,,,,,,,,,,,,,,,,,,,,,,,,,,,,,,,,,,,,,,,,,,,,,,,,,,,,,,,,,,,,,,,,,,,,,,,,,UJZrQi-SdU_0,,,
692,SparkFrameBlock,Lucidspark Shapes,2,679,3239,,,,,,Add title,,,,,,,,,,,,,,,,,,,,,,,,,,,,,,,,,,,,,,,,,,,,,,,,,,,,,,,,,,,,,,,,,,,,,,,,,,,,,,,,,,,,,,,,,,,,,,,,,UJZr~TknZPYS,,,
693,Preparation,Flowchart Shapes/Containers,2,679|692,3239,,,,,,Prepare Online Consol FG Sales Projection,,,,,,,,,,,,,,,,,,,,,,,,,,,,,,,,,,,,,,,,,,,,,,,,,,,,,,,,,,,,,,,,,,,,,,,,,,,,,,,,,,,,,,,,,,,,,,,,,UJZrx-0ZT_sW,,,
694,Sticky note,Sticky Notes,2,679|692,3239,,,,,,"SKUWISE QTY :-
M+2 (V3)
m+3 (V2)
M+4 (v1)
Actual Sale for M-1 (along with Revenue)",,,,,,,,,,,,,,,,,,,,,,,,,,,,,,,,,,,,,,,,,,,,,,,,,,,,,,,,,,,,,,,,,,,,,,,,,,,,,,,,,,,,,,,,,,,,,,,,,UJZrx1W3zYbN,,,
695,Rectangle,Geometric Shapes,2,679|692,3239,,,,,,to PPC department,,,,,,,,,,,,,,,,,,,,,,,,,,,,,,,,,,,,,,,,,,,,,,,,,,,,,,,,,,,,,,,,,,,,,,,,,,,,,,,,,,,,,,,,,,,,,,,,,UJZrbaIjuB8D,,,
696,Email,Salesforce Architecture Diagrams,2,679|692,3239,,,,,,,,,,,,,,,,,,,,,,,,,,,,,,,,,,,,,,,,,,,,,,,,,,,,,,,,,,,,,,,,,,,,,,,,,,,,,,,,,,,,,,,,,,,,,,,,,,,,,,,UJZrnewaKpW3,,,
697,Text,Standard,2,679|692,3239,,,,,,Online - Ecom,,,,,,,,,,,,,,,,,,,,,,,,,,,,,,,,,,,,,,,,,,,,,,,,,,,,,,,,,,,,,,,,,,,,,,,,,,,,,,,,,,,,,,,,,,,,,,,,,UJZrwnB-.Aeu,,,
698,Block,Standard,2,679|692,,,,,,,by 15th of Every Month,,,,,,,,,,,,,,,,,,,,,,,,,,,,,,,,,,,,,,,,,,,,,,,,,,,,,,,,,,,,,,,,,,,,,,,,,,,,,,,,,,,,,,,,,,,,,,,,,UJZrBl.kA8-.,,,
699,Block,Standard,2,679|680,,,,,,,by 15th of Every Month,,,,,,,,,,,,,,,,,,,,,,,,,,,,,,,,,,,,,,,,,,,,,,,,,,,,,,,,,,,,,,,,,,,,,,,,,,,,,,,,,,,,,,,,,,,,,,,,,UJZr5s6yzQbE,,,
700,Block,Standard,2,679|686,,,,,,,by 15th of Every Month,,,,,,,,,,,,,,,,,,,,,,,,,,,,,,,,,,,,,,,,,,,,,,,,,,,,,,,,,,,,,,,,,,,,,,,,,,,,,,,,,,,,,,,,,,,,,,,,,UJZrm2jdiFLe,,,
701,Block,Standard,2,679,,,,,,,"Paste DRR, Fill rate and Avail. of last month in ""Online Sales projection"" from Online Review sheet",,,,,,,,,,,,,,,,,,,,,,,,,,,,,,,,,,,,,,,,,,,,,,,,,,,,,,,,,,,,,,,,,,,,,,,,,,,,,,,,,,,,,,,,,,,,,,,,,UJZr~QdxU7bk,,,
702,Preparation,Flowchart Shapes/Containers,2,679,,,,,,,Calculation of Sales Projection,,,,,,,,,,,,,,,,,,,,,,,,,,,,,,,,,,,,,,,,,,,,,,,,,,,,,,,,,,,,,,,,,,,,,,,,,,,,,,,,,,,,,,,,,,,,,,,,,UJZrU_9WSe~m,,,
703,Sticky note,Sticky Notes,2,679,,,,,,,"This need to be done for :-
M+2 (V3)
M+3 (V2)
M+4 (V1)
Calculate weekly Best BAU DRR of each month.
Growth due to better fill rate/ Availability
Platform growth (Example - 5%, 10% etc)
Increase in DRR due to business development such as onboarding new dark stores.
Growth due to additional budget or efficiency of advertisement.
Add additional DRR for Event or Sale.
RTV buffer (only applicable in plants) :-
%=RTV/Total invoicing
Multiply RTV% with (2+3+4+5)
Final Sale Projection = 2+3+4+5+6",,,,,,,,,,,,,,,,,,,,,,,,,,,,,,,,,,,,,,,,,,,,,,,,,,,,,,,,,,,,,,,,,,,,,,,,,,,,,,,,,,,,,,,,,,,,,,,,,UJZrsILvx_d7,,,
704,Process,Flowchart Shapes/Containers,2,679,,,,,,,Primary Responsibility - Assistant Manager Ecom  I  Secondary  Responsibility - AGM Online sales,,,,,,,,,,,,,,,,,,,,,,,,,,,,,,,,,,,,,,,,,,,,,,,,,,,,,,,,,,,,,,,,,,,,,,,,,,,,,,,,,,,,,,,,,,,,,,,,,UJZrm1UJ0u9T,,,
705,Block,Standard,2,679,,,,,,,Retail sales projection,,,,,,,,,,,,,,,,,,,,,,,,,,,,,,,,,,,,,,,,,,,,,,,,,,,,,,,,,,,,,,,,,,,,,,,,,,,,,,,,,,,,,,,,,,,,,,,,,UJZr3yaYP_Hf,,,
706,Process,Flowchart Shapes/Containers,2,679,,,,,,,Preparation of sales projection by Sales team,,,,,,,,,,,,,,,,,,,,,,,,,,,,,,,,,,,,,,,,,,,,,,,,,,,,,,,,,,,,,,,,,,,,,,,,,,,,,,,,,,,,,,,,,,,,,,,,,.j0r1ecDEvrY,,,
707,Process,Flowchart Shapes/Containers,2,8,,,,,,,RM Purchase Planing by Planing Department,,,,,,,,,,,,,,,,,,,,,,,,,,,,,,,,,,,,,,,,,,,,,,,,,,,,,,,,,,,,,,,,,,,,,,,,,,,,,,,,,,,,,,,,,,,,,,,,,Yp0rdJcP.cZI,,,
708,Sticky note,Sticky Notes,2,679,,,,,,,"Split projected qty. into regions :-
North, South and west.
Calculate region wise sales mix using last 3 months sale.
Should be calculaed for each sales partner seprately.
Weather condition and inactive SKU should be considered while calculating region wise projected sales quantity.",,,,,,,,,,,,,,,,,,,,,,,,,,,,,,,,,,,,,,,,,,,,,,,,,,,,,,,,,,,,,,,,,,,,,,,,,,,,,,,,,,,,,,,,,,,,,,,,,RH0rS.-5r7Te,,,
709,Process,Flowchart Shapes/Containers,2,8,,,,,,,Update SOH and All open POs,,,,,,,,,,,,,,,,,,,,,,,,,,,,,,,,,,,,,,,,,,,,,,,,,,,,,,,,,,,,,,,,,,,,,,,,,,,,,,,,,,,,,,,,,,,,,,,,,~U0r30ck_1th,,,
710,Block,Standard,2,8,,,,,,,by 1st of Every Month,,,,,,,,,,,,,,,,,,,,,,,,,,,,,,,,,,,,,,,,,,,,,,,,,,,,,,,,,,,,,,,,,,,,,,,,,,,,,,,,,,,,,,,,,,,,,,,,,2V0rVgEM8fjT,,,
711,Sticky note,Sticky Notes,2,8,,,,,,,"All open POs who PO projected month has past shall be closed on 2nd of every month.
Any material received after expiring of its relevant PO projected month, shall be inward via next PO of that SKU raised for that vendor. If no such PO open in system (including forward months), then new PO shall be raise.",,,,,,,,,,,,,,,,,,,,,,,,,,,,,,,,,,,,,,,,,,,,,,,,,,,,,,,,,,,,,,,,,,,,,,,,,,,,,,,,,,,,,,,,,,,,,,,,,bW0ro1RpxURj,,,
712,Sticky note,Sticky Notes,2,8,,,,,,,"PO to be raised for following month :-
Plant - M+1
Non Plant - M+2",,,,,,,,,,,,,,,,,,,,,,,,,,,,,,,,,,,,,,,,,,,,,,,,,,,,,,,,,,,,,,,,,,,,,,,,,,,,,,,,,,,,,,,,,,,,,,,,,8odscAVOpuQ_,,,
713,Process,Flowchart Shapes/Containers,2,8,,,,,,,New vendor onboarding,,,,,,,,,,,,,,,,,,,,,,,,,,,,,,,,,,,,,,,,,,,,,,,,,,,,,,,,,,,,,,,,,,,,,,,,,,,,,,,,,,,,,,,,,,,,,,,,,EeisGm3utSt5,,,
714,Block,Standard,2,49,,,,,,,SLA- Earlier of 2 hours or  End of day ,,,,,,,,,,,,,,,,,,,,,,,,,,,,,,,,,,,,,,,,,,,,,,,,,,,,,,,,,,,,,,,,,,,,,,,,,,,,,,,,,,,,,,,,,,,,,,,,,ojTsAMcm6.iv,,,
715,Process,Flowchart Shapes/Containers,2,49,,,,,,,QC form,,,,,,,,,,,,,,,,,,,,,,,,,,,,,,,,,,,,,,,,,,,,,,,,,,,,,,,,,,,,,,,,,,,,,,,,,,,,,,,,,,,,,,,,,,,,,,,,,zhUs3aqeu4ma,,,
716,Preparation,Flowchart Shapes/Containers,2,679,,,,,,,Calculation of Sales Projection,,,,,,,,,,,,,,,,,,,,,,,,,,,,,,,,,,,,,,,,,,,,,,,,,,,,,,,,,,,,,,,,,,,,,,,,,,,,,,,,,,,,,,,,,,,,,,,,,w5Ws2hAA7IWc,,,
717,Sticky note,Sticky Notes,2,679,,,,,,,"This need to be done for :-
M+2 (V3)
M+3 (V2)
M+4 (V1)
Calculate weekly Best BAU DRR of each month.
Platform growth (Example - 5%, 10% etc)
Increase in DRR due to business development such as onboarding new stores.
Growth due to additional advertisement.
Add additional DRR for Event or Sale.
RTV buffer :-
%=RTV/Total invoicing
Multiply RTV% with (3+4+5)
Final Sale Projection = 2+3+4+5+6",,,,,,,,,,,,,,,,,,,,,,,,,,,,,,,,,,,,,,,,,,,,,,,,,,,,,,,,,,,,,,,,,,,,,,,,,,,,,,,,,,,,,,,,,,,,,,,,,w5WsUbkqqXRp,,,
718,Sticky note,Sticky Notes,2,43,,,,,,,"Why so no. is not getting auto popullate in store requisition
Why we are not following Outward inspection.",,,,,,,,,,,,,,,,,,,,,,,,,,,,,,,,,,,,,,,,,,,,,,,,,,,,,,,,,,,,,,,,,,,,,,,,,,,,,,,,,,,,,,,,,,,,,,,,,gn_s0Ze7qxGW,,,
719,Database,Flowchart Shapes/Containers,2,13:2|16|17:1,,,,,,,Store requisition no. generatd > Write it on Sale Order print,,,,,,,,,,,,,,,,,,,,,,,,,,,,,,,,,,,,,,,,,,,,,,,,,,,,,,,,,,,,,,,,,,,,,,,,,,,,,,,,,,,,,,,,,,,,,,,,,Bu_s4Yshc3bI,,Primary_2,DEFAULT_EMPTY
720,Process,Flowchart Shapes/Containers,2,13:2|16|17:1,,,,,,,Click Authorise > select respective requisition no. > Authorise,,,,,,,,,,,,,,,,,,,,,,,,,,,,,,,,,,,,,,,,,,,,,,,,,,,,,,,,,,,,,,,,,,,,,,,,,,,,,,,,,,,,,,,,,,,,,,,,,nw_sdo_Bp-82,,,
721,Process,Flowchart Shapes/Containers,2,13:2|16|17:1,,,,,,,"Open ""Store Issue""",,,,,,,,,,,,,,,,,,,,,,,,,,,,,,,,,,,,,,,,,,,,,,,,,,,,,,,,,,,,,,,,,,,,,,,,,,,,,,,,,,,,,,,,,,,,,,,,,Hy_sbhKQcdCW,,,
722,Database,Flowchart Shapes/Containers,2,13:2|16|17:1,,,,,,,Issue no. generatd > Write it on Sale Order print,,,,,,,,,,,,,,,,,,,,,,,,,,,,,,,,,,,,,,,,,,,,,,,,,,,,,,,,,,,,,,,,,,,,,,,,,,,,,,,,,,,,,,,,,,,,,,,,,nE_sUO_dxZyo,,,
723,Internal storage,Flowchart Shapes/Containers,2,13:2|16|17:1,,,,,,,Issue register,,,,,,,,,,,,,,,,,,,,,,,,,,,,,,,,,,,,,,,,,,,,,,,,,,,,,,,,,,,,,,,,,,,,,,,,,,,,,,,,,,,,,,,,,,,,,,,,,nE_sO3Af.EnD,,,
724,Process,Flowchart Shapes/Containers,2,13:2|16|17:1,,,,,,,Enter Consumption detail,,,,,,,,,,,,,,,,,,,,,,,,,,,,,,,,,,,,,,,,,,,,,,,,,,,,,,,,,,,,,,,,,,,,,,,,,,,,,,,,,,,,,,,,,,,,,,,,,2L_sMUob674o,,,
725,Sticky note,Sticky Notes,2,13:2|16|17:1,,,,,,,"Need to do item wise.
Just click on consumed qty > Enter > OK. > Save
Now, RM is converted into FG.",,,,,,,,,,,,,,,,,,,,,,,,,,,,,,,,,,,,,,,,,,,,,,,,,,,,,,,,,,,,,,,,,,,,,,,,,,,,,,,,,,,,,,,,,,,,,,,,,oP_s10UiEtTw,,,
726,Process,Flowchart Shapes/Containers,2,13:2|16|17:2,,,,,,,"Open ""Delivery Note"" > New > Select appropriate channel",,,,,,,,,,,,,,,,,,,,,,,,,,,,,,,,,,,,,,,,,,,,,,,,,,,,,,,,,,,,,,,,,,,,,,,,,,,,,,,,,,,,,,,,,,,,,,,,,9V_svYhvbvgi,,,
727,Decision,Flowchart Shapes/Containers,2,13:2|16,,,,,,,Check Finished good available in stock?,,,,,,,,,,,,,,,,,,,,,,,,,,,,,,,,,,,,,,,,,,,,,,,,,,,,,,,,,,,,,,,,,,,,,,,,,,,,,,,,,,,,,,,,,,,,,,,,,MW_sAe.78tDV,,,
728,Process,Flowchart Shapes/Containers,2,13:2|16|17:1,,,,,,,"Tick ""Is store""> Select - Destination Store > Finished Good > Select respective Sales order",,,,,,,,,,,,,,,,,,,,,,,,,,,,,,,,,,,,,,,,,,,,,,,,,,,,,,,,,,,,,,,,,,,,,,,,,,,,,,,,,,,,,,,,,,,,,,,,,IH_szROZqcij,,,
729,Process,Flowchart Shapes/Containers,2,13:2|16|17:1,,,,,,,"Open - ""Production and Movement"" > New > ",,,,,,,,,,,,,,,,,,,,,,,,,,,,,,,,,,,,,,,,,,,,,,,,,,,,,,,,,,,,,,,,,,,,,,,,,,,,,,,,,,,,,,,,,,,,,,,,,~E_sYRB8liYX,,,
730,Process,Flowchart Shapes/Containers,2,13:2|16|17:1,,,,,,,"Select - ""Online production and movement""",,,,,,,,,,,,,,,,,,,,,,,,,,,,,,,,,,,,,,,,,,,,,,,,,,,,,,,,,,,,,,,,,,,,,,,,,,,,,,,,,,,,,,,,,,,,,,,,,2F_sxGprRraS,,,
731,Process,Flowchart Shapes/Containers,2,13:2|16|17:2,,,,,,,"Select customer name > Store name ""Finished good""",,,,,,,,,,,,,,,,,,,,,,,,,,,,,,,,,,,,,,,,,,,,,,,,,,,,,,,,,,,,,,,,,,,,,,,,,,,,,,,,,,,,,,,,,,,,,,,,,9V_sP~cSk8RY,,,
732,Process,Flowchart Shapes/Containers,2,13:2|16|17:2,,,,,,,Open SO against that party of which FG is ready will appear now > Select SO against which material to be sent.,,,,,,,,,,,,,,,,,,,,,,,,,,,,,,,,,,,,,,,,,,,,,,,,,,,,,,,,,,,,,,,,,,,,,,,,,,,,,,,,,,,,,,,,,,,,,,,,,9V_sTnsw2TZj,,Primary_0,DEFAULT_EMPTY
733,Process,Flowchart Shapes/Containers,2,13:2|16|17:2,,,,,,,Enter quantities that you want to deliver > save,,,,,,,,,,,,,,,,,,,,,,,,,,,,,,,,,,,,,,,,,,,,,,,,,,,,,,,,,,,,,,,,,,,,,,,,,,,,,,,,,,,,,,,,,,,,,,,,,9V_siyyzw~Yl,,Primary_2,DEFAULT_EMPTY
734,Internal storage,Flowchart Shapes/Containers,2,13:2|16|17:1,,,,,,,Store requisition register,,,,,,,,,,,,,,,,,,,,,,,,,,,,,,,,,,,,,,,,,,,,,,,,,,,,,,,,,,,,,,,,,,,,,,,,,,,,,,,,,,,,,,,,,,,,,,,,,Bu_s-DMP3RQx,,Primary_2,DEFAULT_EMPTY
735,Sticky note,Sticky Notes,2,13:2|16|17:1,,,,,,,"Stage - Production floor.
It will show qty need to produce to fullfill this SO.
We can select Store from which material required to issue.
Then > Click on verify all. > save.
Material shall be issued for all items that need to produce to fulfill all SO need to outward ",,,,,,,,,,,,,,,,,,,,,,,,,,,,,,,,,,,,,,,,,,,,,,,,,,,,,,,,,,,,,,,,,,,,,,,,,,,,,,,,,,,,,,,,,,,,,,,,,5c_sl2XC2.w3,,Primary_1,DEFAULT_EMPTY
736,Process,Flowchart Shapes/Containers,2,13:2|16|17:1,,,,,,,"Open ""Store requisiton from Stage""",,,,,,,,,,,,,,,,,,,,,,,,,,,,,,,,,,,,,,,,,,,,,,,,,,,,,,,,,,,,,,,,,,,,,,,,,,,,,,,,,,,,,,,,,,,,,,,,,p2-sn0t4OyzX,,Primary_0,DEFAULT_EMPTY
737,Process,Flowchart Shapes/Containers,2,13:2|16|17:1,,,,,,,"Select - ""Online Store requistion""",,,,,,,,,,,,,,,,,,,,,,,,,,,,,,,,,,,,,,,,,,,,,,,,,,,,,,,,,,,,,,,,,,,,,,,,,,,,,,,,,,,,,,,,,,,,,,,,,orplZmmbQPnm,,Primary_1,DEFAULT_EMPTY
738,Sticky note,Sticky Notes,2,13:2|16|17:1,,,,,,,"select Voucher name - Online/Retail (Store issue)
Select store from which material to be issued.
Select respective requisition number.
Add Issue qty. It cannot be more than pending qty.
In case where there is two store involved in single requisition, then material need to be issue through multiple store issue.",,,,,,,,,,,,,,,,,,,,,,,,,,,,,,,,,,,,,,,,,,,,,,,,,,,,,,,,,,,,,,,,,,,,,,,,,,,,,,,,,,,,,,,,,,,,,,,,,Mz_sqDPojDoZ,,,
739,Database,Flowchart Shapes/Containers,2,13:2|16|17:1,,,,,,,Production no. generatd > Write it on Sale Order print,,,,,,,,,,,,,,,,,,,,,,,,,,,,,,,,,,,,,,,,,,,,,,,,,,,,,,,,,,,,,,,,,,,,,,,,,,,,,,,,,,,,,,,,,,,,,,,,,0Z_sxavEG1fZ,,,
740,Internal storage,Flowchart Shapes/Containers,2,13:2|16|17:1,,,,,,,Production register,,,,,,,,,,,,,,,,,,,,,,,,,,,,,,,,,,,,,,,,,,,,,,,,,,,,,,,,,,,,,,,,,,,,,,,,,,,,,,,,,,,,,,,,,,,,,,,,,0Z_szV-Msvja,,,
741,Database,Flowchart Shapes/Containers,2,13:2|16|17:2,,,,,,,Delivery note no. generated > Write it on Sale Order print,,,,,,,,,,,,,,,,,,,,,,,,,,,,,,,,,,,,,,,,,,,,,,,,,,,,,,,,,,,,,,,,,,,,,,,,,,,,,,,,,,,,,,,,,,,,,,,,,qa.sQf.dvTD1,,,
742,Internal storage,Flowchart Shapes/Containers,2,13:2|16|17:2,,,,,,,Delivery Note register,,,,,,,,,,,,,,,,,,,,,,,,,,,,,,,,,,,,,,,,,,,,,,,,,,,,,,,,,,,,,,,,,,,,,,,,,,,,,,,,,,,,,,,,,,,,,,,,,qa.sN_d2arip,,DEFAULT_EMPTY,Primary_2
743,Process,Flowchart Shapes/Containers,2,13:2|16|17:2,,,,,,,Click Authorise > select respective delivery note no. > Authorise,,,,,,,,,,,,,,,,,,,,,,,,,,,,,,,,,,,,,,,,,,,,,,,,,,,,,,,,,,,,,,,,,,,,,,,,,,,,,,,,,,,,,,,,,,,,,,,,,qa.sX0-VnK8V,,,
744,Process,Flowchart Shapes/Containers,2,13:2|16|17:2,,,,,,,Open Sale Invoice > New,,,,,,,,,,,,,,,,,,,,,,,,,,,,,,,,,,,,,,,,,,,,,,,,,,,,,,,,,,,,,,,,,,,,,,,,,,,,,,,,,,,,,,,,,,,,,,,,,6c.smaV_TDBS,,,
745,Sticky note,Sticky Notes,2,13:2|16|17:2,,,,,,,"Select Customer name.
Click Delivery Note list. > This will reflect all delivery note against which invoicing is pending.",,,,,,,,,,,,,,,,,,,,,,,,,,,,,,,,,,,,,,,,,,,,,,,,,,,,,,,,,,,,,,,,,,,,,,,,,,,,,,,,,,,,,,,,,,,,,,,,,od.s~wV3J3~u,,,
746,Process,Flowchart Shapes/Containers,2,13:2|16|17:2,,,,,,,Check Price and taxation,,,,,,,,,,,,,,,,,,,,,,,,,,,,,,,,,,,,,,,,,,,,,,,,,,,,,,,,,,,,,,,,,,,,,,,,,,,,,,,,,,,,,,,,,,,,,,,,,oh.sC2p2Fzcz,,,
747,Database,Flowchart Shapes/Containers,2,13:2|16|17:2,,,,,,,Invoice no. generated > Write it on Sale Order print,,,,,,,,,,,,,,,,,,,,,,,,,,,,,,,,,,,,,,,,,,,,,,,,,,,,,,,,,,,,,,,,,,,,,,,,,,,,,,,,,,,,,,,,,,,,,,,,,9j.sEQM2fcD0,,,
748,Internal storage,Flowchart Shapes/Containers,2,13:2|16|17:2,,,,,,,Sales register,,,,,,,,,,,,,,,,,,,,,,,,,,,,,,,,,,,,,,,,,,,,,,,,,,,,,,,,,,,,,,,,,,,,,,,,,,,,,,,,,,,,,,,,,,,,,,,,,9j.s9I13ei2o,,,
749,Process,Flowchart Shapes/Containers,2,13:2|16|17:2,,,,,,,Click Authorise > select respective Invoice no. > Authorise,,,,,,,,,,,,,,,,,,,,,,,,,,,,,,,,,,,,,,,,,,,,,,,,,,,,,,,,,,,,,,,,,,,,,,,,,,,,,,,,,,,,,,,,,,,,,,,,,9j.sjPjZ_I3~,,,
750,Process,Flowchart Shapes/Containers,2,13:2|16|17:2,,,,,,,Open Sales Invoice > View > Select Invoice Number,,,,,,,,,,,,,,,,,,,,,,,,,,,,,,,,,,,,,,,,,,,,,,,,,,,,,,,,,,,,,,,,,,,,,,,,,,,,,,,,,,,,,,,,,,,,,,,,,6k.sAsaH.jcH,,,
751,Process,Flowchart Shapes/Containers,2,13:2|16|17:2,,,,,,,Generate E-Invoice and E-way Bill,,,,,,,,,,,,,,,,,,,,,,,,,,,,,,,,,,,,,,,,,,,,,,,,,,,,,,,,,,,,,,,,,,,,,,,,,,,,,,,,,,,,,,,,,,,,,,,,,Kl.s2P~e2rxd,,,
752,Process,Flowchart Shapes/Containers,2,13:2|16|17:2,,,,,,,"Go to ""Billing to shipping info"" > Select appropriate delivery location > Save",,,,,,,,,,,,,,,,,,,,,,,,,,,,,,,,,,,,,,,,,,,,,,,,,,,,,,,,,,,,,,,,,,,,,,,,,,,,,,,,,,,,,,,,,,,,,,,,,7r.sV917ydEA,,,
753,Sticky note,Sticky Notes,2,13:2|16|17:2,,,,,,,"Go to Other info.
Enter follwing
EInv Supp type
Dispatch from state
Vehicle number
Transaction type
Vehicle type
Eway- transaction type
Mode of transportation
Place of consignor (Pincode)
Place of conisgnee (pincode)
Date of eway bill
Transporter ID, if any available",,,,,,,,,,,,,,,,,,,,,,,,,,,,,,,,,,,,,,,,,,,,,,,,,,,,,,,,,,,,,,,,,,,,,,,,,,,,,,,,,,,,,,,,,,,,,,,,,1j.soTL1gMon,,,
754,Process,Flowchart Shapes/Containers,2,13:2|16|17:2,,,,,,,Tick online Geneway > Generate eway.,,,,,,,,,,,,,,,,,,,,,,,,,,,,,,,,,,,,,,,,,,,,,,,,,,,,,,,,,,,,,,,,,,,,,,,,,,,,,,,,,,,,,,,,,,,,,,,,,0A.sQpjC9Oh~,,,
755,Process,Flowchart Shapes/Containers,2,13:2|16|17:2,,,,,,,Open Sales Invoice > View > select sales invoice no. > Print invoice and Eway bill both,,,,,,,,,,,,,,,,,,,,,,,,,,,,,,,,,,,,,,,,,,,,,,,,,,,,,,,,,,,,,,,,,,,,,,,,,,,,,,,,,,,,,,,,,,,,,,,,,AC.s_Sg4ybu8,,,
756,Database,Flowchart Shapes/Containers,2,13:2|16|17:1,,,,,,,Batch No. generated > Write it on Sale Order print,,,,,,,,,,,,,,,,,,,,,,,,,,,,,,,,,,,,,,,,,,,,,,,,,,,,,,,,,,,,,,,,,,,,,,,,,,,,,,,,,,,,,,,,,,,,,,,,,7satB21WU3qv,,,
757,Internal storage,Flowchart Shapes/Containers,2,13:2|16|17:1,,,,,,,Pending batch card report,,,,,,,,,,,,,,,,,,,,,,,,,,,,,,,,,,,,,,,,,,,,,,,,,,,,,,,,,,,,,,,,,,,,,,,,,,,,,,,,,,,,,,,,,,,,,,,,,vHat5l~HelRE,,,
758,Database,Flowchart Shapes/Containers,2,13:2|16|17:1,,,,,,,Store requisition no. generatd > Write it on Sale Order print,,,,,,,,,,,,,,,,,,,,,,,,,,,,,,,,,,,,,,,,,,,,,,,,,,,,,,,,,,,,,,,,,,,,,,,,,,,,,,,,,,,,,,,,,,,,,,,,,cMatTyixwC7Z,,,
759,Process,Flowchart Shapes/Containers,2,13:2|16|17:1,,,,,,,Select Production and Movement > New > Batch card no.,,,,,,,,,,,,,,,,,,,,,,,,,,,,,,,,,,,,,,,,,,,,,,,,,,,,,,,,,,,,,,,,,,,,,,,,,,,,,,,,,,,,,,,,,,,,,,,,,Z5at8-H995zD,,,
760,Decision,Flowchart Shapes/Containers,2,13:2|16|17:1,,,,,,,BOM exist?,,,,,,,,,,,,,,,,,,,,,,,,,,,,,,,,,,,,,,,,,,,,,,,,,,,,,,,,,,,,,,,,,,,,,,,,,,,,,,,,,,,,,,,,,,,,,,,,,F7atYj9YQYVO,,,
761,Process,Flowchart Shapes/Containers,2,13:2|16,,,,,,,Print Sales order,,,,,,,,,,,,,,,,,,,,,,,,,,,,,,,,,,,,,,,,,,,,,,,,,,,,,,,,,,,,,,,,,,,,,,,,,,,,,,,,,,,,,,,,,,,,,,,,,RgdtEdTaw1xr,,,
762,Process,Flowchart Shapes/Containers,2,13:2|16|17:2,,,,,,,Generate Gate pass,,,,,,,,,,,,,,,,,,,,,,,,,,,,,,,,,,,,,,,,,,,,,,,,,,,,,,,,,,,,,,,,,,,,,,,,,,,,,,,,,,,,,,,,,,,,,,,,,xjutKxIWHEoq,,,
763,Sticky note,Sticky Notes,2,13:2|16,,,,,,,"Open ""sale order (fixed qty)
Click > view > enter the copied sale order
Click Print .",,,,,,,,,,,,,,,,,,,,,,,,,,,,,,,,,,,,,,,,,,,,,,,,,,,,,,,,,,,,,,,,,,,,,,,,,,,,,,,,,,,,,,,,,,,,,,,,,~luthFLopJaH,,,
764,Process,Flowchart Shapes/Containers,2,13:1|16|17:1,,,,,,,Material would be transfered from RM/Polyhouse store to Production floor,,,,,,,,,,,,,,,,,,,,,,,,,,,,,,,,,,,,,,,,,,,,,,,,,,,,,,,,,,,,,,,,,,,,,,,,,,,,,,,,,,,,,,,,,,,,,,,,,cnuth6iLmep.,,Primary_1,DEFAULT_EMPTY
765,Sticky note,Sticky Notes,2,,,,,,,,"Outward executive will either raise delivery note.
Prod executive will raise store requisiton
Physcial movment - RM store to Potting zone. (in plant)
After production tf from potting zone to finished good store - issue to outward
packing is issue but not physcially moved.
Barcode to be done by outward team.
Outward staging area.",,,,,,,,,,,,,,,,,,,,,,,,,,,,,,,,,,,,,,,,,,,,,,,,,,,,,,,,,,,,,,,,,,,,,,,,,,,,,,,,,,,,,,,,,,,,,,,,,LvuthBX9B5.r,,,
766,Process,Flowchart Shapes/Containers,2,13:2|16,,,,,,,Primary Responsibility - Outward Executive  I  Secondary  Responsibility - ,,,,,,,,,,,,,,,,,,,,,,,,,,,,,,,,,,,,,,,,,,,,,,,,,,,,,,,,,,,,,,,,,,,,,,,,,,,,,,,,,,,,,,,,,,,,,,,,,yYvtgX9Csk2g,,,
767,Process,Flowchart Shapes/Containers,2,13:2|16|17:1,,,,,,,Primary Responsibility - Production Executive  I  Secondary  Responsibility - ,,,,,,,,,,,,,,,,,,,,,,,,,,,,,,,,,,,,,,,,,,,,,,,,,,,,,,,,,,,,,,,,,,,,,,,,,,,,,,,,,,,,,,,,,,,,,,,,,5-vtse2u5KZ0,,,
768,Process,Flowchart Shapes/Containers,2,13:2|16|17:1,,,,,,,Primary Responsibility - Store Executive  I  Secondary  Responsibility - ,,,,,,,,,,,,,,,,,,,,,,,,,,,,,,,,,,,,,,,,,,,,,,,,,,,,,,,,,,,,,,,,,,,,,,,,,,,,,,,,,,,,,,,,,,,,,,,,,2_vt~GgaueoB,,,
769,Process,Flowchart Shapes/Containers,2,13:2|16|17:1,,,,,,,Primary Responsibility - Production Executive  I  Secondary  Responsibility - Production Manager,,,,,,,,,,,,,,,,,,,,,,,,,,,,,,,,,,,,,,,,,,,,,,,,,,,,,,,,,,,,,,,,,,,,,,,,,,,,,,,,,,,,,,,,,,,,,,,,,z.vtHRWjcxKh,,,
770,Process,Flowchart Shapes/Containers,2,13:2|16|17:2,,,,,,,Primary Responsibility - Outward Executive  I  Secondary  Responsibility - ,,,,,,,,,,,,,,,,,,,,,,,,,,,,,,,,,,,,,,,,,,,,,,,,,,,,,,,,,,,,,,,,,,,,,,,,,,,,,,,,,,,,,,,,,,,,,,,,,fnwtTjs-R5hI,,,
771,Sticky note,Sticky Notes,2,13:2|16|17:2,,,,,,,"Enter following details
Sales Invoice No.
Transporter's name
Vehicle No.
Prepared By (Should be auto)
Date and Time shall not be editable",,,,,,,,,,,,,,,,,,,,,,,,,,,,,,,,,,,,,,,,,,,,,,,,,,,,,,,,,,,,,,,,,,,,,,,,,,,,,,,,,,,,,,,,,,,,,,,,,vswtYkwELIxX,,,
772,Database,Flowchart Shapes/Containers,2,13:2|16|17:2,,,,,,,Gate Pass no. generated > Write it on Sale Order print,,,,,,,,,,,,,,,,,,,,,,,,,,,,,,,,,,,,,,,,,,,,,,,,,,,,,,,,,,,,,,,,,,,,,,,,,,,,,,,,,,,,,,,,,,,,,,,,,RvwtHEIVe9od,,,
773,Internal storage,Flowchart Shapes/Containers,2,13:2|16|17:2,,,,,,,Gate Pass report,,,,,,,,,,,,,,,,,,,,,,,,,,,,,,,,,,,,,,,,,,,,,,,,,,,,,,,,,,,,,,,,,,,,,,,,,,,,,,,,,,,,,,,,,,,,,,,,,RvwtKe3k7Bnr,,,
774,Process,Flowchart Shapes/Containers,2,13:2|16|17:2,,,,,,,Click Authorise (by WH manager) > select respective Gate Pass no. > Authorise,,,,,,,,,,,,,,,,,,,,,,,,,,,,,,,,,,,,,,,,,,,,,,,,,,,,,,,,,,,,,,,,,,,,,,,,,,,,,,,,,,,,,,,,,,,,,,,,,RvwtC593LdV8,,,
775,Process,Flowchart Shapes/Containers,2,13:2|16|17:2,,,,,,,Primary Responsibility - Finance Executive  I  Secondary  Responsibility - ,,,,,,,,,,,,,,,,,,,,,,,,,,,,,,,,,,,,,,,,,,,,,,,,,,,,,,,,,,,,,,,,,,,,,,,,,,,,,,,,,,,,,,,,,,,,,,,,,cxwtR9Yuh0cE,,,
776,Process,Flowchart Shapes/Containers,2,13:2|16|17:2,,,,,,,Primary Responsibility - Outward Executive  I  Secondary  Responsibility - ,,,,,,,,,,,,,,,,,,,,,,,,,,,,,,,,,,,,,,,,,,,,,,,,,,,,,,,,,,,,,,,,,,,,,,,,,,,,,,,,,,,,,,,,,,,,,,,,,fAwtJ6PgwdR8,,,
777,Sticky note,Sticky Notes,2,13:2|16,,,,,,,"Open Delivery note.
Enter
Party Name
Select SO via SO list
Check available qty in ""Stock qty"" column.
This will represent qty of this item in finished good store.",,,,,,,,,,,,,,,,,,,,,,,,,,,,,,,,,,,,,,,,,,,,,,,,,,,,,,,,,,,,,,,,,,,,,,,,,,,,,,,,,,,,,,,,,,,,,,,,,IBwtVyzxWDzP,,,
778,Process,Flowchart Shapes/Containers,2,13:2|16|17:2,,,,,,,Connect with outward logistic,,,,,,,,,,,,,,,,,,,,,,,,,,,,,,,,,,,,,,,,,,,,,,,,,,,,,,,,,,,,,,,,,,,,,,,,,,,,,,,,,,,,,,,,,,,,,,,,,FPwtxMUlHiu_,,,
779,Process,Flowchart Shapes/Containers,2,13:1|16|17:1,,,,,,,Production activity will run in Polyhouse,,,,,,,,,,,,,,,,,,,,,,,,,,,,,,,,,,,,,,,,,,,,,,,,,,,,,,,,,,,,,,,,,,,,,,,,,,,,,,,,,,,,,,,,,,,,,,,,,~fxtn.QL8O0U,,,
780,Decision,Flowchart Shapes/Containers,2,13:1|16|17:1,,,,,,,Plant / Non Plant,,,,,,,,,,,,,,,,,,,,,,,,,,,,,,,,,,,,,,,,,,,,,,,,,,,,,,,,,,,,,,,,,,,,,,,,,,,,,,,,,,,,,,,,,,,,,,,,,Igxt~gmHusLA,,Primary_0,DEFAULT_EMPTY
781,Process,Flowchart Shapes/Containers,2,13:1|16|17:1,,,,,,,Move material from production floor to Packing area,,,,,,,,,,,,,,,,,,,,,,,,,,,,,,,,,,,,,,,,,,,,,,,,,,,,,,,,,,,,,,,,,,,,,,,,,,,,,,,,,,,,,,,,,,,,,,,,,YgxtsE3aqefW,,,
782,Process,Flowchart Shapes/Containers,2,13:1|16|17:1,,,,,,,Do Packing as required,,,,,,,,,,,,,,,,,,,,,,,,,,,,,,,,,,,,,,,,,,,,,,,,,,,,,,,,,,,,,,,,,,,,,,,,,,,,,,,,,,,,,,,,,,,,,,,,,xpxtN8y0gym9,,,
783,Process,Flowchart Shapes/Containers,2,13:1|16|17:2,,,,,,,Move material to RTD area,,,,,,,,,,,,,,,,,,,,,,,,,,,,,,,,,,,,,,,,,,,,,,,,,,,,,,,,,,,,,,,,,,,,,,,,,,,,,,,,,,,,,,,,,,,,,,,,,eqxtRWRBsLfF,,,
784,Process,Flowchart Shapes/Containers,2,13:1|16|17:2,,,,,,,Loading of material in Vehicle,,,,,,,,,,,,,,,,,,,,,,,,,,,,,,,,,,,,,,,,,,,,,,,,,,,,,,,,,,,,,,,,,,,,,,,,,,,,,,,,,,,,,,,,,,,,,,,,,8uxtPQPhPjlw,,,
785,Process,Flowchart Shapes/Containers,2,13:1|16|17:2,,,,,,,Vehicle disptached,,,,,,,,,,,,,,,,,,,,,,,,,,,,,,,,,,,,,,,,,,,,,,,,,,,,,,,,,,,,,,,,,,,,,,,,,,,,,,,,,,,,,,,,,,,,,,,,,BvxtSQirx9jM,,,
786,Process,Flowchart Shapes/Containers,2,13:2|16|17:2,,,,,,,Add detail in Pan India Outward Sheet,,,,,,,,,,,,,,,,,,,,,,,,,,,,,,,,,,,,,,,,,,,,,,,,,,,,,,,,,,,,,,,,,,,,,,,,,,,,,,,,,,,,,,,,,,,,,,,,,3vxtQOCxcqtF,,,
787,Process,Flowchart Shapes/Containers,2,13:1|16|17:2,,,,,,,Move material from Packing store to Outward  area/ Ready to disptach area,,,,,,,,,,,,,,,,,,,,,,,,,,,,,,,,,,,,,,,,,,,,,,,,,,,,,,,,,,,,,,,,,,,,,,,,,,,,,,,,,,,,,,,,,,,,,,,,,Ixxt3A1dpbWX,,,
788,Process,Flowchart Shapes/Containers,2,13:1|16|17:1,,,,,,,Primary Responsibility - Production Executive  I  Secondary  Responsibility - Production Manager,,,,,,,,,,,,,,,,,,,,,,,,,,,,,,,,,,,,,,,,,,,,,,,,,,,,,,,,,,,,,,,,,,,,,,,,,,,,,,,,,,,,,,,,,,,,,,,,,V6ItpZFM~tum,,,
789,Sticky note,Sticky Notes,2,13:2|16,,,,,,,"Open ""Store stock columnar report.
Filter the relevant item.
Check stock in finished good store.",,,,,,,,,,,,,,,,,,,,,,,,,,,,,,,,,,,,,,,,,,,,,,,,,,,,,,,,,,,,,,,,,,,,,,,,,,,,,,,,,,,,,,,,,,,,,,,,,hlJtC-Kbk6TH,,,
790,Sticky note,Sticky Notes,2,13:2|16,,,,,,,"Open ""BOM REGISTER"".
Filter the relevant item in ""Master item name ""column.
It will show all items which are in BOM of this revelant FG.
If cannot find that material > BOM does not exist.",,,,,,,,,,,,,,,,,,,,,,,,,,,,,,,,,,,,,,,,,,,,,,,,,,,,,,,,,,,,,,,,,,,,,,,,,,,,,,,,,,,,,,,,,,,,,,,,,rrJtCuaGajD.,,,
791,Process,Flowchart Shapes/Containers,2,9,,,,,,,Take latest DOC from Critical,,,,,,,,,,,,,,,,,,,,,,,,,,,,,,,,,,,,,,,,,,,,,,,,,,,,,,,,,,,,,,,,,,,,,,,,,,,,,,,,,,,,,,,,,,,,,,,,,cSLtZg.E4I0S,,,
792,Decision,Flowchart Shapes/Containers,2,9,,,,,,,DOC < 60 Days,,,,,,,,,,,,,,,,,,,,,,,,,,,,,,,,,,,,,,,,,,,,,,,,,,,,,,,,,,,,,,,,,,,,,,,,,,,,,,,,,,,,,,,,,,,,,,,,,n1Ltg68YGY1i,,,
793,Delay,Flowchart Shapes/Containers,2,9,,,,,,,Hold for logistic planing,,,,,,,,,,,,,,,,,,,,,,,,,,,,,,,,,,,,,,,,,,,,,,,,,,,,,,,,,,,,,,,,,,,,,,,,,,,,,,,,,,,,,,,,,,,,,,,,,51LtP~_Hr-gw,,,
794,Process,Flowchart Shapes/Containers,2,9,,,,,,,Enter logistic Planing data,,,,,,,,,,,,,,,,,,,,,,,,,,,,,,,,,,,,,,,,,,,,,,,,,,,,,,,,,,,,,,,,,,,,,,,,,,,,,,,,,,,,,,,,,,,,,,,,,81Lt.NU_jhWj,,,
795,Process,Flowchart Shapes/Containers,2,9,,,,,,,"Fill data in Workbook -  ""Vendor Wise distribution Sheet"" Sheet - ""SKUs wise logistic""",,,,,,,,,,,,,,,,,,,,,,,,,,,,,,,,,,,,,,,,,,,,,,,,,,,,,,,,,,,,,,,,,,,,,,,,,,,,,,,,,,,,,,,,,,,,,,,,,JwNtfjcv.AzQ,,,
796,Sticky note,Sticky Notes,2,9,,,,,,,"Month
Brand
Catgeory(Auto)
Vendor Name
Vendor City (Auto)
Week No. (Auto)
Item Name
Planned Qty - (Equal to PO qty)
PO Number",,,,,,,,,,,,,,,,,,,,,,,,,,,,,,,,,,,,,,,,,,,,,,,,,,,,,,,,,,,,,,,,,,,,,,,,,,,,,,,,,,,,,,,,,,,,,,,,,FxNt8bmwSNK9,,,
797,Process,Flowchart Shapes/Containers,2,9,,,,,,,Put status on HOLD for such items (change status to - OH HOLD),,,,,,,,,,,,,,,,,,,,,,,,,,,,,,,,,,,,,,,,,,,,,,,,,,,,,,,,,,,,,,,,,,,,,,,,,,,,,,,,,,,,,,,,,,,,,,,,,jANtVuh7PyTt,,,
798,Sticky note,Sticky Notes,2,9,,,,,,,"Tentative Dispatch date
Tentative Receiving date
Vehicle by
Vehicle Size
Freight Charges (If can be estimated), otherwise at the time of actual booking.
Ideally, overall freight cost should > 5%
Loading Point
Loading mode
Change Status to In-Progess",,,,,,,,,,,,,,,,,,,,,,,,,,,,,,,,,,,,,,,,,,,,,,,,,,,,,,,,,,,,,,,,,,,,,,,,,,,,,,,,,,,,,,,,,,,,,,,,,yCNtpnnU_tw6,,,
799,Sticky note,Sticky Notes,2,9,,,,,,,We do break and consolidate different PO's  into many trips. One trip may inlcude many POs and One POs may get delivered to us via more than one trip. This is done using past experience and various assumptions such as 1.Vehicle capacity 2. Route planing 3. Logistic cost etc.,,,,,,,,,,,,,,,,,,,,,,,,,,,,,,,,,,,,,,,,,,,,,,,,,,,,,,,,,,,,,,,,,,,,,,,,,,,,,,,,,,,,,,,,,,,,,,,,,DCNtMWmFc1OT,,,
800,Process,Flowchart Shapes/Containers,2,13:1|16|17:2,,,,,,,Do Barcoding,,,,,,,,,,,,,,,,,,,,,,,,,,,,,,,,,,,,,,,,,,,,,,,,,,,,,,,,,,,,,,,,,,,,,,,,,,,,,,,,,,,,,,,,,,,,,,,,,srOtZTZS9Pm6,,,
801,Process,Flowchart Shapes/Containers,2,13:1|16,,,,,,,Outward Process,,,,,,,,,,,,,,,,,,,,,,,,,,,,,,,,,,,,,,,,,,,,,,,,,,,,,,,,,,,,,,,,,,,,,,,,,,,,,,,,,,,,,,,,,,,,,,,,,RtOtwHe1t0Gu,,,
802,Process,Flowchart Shapes/Containers,2,13:1|16,,,,,,,Material lying in store,,,,,,,,,,,,,,,,,,,,,,,,,,,,,,,,,,,,,,,,,,,,,,,,,,,,,,,,,,,,,,,,,,,,,,,,,,,,,,,,,,,,,,,,,,,,,,,,,txOtmcJRU8LS,,Primary_0,DEFAULT_EMPTY
803,Process,Flowchart Shapes/Containers,2,13:1|16,,,,,,,RM - Non Plant,,,,,,,,,,,,,,,,,,,,,,,,,,,,,,,,,,,,,,,,,,,,,,,,,,,,,,,,,,,,,,,,,,,,,,,,,,,,,,,,,,,,,,,,,,,,,,,,,SxOth3QitQIj,,,
804,Process,Flowchart Shapes/Containers,2,13:1|16,,,,,,,RM-Plant,,,,,,,,,,,,,,,,,,,,,,,,,,,,,,,,,,,,,,,,,,,,,,,,,,,,,,,,,,,,,,,,,,,,,,,,,,,,,,,,,,,,,,,,,,,,,,,,,UxOtwLw8ofjJ,,,
805,Process,Flowchart Shapes/Containers,2,13:1|16,,,,,,,As Raw material on bed,,,,,,,,,,,,,,,,,,,,,,,,,,,,,,,,,,,,,,,,,,,,,,,,,,,,,,,,,,,,,,,,,,,,,,,,,,,,,,,,,,,,,,,,,,,,,,,,,tAOtXqqnCE9x,,,
806,Process,Flowchart Shapes/Containers,2,13:1|16,,,,,,,AS FG (After potting but before packing) know as Stage qty.,,,,,,,,,,,,,,,,,,,,,,,,,,,,,,,,,,,,,,,,,,,,,,,,,,,,,,,,,,,,,,,,,,,,,,,,,,,,,,,,,,,,,,,,,,,,,,,,,zAOtHQxg4qES,,,
807,Process,Flowchart Shapes/Containers,2,13:1|16,,,,,,,As Raw material in store,,,,,,,,,,,,,,,,,,,,,,,,,,,,,,,,,,,,,,,,,,,,,,,,,,,,,,,,,,,,,,,,,,,,,,,,,,,,,,,,,,,,,,,,,,,,,,,,,yBOtObt97IVf,,,
808,Process,Flowchart Shapes/Containers,2,13:1|16|17:2,,,,,,,Primary Responsibility - Outward Executive  I  Secondary  Responsibility - ,,,,,,,,,,,,,,,,,,,,,,,,,,,,,,,,,,,,,,,,,,,,,,,,,,,,,,,,,,,,,,,,,,,,,,,,,,,,,,,,,,,,,,,,,,,,,,,,,qFOtOHajYnMN,,,
809,Process,Flowchart Shapes/Containers,2,13:1|16|17:2,,,,,,,Primary Responsibility - Logistic Executive  I  Secondary  Responsibility - ,,,,,,,,,,,,,,,,,,,,,,,,,,,,,,,,,,,,,,,,,,,,,,,,,,,,,,,,,,,,,,,,,,,,,,,,,,,,,,,,,,,,,,,,,,,,,,,,,aHOtBMy1Iniv,,,
810,Process,Flowchart Shapes/Containers,2,13:1|16|17:2,,,,,,,Process,,,,,,,,,,,,,,,,,,,,,,,,,,,,,,,,,,,,,,,,,,,,,,,,,,,,,,,,,,,,,,,,,,,,,,,,,,,,,,,,,,,,,,,,,,,,,,,,,UIOt19ypNwxN,,,
811,Process,Flowchart Shapes/Containers,2,21,,,,,,,Store requisition against batch card,,,,,,,,,,,,,,,,,,,,,,,,,,,,,,,,,,,,,,,,,,,,,,,,,,,,,,,,,,,,,,,,,,,,,,,,,,,,,,,,,,,,,,,,,,,,,,,,,XG9tTpRVJVTv,,,
812,Sticky note,Sticky Notes,2,21,,,,,,,"In earlier steps we have linked several raw material into one general code.
Now we are requesting this material from store department.
Done seprately for each batch card.",,,,,,,,,,,,,,,,,,,,,,,,,,,,,,,,,,,,,,,,,,,,,,,,,,,,,,,,,,,,,,,,,,,,,,,,,,,,,,,,,,,,,,,,,,,,,,,,,XG9t6wleqt3y,,,
813,Process,Flowchart Shapes/Containers,2,21,,,,,,,New > Stage - Production floor > Select batch > Save,,,,,,,,,,,,,,,,,,,,,,,,,,,,,,,,,,,,,,,,,,,,,,,,,,,,,,,,,,,,,,,,,,,,,,,,,,,,,,,,,,,,,,,,,,,,,,,,,XG9t3~ujtKd7,,,
814,Sticky note,Sticky Notes,2,21,,,,,,,This will show all batches which are lying in production floor.,,,,,,,,,,,,,,,,,,,,,,,,,,,,,,,,,,,,,,,,,,,,,,,,,,,,,,,,,,,,,,,,,,,,,,,,,,,,,,,,,,,,,,,,,,,,,,,,,XG9trSabTTic,,,
815,Process,Flowchart Shapes/Containers,2,21,,,,,,,click Save > Authorize,,,,,,,,,,,,,,,,,,,,,,,,,,,,,,,,,,,,,,,,,,,,,,,,,,,,,,,,,,,,,,,,,,,,,,,,,,,,,,,,,,,,,,,,,,,,,,,,,XG9tVqu5cJOo,,,
816,Database,Flowchart Shapes/Containers,2,21,,,,,,,Store requisition no. generatd > Write it on Sale Order print,,,,,,,,,,,,,,,,,,,,,,,,,,,,,,,,,,,,,,,,,,,,,,,,,,,,,,,,,,,,,,,,,,,,,,,,,,,,,,,,,,,,,,,,,,,,,,,,,XG9tAJptmZsB,,Primary_2,DEFAULT_EMPTY
817,Process,Flowchart Shapes/Containers,2,21,,,,,,,Click Authorise > select respective requisition no. > Authorise,,,,,,,,,,,,,,,,,,,,,,,,,,,,,,,,,,,,,,,,,,,,,,,,,,,,,,,,,,,,,,,,,,,,,,,,,,,,,,,,,,,,,,,,,,,,,,,,,XG9tq8_V0UIN,,,
818,Process,Flowchart Shapes/Containers,2,21,,,,,,,"Open ""Store Issue""",,,,,,,,,,,,,,,,,,,,,,,,,,,,,,,,,,,,,,,,,,,,,,,,,,,,,,,,,,,,,,,,,,,,,,,,,,,,,,,,,,,,,,,,,,,,,,,,,XG9t_bFHnfBT,,,
819,Database,Flowchart Shapes/Containers,2,21,,,,,,,Issue no. generatd > Write it on Sale Order print,,,,,,,,,,,,,,,,,,,,,,,,,,,,,,,,,,,,,,,,,,,,,,,,,,,,,,,,,,,,,,,,,,,,,,,,,,,,,,,,,,,,,,,,,,,,,,,,,XG9thv3ZULeS,,,
820,Internal storage,Flowchart Shapes/Containers,2,21,,,,,,,Issue register,,,,,,,,,,,,,,,,,,,,,,,,,,,,,,,,,,,,,,,,,,,,,,,,,,,,,,,,,,,,,,,,,,,,,,,,,,,,,,,,,,,,,,,,,,,,,,,,,XG9tp1cQ~5z~,,,
821,Process,Flowchart Shapes/Containers,2,21,,,,,,,Enter Consumption detail,,,,,,,,,,,,,,,,,,,,,,,,,,,,,,,,,,,,,,,,,,,,,,,,,,,,,,,,,,,,,,,,,,,,,,,,,,,,,,,,,,,,,,,,,,,,,,,,,XG9tkrpDzbzb,,,
822,Sticky note,Sticky Notes,2,21,,,,,,,"Need to do item wise.
Just click on consumed qty > Enter > OK. > Save
Now, RM is converted into FG.",,,,,,,,,,,,,,,,,,,,,,,,,,,,,,,,,,,,,,,,,,,,,,,,,,,,,,,,,,,,,,,,,,,,,,,,,,,,,,,,,,,,,,,,,,,,,,,,,XG9tCo92QUV6,,,
823,Process,Flowchart Shapes/Containers,2,21,,,,,,,"Tick ""Is store""> Select - Destination Store > Finished Good > Select respective Sales order",,,,,,,,,,,,,,,,,,,,,,,,,,,,,,,,,,,,,,,,,,,,,,,,,,,,,,,,,,,,,,,,,,,,,,,,,,,,,,,,,,,,,,,,,,,,,,,,,XG9tugHFNDLf,,,
824,Process,Flowchart Shapes/Containers,2,21,,,,,,,"Open - ""Production and Movement"" > New > ",,,,,,,,,,,,,,,,,,,,,,,,,,,,,,,,,,,,,,,,,,,,,,,,,,,,,,,,,,,,,,,,,,,,,,,,,,,,,,,,,,,,,,,,,,,,,,,,,XG9tr-gnB9Eb,,,
825,Process,Flowchart Shapes/Containers,2,21,,,,,,,"Select - ""Online production and movement""",,,,,,,,,,,,,,,,,,,,,,,,,,,,,,,,,,,,,,,,,,,,,,,,,,,,,,,,,,,,,,,,,,,,,,,,,,,,,,,,,,,,,,,,,,,,,,,,,XG9tDZsUDI1n,,,
826,Process,Flowchart Shapes/Containers,2,21,,,,,,,"Open ""Store requisiton from Stage""",,,,,,,,,,,,,,,,,,,,,,,,,,,,,,,,,,,,,,,,,,,,,,,,,,,,,,,,,,,,,,,,,,,,,,,,,,,,,,,,,,,,,,,,,,,,,,,,,XG9teGQEDzE~,,Primary_0,DEFAULT_EMPTY
827,Internal storage,Flowchart Shapes/Containers,2,21,,,,,,,Store requisition register,,,,,,,,,,,,,,,,,,,,,,,,,,,,,,,,,,,,,,,,,,,,,,,,,,,,,,,,,,,,,,,,,,,,,,,,,,,,,,,,,,,,,,,,,,,,,,,,,XG9tYMeevC8W,,Primary_2,DEFAULT_EMPTY
828,Process,Flowchart Shapes/Containers,2,21,,,,,,,"Select - ""Online Store requistion""",,,,,,,,,,,,,,,,,,,,,,,,,,,,,,,,,,,,,,,,,,,,,,,,,,,,,,,,,,,,,,,,,,,,,,,,,,,,,,,,,,,,,,,,,,,,,,,,,XG9tZkPW.XYL,,Primary_1,DEFAULT_EMPTY
829,Sticky note,Sticky Notes,2,21,,,,,,,"select Voucher name - Online/Retail (Store issue)
Select store from which material to be issued.
Select respective requisition number.
Add Issue qty. It cannot be more than pending qty.
In case where there is two store involved in single requisition, then material need to be issue through multiple store issue.",,,,,,,,,,,,,,,,,,,,,,,,,,,,,,,,,,,,,,,,,,,,,,,,,,,,,,,,,,,,,,,,,,,,,,,,,,,,,,,,,,,,,,,,,,,,,,,,,XG9tYr4MrS6n,,,
830,Database,Flowchart Shapes/Containers,2,21,,,,,,,Production no. generatd > Write it on Sale Order print,,,,,,,,,,,,,,,,,,,,,,,,,,,,,,,,,,,,,,,,,,,,,,,,,,,,,,,,,,,,,,,,,,,,,,,,,,,,,,,,,,,,,,,,,,,,,,,,,XG9t.57xh9SR,,,
831,Database,Flowchart Shapes/Containers,2,21,,,,,,,Batch No. generated > Write it on Sale Order print,,,,,,,,,,,,,,,,,,,,,,,,,,,,,,,,,,,,,,,,,,,,,,,,,,,,,,,,,,,,,,,,,,,,,,,,,,,,,,,,,,,,,,,,,,,,,,,,,XG9tSM8tY.Rr,,,
832,Sticky note,Sticky Notes,2,21,,,,,,,"Stage - Production floor.
It will show qty need to produce to fullfill this SO.
We can select Store from which material required to issue.
Then > Click on verify all. > save.
Material shall be issued for all items that need to produce to fulfill all SO need to outward ",,,,,,,,,,,,,,,,,,,,,,,,,,,,,,,,,,,,,,,,,,,,,,,,,,,,,,,,,,,,,,,,,,,,,,,,,,,,,,,,,,,,,,,,,,,,,,,,,XG9tsQKBDvtE,,Primary_1,DEFAULT_EMPTY
833,Internal storage,Flowchart Shapes/Containers,2,21,,,,,,,Pending batch card report,,,,,,,,,,,,,,,,,,,,,,,,,,,,,,,,,,,,,,,,,,,,,,,,,,,,,,,,,,,,,,,,,,,,,,,,,,,,,,,,,,,,,,,,,,,,,,,,,XG9tFYLSnuci,,,
834,Database,Flowchart Shapes/Containers,2,21,,,,,,,Store requisition no. generatd > Write it on Sale Order print,,,,,,,,,,,,,,,,,,,,,,,,,,,,,,,,,,,,,,,,,,,,,,,,,,,,,,,,,,,,,,,,,,,,,,,,,,,,,,,,,,,,,,,,,,,,,,,,,XG9tTgs_MOcG,,,
835,Process,Flowchart Shapes/Containers,2,21,,,,,,,Select Production and Movement > New > Batch card no.,,,,,,,,,,,,,,,,,,,,,,,,,,,,,,,,,,,,,,,,,,,,,,,,,,,,,,,,,,,,,,,,,,,,,,,,,,,,,,,,,,,,,,,,,,,,,,,,,XG9t.26DY7og,,,
836,Internal storage,Flowchart Shapes/Containers,2,21,,,,,,,Production register,,,,,,,,,,,,,,,,,,,,,,,,,,,,,,,,,,,,,,,,,,,,,,,,,,,,,,,,,,,,,,,,,,,,,,,,,,,,,,,,,,,,,,,,,,,,,,,,,XG9tbz4ZB3n-,,,
837,Decision,Flowchart Shapes/Containers,2,21,,,,,,,BOM exist?,,,,,,,,,,,,,,,,,,,,,,,,,,,,,,,,,,,,,,,,,,,,,,,,,,,,,,,,,,,,,,,,,,,,,,,,,,,,,,,,,,,,,,,,,,,,,,,,,XG9t2mJslCGj,,,
838,Decision,Flowchart Shapes/Containers,2,19,,,,,,,Check Finished good available in stock?,,,,,,,,,,,,,,,,,,,,,,,,,,,,,,,,,,,,,,,,,,,,,,,,,,,,,,,,,,,,,,,,,,,,,,,,,,,,,,,,,,,,,,,,,,,,,,,,,r29tKnt6SyrO,,,
839,Sticky note,Sticky Notes,2,19,,,,,,,"Open Delivery note.
Enter
Party Name
Select SO via SO list
Check available qty in ""Stock qty"" column.
This will represent qty of this item in finished good store.",,,,,,,,,,,,,,,,,,,,,,,,,,,,,,,,,,,,,,,,,,,,,,,,,,,,,,,,,,,,,,,,,,,,,,,,,,,,,,,,,,,,,,,,,,,,,,,,,r29tHNK305M1,,,
840,Sticky note,Sticky Notes,2,19,,,,,,,"Open ""Store stock columnar report.
Filter the relevant item.
Check stock in Raw material good store.",,,,,,,,,,,,,,,,,,,,,,,,,,,,,,,,,,,,,,,,,,,,,,,,,,,,,,,,,,,,,,,,,,,,,,,,,,,,,,,,,,,,,,,,,,,,,,,,,r29tLCd6axFd,,,
841,Process,Flowchart Shapes/Containers,2,19,,,,,,,"Cleaning and use shine spray,if applicable",,,,,,,,,,,,,,,,,,,,,,,,,,,,,,,,,,,,,,,,,,,,,,,,,,,,,,,,,,,,,,,,,,,,,,,,,,,,,,,,,,,,,,,,,,,,,,,,,Z6auXPDcKj-l,,,
842,Process,Flowchart Shapes/Containers,2,19,,,,,,,Open ERP,,,,,,,,,,,,,,,,,,,,,,,,,,,,,,,,,,,,,,,,,,,,,,,,,,,,,,,,,,,,,,,,,,,,,,,,,,,,,,,,,,,,,,,,,,,,,,,,,r29tqEakbMJe,,,
843,Process,Flowchart Shapes/Containers,2,19,,,,,,,Pan India Outward sheet,,,,,,,,,,,,,,,,,,,,,,,,,,,,,,,,,,,,,,,,,,,,,,,,,,,,,,,,,,,,,,,,,,,,,,,,,,,,,,,,,,,,,,,,,,,,,,,,,r29t~ReyTywF,,,
844,Sticky note,Sticky Notes,2,19,,,,,,,"Select approriate period
Copy the sales order number",,,,,,,,,,,,,,,,,,,,,,,,,,,,,,,,,,,,,,,,,,,,,,,,,,,,,,,,,,,,,,,,,,,,,,,,,,,,,,,,,,,,,,,,,,,,,,,,,r29tpGS9SaK1,,,
845,Decision,Flowchart Shapes/Containers,2,19,,,,,,,Check WIP stock available in stock?,,,,,,,,,,,,,,,,,,,,,,,,,,,,,,,,,,,,,,,,,,,,,,,,,,,,,,,,,,,,,,,,,,,,,,,,,,,,,,,,,,,,,,,,,,,,,,,,,B4-t-L62xvi.,,,
846,Process,Flowchart Shapes/Containers,2,19,,,,,,,Print Sales order,,,,,,,,,,,,,,,,,,,,,,,,,,,,,,,,,,,,,,,,,,,,,,,,,,,,,,,,,,,,,,,,,,,,,,,,,,,,,,,,,,,,,,,,,,,,,,,,,r29t3.PipYoM,,,
847,Sticky note,Sticky Notes,2,19,,,,,,,"Open ""sale order (fixed qty)
Click > view > enter the copied sale order
Click Print
Mention prioritisation on each SO. Example - SO that need to be shipped at 11 AM tomorrow shall be priortise than SO need to be shipped at 3 PM. Accordingly mention  P1, P2, P3 etc.",,,,,,,,,,,,,,,,,,,,,,,,,,,,,,,,,,,,,,,,,,,,,,,,,,,,,,,,,,,,,,,,,,,,,,,,,,,,,,,,,,,,,,,,,,,,,,,,,r29t2tqIaUxR,,,
848,Process,Flowchart Shapes/Containers,2,19,,,,,,,Filter SO have tentative dispatch date of tomorrow,,,,,,,,,,,,,,,,,,,,,,,,,,,,,,,,,,,,,,,,,,,,,,,,,,,,,,,,,,,,,,,,,,,,,,,,,,,,,,,,,,,,,,,,,,,,,,,,,z39t1rh8SmCB,,,
849,Process,Flowchart Shapes/Containers,2,19,,,,,,,Go to production Process,,,,,,,,,,,,,,,,,,,,,,,,,,,,,,,,,,,,,,,,,,,,,,,,,,,,,,,,,,,,,,,,,,,,,,,,,,,,,,,,,,,,,,,,,,,,,,,,,HPaurJI1KI91,,,
850,Process,Flowchart Shapes/Containers,2,19,,,,,,,Move to Packing Station,,,,,,,,,,,,,,,,,,,,,,,,,,,,,,,,,,,,,,,,,,,,,,,,,,,,,,,,,,,,,,,,,,,,,,,,,,,,,,,,,,,,,,,,,,,,,,,,,D6auVnTsqTkW,,,
851,Process,Flowchart Shapes/Containers,2,19,,,,,,,Pick Potted plant from WIP area,,,,,,,,,,,,,,,,,,,,,,,,,,,,,,,,,,,,,,,,,,,,,,,,,,,,,,,,,,,,,,,,,,,,,,,,,,,,,,,,,,,,,,,,,,,,,,,,,QVau42D8-e-z,,,
852,Process,Flowchart Shapes/Containers,2,19,,,,,,,"Open ""Delivery Note"" > New > Select appropriate channel",,,,,,,,,,,,,,,,,,,,,,,,,,,,,,,,,,,,,,,,,,,,,,,,,,,,,,,,,,,,,,,,,,,,,,,,,,,,,,,,,,,,,,,,,,,,,,,,,gfbufK4sEL2B,,,
853,Process,Flowchart Shapes/Containers,2,19,,,,,,,Packaging and Barcoding,,,,,,,,,,,,,,,,,,,,,,,,,,,,,,,,,,,,,,,,,,,,,,,,,,,,,,,,,,,,,,,,,,,,,,,,,,,,,,,,,,,,,,,,,,,,,,,,,~6auZTG-6sP4,,,
854,Process,Flowchart Shapes/Containers,2,19,,,,,,,"Select customer name > Store name ""Finished good""",,,,,,,,,,,,,,,,,,,,,,,,,,,,,,,,,,,,,,,,,,,,,,,,,,,,,,,,,,,,,,,,,,,,,,,,,,,,,,,,,,,,,,,,,,,,,,,,,gfbuqF0z3FPV,,,
855,Process,Flowchart Shapes/Containers,2,19,,,,,,,Open SO against that party of which FG is ready will appear now > Select SO against which material to be sent.,,,,,,,,,,,,,,,,,,,,,,,,,,,,,,,,,,,,,,,,,,,,,,,,,,,,,,,,,,,,,,,,,,,,,,,,,,,,,,,,,,,,,,,,,,,,,,,,,gfbuaF8tMog5,,Primary_0,DEFAULT_EMPTY
856,Process,Flowchart Shapes/Containers,2,19,,,,,,,Enter quantities that you want to deliver > save,,,,,,,,,,,,,,,,,,,,,,,,,,,,,,,,,,,,,,,,,,,,,,,,,,,,,,,,,,,,,,,,,,,,,,,,,,,,,,,,,,,,,,,,,,,,,,,,,gfbuBAItin3f,,Primary_2,DEFAULT_EMPTY
857,Database,Flowchart Shapes/Containers,2,19,,,,,,,Delivery note no. generated > Write it on Sale Order print,,,,,,,,,,,,,,,,,,,,,,,,,,,,,,,,,,,,,,,,,,,,,,,,,,,,,,,,,,,,,,,,,,,,,,,,,,,,,,,,,,,,,,,,,,,,,,,,,gfbu_iemVTC6,,,
858,Internal storage,Flowchart Shapes/Containers,2,19,,,,,,,Delivery Note register,,,,,,,,,,,,,,,,,,,,,,,,,,,,,,,,,,,,,,,,,,,,,,,,,,,,,,,,,,,,,,,,,,,,,,,,,,,,,,,,,,,,,,,,,,,,,,,,,gfbun9BoBaRM,,DEFAULT_EMPTY,Primary_2
859,Process,Flowchart Shapes/Containers,2,19,,,,,,,Click Authorise > select respective delivery note no. > Authorise,,,,,,,,,,,,,,,,,,,,,,,,,,,,,,,,,,,,,,,,,,,,,,,,,,,,,,,,,,,,,,,,,,,,,,,,,,,,,,,,,,,,,,,,,,,,,,,,,gfbuUM93ZUy_,,,
860,Process,Flowchart Shapes/Containers,2,19,,,,,,,Open Sale Invoice > New,,,,,,,,,,,,,,,,,,,,,,,,,,,,,,,,,,,,,,,,,,,,,,,,,,,,,,,,,,,,,,,,,,,,,,,,,,,,,,,,,,,,,,,,,,,,,,,,,gfbuBE-VcfhB,,,
861,Database,Flowchart Shapes/Containers,2,19,,,,,,,Invoice no. generated > Write it on Sale Order print,,,,,,,,,,,,,,,,,,,,,,,,,,,,,,,,,,,,,,,,,,,,,,,,,,,,,,,,,,,,,,,,,,,,,,,,,,,,,,,,,,,,,,,,,,,,,,,,,gfbuDOMDraEy,,,
862,Internal storage,Flowchart Shapes/Containers,2,19,,,,,,,Sales register,,,,,,,,,,,,,,,,,,,,,,,,,,,,,,,,,,,,,,,,,,,,,,,,,,,,,,,,,,,,,,,,,,,,,,,,,,,,,,,,,,,,,,,,,,,,,,,,,gfbukouV~JI_,,,
863,Sticky note,Sticky Notes,2,19,,,,,,,"Select Customer name.
Click Delivery Note list. > This will reflect all delivery note against which invoicing is pending.",,,,,,,,,,,,,,,,,,,,,,,,,,,,,,,,,,,,,,,,,,,,,,,,,,,,,,,,,,,,,,,,,,,,,,,,,,,,,,,,,,,,,,,,,,,,,,,,,gfbupa_sPNK3,,,
864,Process,Flowchart Shapes/Containers,2,19,,,,,,,Click Authorise > select respective Invoice no. > Authorise,,,,,,,,,,,,,,,,,,,,,,,,,,,,,,,,,,,,,,,,,,,,,,,,,,,,,,,,,,,,,,,,,,,,,,,,,,,,,,,,,,,,,,,,,,,,,,,,,gfbuea_ozqW.,,,
865,Process,Flowchart Shapes/Containers,2,19,,,,,,,Open Sales Invoice > View > Select Invoice Number,,,,,,,,,,,,,,,,,,,,,,,,,,,,,,,,,,,,,,,,,,,,,,,,,,,,,,,,,,,,,,,,,,,,,,,,,,,,,,,,,,,,,,,,,,,,,,,,,gfbuRkfdgqsr,,,
866,Process,Flowchart Shapes/Containers,2,19,,,,,,,Generate E-Invoice and E-way Bill,,,,,,,,,,,,,,,,,,,,,,,,,,,,,,,,,,,,,,,,,,,,,,,,,,,,,,,,,,,,,,,,,,,,,,,,,,,,,,,,,,,,,,,,,,,,,,,,,gfbu3qEHOQcK,,,
867,Process,Flowchart Shapes/Containers,2,19,,,,,,,"Go to ""Billing to shipping info"" > Select appropriate delivery location > Save",,,,,,,,,,,,,,,,,,,,,,,,,,,,,,,,,,,,,,,,,,,,,,,,,,,,,,,,,,,,,,,,,,,,,,,,,,,,,,,,,,,,,,,,,,,,,,,,,gfbuCjuvzlPM,,,
868,Process,Flowchart Shapes/Containers,2,19,,,,,,,Open Sales Invoice > View > select sales invoice no. > Print invoice and Eway bill both,,,,,,,,,,,,,,,,,,,,,,,,,,,,,,,,,,,,,,,,,,,,,,,,,,,,,,,,,,,,,,,,,,,,,,,,,,,,,,,,,,,,,,,,,,,,,,,,,gfbu4tRBTxOC,,,
869,Process,Flowchart Shapes/Containers,2,19,,,,,,,Move material to Ready to dispatch (RTD) area,,,,,,,,,,,,,,,,,,,,,,,,,,,,,,,,,,,,,,,,,,,,,,,,,,,,,,,,,,,,,,,,,,,,,,,,,,,,,,,,,,,,,,,,,,,,,,,,,_ibuDKKKdBbk,,,
870,Process,Flowchart Shapes/Containers,2,19,,,,,,,Tick online Geneway > Generate eway.,,,,,,,,,,,,,,,,,,,,,,,,,,,,,,,,,,,,,,,,,,,,,,,,,,,,,,,,,,,,,,,,,,,,,,,,,,,,,,,,,,,,,,,,,,,,,,,,,gfbu2j7s.9r.,,,
871,Sticky note,Sticky Notes,2,19,,,,,,,"Go to Other info.
Enter follwing
EInv Supp type
Dispatch from state
Vehicle number
Transaction type
Vehicle type
Eway- transaction type
Mode of transportation
Place of consignor (Pincode)
Place of conisgnee (pincode)
Date of eway bill
Transporter ID, if any available",,,,,,,,,,,,,,,,,,,,,,,,,,,,,,,,,,,,,,,,,,,,,,,,,,,,,,,,,,,,,,,,,,,,,,,,,,,,,,,,,,,,,,,,,,,,,,,,,gfbuvOG-Hdi7,,,
872,Process,Flowchart Shapes/Containers,2,19,,,,,,,Generate Gate pass,,,,,,,,,,,,,,,,,,,,,,,,,,,,,,,,,,,,,,,,,,,,,,,,,,,,,,,,,,,,,,,,,,,,,,,,,,,,,,,,,,,,,,,,,,,,,,,,,gfbudneEtScq,,,
873,Database,Flowchart Shapes/Containers,2,19,,,,,,,Gate Pass no. generated > Write it on Sale Order print,,,,,,,,,,,,,,,,,,,,,,,,,,,,,,,,,,,,,,,,,,,,,,,,,,,,,,,,,,,,,,,,,,,,,,,,,,,,,,,,,,,,,,,,,,,,,,,,,gfbuAsFHTwc4,,,
874,Process,Flowchart Shapes/Containers,2,19,,,,,,,Click Authorise (by WH manager) > select respective Gate Pass no. > Authorise,,,,,,,,,,,,,,,,,,,,,,,,,,,,,,,,,,,,,,,,,,,,,,,,,,,,,,,,,,,,,,,,,,,,,,,,,,,,,,,,,,,,,,,,,,,,,,,,,gfbuXyZPyn-G,,,
875,Sticky note,Sticky Notes,2,19,,,,,,,"Enter following details
Sales Invoice No.
Transporter's name
Vehicle No.
Prepared By (Should be auto)
Date and Time shall not be editable",,,,,,,,,,,,,,,,,,,,,,,,,,,,,,,,,,,,,,,,,,,,,,,,,,,,,,,,,,,,,,,,,,,,,,,,,,,,,,,,,,,,,,,,,,,,,,,,,gfbuXQm6_HfD,,,
876,Internal storage,Flowchart Shapes/Containers,2,19,,,,,,,Gate Pass report,,,,,,,,,,,,,,,,,,,,,,,,,,,,,,,,,,,,,,,,,,,,,,,,,,,,,,,,,,,,,,,,,,,,,,,,,,,,,,,,,,,,,,,,,,,,,,,,,gfbuGCDaPOLM,,,
877,Decision,Flowchart Shapes/Containers,2,19,,,,,,,QC 2B,,,,,,,,,,,,,,,,,,,,,,,,,,,,,,,,,,,,,,,,,,,,,,,,,,,,,,,,,,,,,,,,,,,,,,,,,,,,,,,,,,,,,,,,,,,,,,,,,1wbuXSEhsPE4,,,
878,Sticky note,Sticky Notes,2,19,,,,,,,"Do quality check
Proper production
Correct pot and plant
Specs",,,,,,,,,,,,,,,,,,,,,,,,,,,,,,,,,,,,,,,,,,,,,,,,,,,,,,,,,,,,,,,,,,,,,,,,,,,,,,,,,,,,,,,,,,,,,,,,,​-xbulcX0MmMJ,,,
879,Decision,Flowchart Shapes/Containers,2,19,,,,,,,QC 3,,,,,,,,,,,,,,,,,,,,,,,,,,,,,,,,,,,,,,,,,,,,,,,,,,,,,,,,,,,,,,,,,,,,,,,,,,,,,,,,,,,,,,,,,,,,,,,,,VAbuKIDbRkU.,,,
880,Decision,Flowchart Shapes/Containers,2,19,,,,,,,Decision,,,,,,,,,,,,,,,,,,,,,,,,,,,,,,,,,,,,,,,,,,,,,,,,,,,,,,,,,,,,,,,,,,,,,,,,,,,,,,,,,,,,,,,,,,,,,,,,,​-AbuRTNYb5ym,,,
881,Process,Flowchart Shapes/Containers,2,19,,,,,,,Decision,,,,,,,,,,,,,,,,,,,,,,,,,,,,,,,,,,,,,,,,,,,,,,,,,,,,,,,,,,,,,,,,,,,,,,,,,,,,,,,,,,,,,,,,,,,,,,,,,nzbuqboAAiwL,,,
882,Sticky note,Sticky Notes,2,19,,,,,,,"Do quality check
Correct packaging
All elements as per BOM also packaged, if required like
Card
Tray
any other item as per instruction.
Specs check
Correct Barcode",,,,,,,,,,,,,,,,,,,,,,,,,,,,,,,,,,,,,,,,,,,,,,,,,,,,,,,,,,,,,,,,,,,,,,,,,,,,,,,,,,,,,,,,,,,,,,,,,jCbutwMv~BI~,,,
883,Process,Flowchart Shapes/Containers,2,21,,,,,,,Enter Customer Name > Sales order No. >Item Name > Qty (auto fetched from SO) > Store for stock - All > Stage - Production floor,,,,,,,,,,,,,,,,,,,,,,,,,,,,,,,,,,,,,,,,,,,,,,,,,,,,,,,,,,,,,,,,,,,,,,,,,,,,,,,,,,,,,,,,,,,,,,,,,XG9tespQ5AEu,,,
884,Sticky note,Sticky Notes,2,19,,,,,,,"Open ""Store stock columnar report.
Filter the relevant item.
Check stock in Stage store.",,,,,,,,,,,,,,,,,,,,,,,,,,,,,,,,,,,,,,,,,,,,,,,,,,,,,,,,,,,,,,,,,,,,,,,,,,,,,,,,,,,,,,,,,,,,,,,,,O4-twH27hUTd,,,
885,Process,Flowchart Shapes/Containers,2,19,,,,,,,Check with RCV (Price and taxation),,,,,,,,,,,,,,,,,,,,,,,,,,,,,,,,,,,,,,,,,,,,,,,,,,,,,,,,,,,,,,,,,,,,,,,,,,,,,,,,,,,,,,,,,,,,,,,,,gfbu9AaKfsNu,,,
886,Process,Flowchart Shapes/Containers,2,21,,,,,,,"Select - ""store Requisition for production""",,,,,,,,,,,,,,,,,,,,,,,,,,,,,,,,,,,,,,,,,,,,,,,,,,,,,,,,,,,,,,,,,,,,,,,,,,,,,,,,,,,,,,,,,,,,,,,,,XG9tRnG8Q2Xj,,Primary_1,DEFAULT_EMPTY
887,Sticky note,Sticky Notes,2,21,,,,,,,"Sales order has remarks which contain details of RM that need to ship under this general code.
We will enter main plant, pot etc. in this.
Under this process we are basically creating FG by mannualy using a BOM for one time.
We can do it for one general code at one time.
We can add different RMs in one general code at same time.
For every Item in SO, seprate batch card need to be generate.",,,,,,,,,,,,,,,,,,,,,,,,,,,,,,,,,,,,,,,,,,,,,,,,,,,,,,,,,,,,,,,,,,,,,,,,,,,,,,,,,,,,,,,,,,,,,,,,,XG9t_INsfpO1,,,
888,Process,Flowchart Shapes/Containers,2,21,,,,,,,Open Batch card > New,,,,,,,,,,,,,,,,,,,,,,,,,,,,,,,,,,,,,,,,,,,,,,,,,,,,,,,,,,,,,,,,,,,,,,,,,,,,,,,,,,,,,,,,,,,,,,,,,XG9tjmJ2ejyp,,,
889,Process,Flowchart Shapes/Containers,2,21,,,,,,,Now enter item code of RM item and qty that you want to repack against that item,,,,,,,,,,,,,,,,,,,,,,,,,,,,,,,,,,,,,,,,,,,,,,,,,,,,,,,,,,,,,,,,,,,,,,,,,,,,,,,,,,,,,,,,,,,,,,,,,XG9tcGilQ1Du,,,
890,Process,Flowchart Shapes/Containers,2,19,,,,,,,Vehicle loading along with QC 4B,,,,,,,,,,,,,,,,,,,,,,,,,,,,,,,,,,,,,,,,,,,,,,,,,,,,,,,,,,,,,,,,,,,,,,,,,,,,,,,,,,,,,,,,,,,,,,,,,UEbuYzXk4Wre,,,
891,Process,Flowchart Shapes/Containers,2,21,,,,,,,click Save > Authorize,,,,,,,,,,,,,,,,,,,,,,,,,,,,,,,,,,,,,,,,,,,,,,,,,,,,,,,,,,,,,,,,,,,,,,,,,,,,,,,,,,,,,,,,,,,,,,,,,XG9tBYhspyGh,,,
892,Process,Flowchart Shapes/Containers,2,21,,,,,,,Material to be issued (Move from raw material to WIP area),,,,,,,,,,,,,,,,,,,,,,,,,,,,,,,,,,,,,,,,,,,,,,,,,,,,,,,,,,,,,,,,,,,,,,,,,,,,,,,,,,,,,,,,,,,,,,,,,​-lbulj-MFFoK,,,
893,Sticky note,Sticky Notes,2,19,,,,,,,"Do quality check on
Correct SO in correct vehicle
Count of item
Proper stacking
Supervisor should be available at moment of loading.",,,,,,,,,,,,,,,,,,,,,,,,,,,,,,,,,,,,,,,,,,,,,,,,,,,,,,,,,,,,,,,,,,,,,,,,,,,,,,,,,,,,,,,,,,,,,,,,,wFbuRFjucte1,,,
894,Process,Flowchart Shapes/Containers,2,18,,,,,,,Submit document to revelant team,,,,,,,,,,,,,,,,,,,,,,,,,,,,,,,,,,,,,,,,,,,,,,,,,,,,,,,,,,,,,,,,,,,,,,,,,,,,,,,,,,,,,,,,,,,,,,,,,q9vuUnOVSRyJ,,,
895,Decision,Flowchart Shapes/Containers,2,18,,,,,,,Unloading start within 2 hours,,,,,,,,,,,,,,,,,,,,,,,,,,,,,,,,,,,,,,,,,,,,,,,,,,,,,,,,,,,,,,,,,,,,,,,,,,,,,,,,,,,,,,,,,,,,,,,,,S9vuOWSwYUAf,,,
896,Process,Flowchart Shapes/Containers,2,49,,,,,,,Vehicle will be parked in unloading area,,,,,,,,,,,,,,,,,,,,,,,,,,,,,,,,,,,,,,,,,,,,,,,,,,,,,,,,,,,,,,,,,,,,,,,,,,,,,,,,,,,,,,,,,,,,,,,,,b~ouyUrTt~Bd,,,
897,Decision,Flowchart Shapes/Containers,2,49,,,,,,,Passed/Rejected,,,,,,,,,,,,,,,,,,,,,,,,,,,,,,,,,,,,,,,,,,,,,,,,,,,,,,,,,,,,,,,,,,,,,,,,,,,,,,,,,,,,,,,,,,,,,,,,,eqpu81pXvFXv,,,
898,Terminator,Flowchart Shapes/Containers,2,49,,,,,,,Fill QC form,,,,,,,,,,,,,,,,,,,,,,,,,,,,,,,,,,,,,,,,,,,,,,,,,,,,,,,,,,,,,,,,,,,,,,,,,,,,,,,,,,,,,,,,,,,,,,,,,eqpusQzqQqvB,,,
899,Terminator,Flowchart Shapes/Containers,2,49,,,,,,,Fill QC form,,,,,,,,,,,,,,,,,,,,,,,,,,,,,,,,,,,,,,,,,,,,,,,,,,,,,,,,,,,,,,,,,,,,,,,,,,,,,,,,,,,,,,,,,,,,,,,,,eqpuSwTJ~8fU,,,
900,Process,Flowchart Shapes/Containers,2,49,,,,,,,Physcially Move Material to normal good store like Plant/ Non plant etc,,,,,,,,,,,,,,,,,,,,,,,,,,,,,,,,,,,,,,,,,,,,,,,,,,,,,,,,,,,,,,,,,,,,,,,,,,,,,,,,,,,,,,,,,,,,,,,,,1zpuBwlGiv3r,,,
901,Process,Flowchart Shapes/Containers,2,49,,,,,,,Click Authorise > select respective GE no. > Authorise (can be removed),,,,,,,,,,,,,,,,,,,,,,,,,,,,,,,,,,,,,,,,,,,,,,,,,,,,,,,,,,,,,,,,,,,,,,,,,,,,,,,,,,,,,,,,,,,,,,,,,kUpuEJ9aWcQL,,,
902,Process,Flowchart Shapes/Containers,2,49,,,,,,,Unloading of vehicle,,,,,,,,,,,,,,,,,,,,,,,,,,,,,,,,,,,,,,,,,,,,,,,,,,,,,,,,,,,,,,,,,,,,,,,,,,,,,,,,,,,,,,,,,,,,,,,,,20puiUcM.2qF,,,
903,Process,Flowchart Shapes/Containers,2,49,,,,,,,Physcially Move Material to Refurb store,,,,,,,,,,,,,,,,,,,,,,,,,,,,,,,,,,,,,,,,,,,,,,,,,,,,,,,,,,,,,,,,,,,,,,,,,,,,,,,,,,,,,,,,,,,,,,,,,j7puOZPsTjC2,,,
904,Process,Flowchart Shapes/Containers,2,49,,,,,,,Physcially Move Material to Rejection store,,,,,,,,,,,,,,,,,,,,,,,,,,,,,,,,,,,,,,,,,,,,,,,,,,,,,,,,,,,,,,,,,,,,,,,,,,,,,,,,,,,,,,,,,,,,,,,,,8.puKHHuuEsy,,,
905,Decision,Flowchart Shapes/Containers,2,49,,,,,,,QC check of plant in refurb store,,,,,,,,,,,,,,,,,,,,,,,,,,,,,,,,,,,,,,,,,,,,,,,,,,,,,,,,,,,,,,,,,,,,,,,,,,,,,,,,,,,,,,,,,,,,,,,,,UdquOZEx5BwT,,,
906,Delay,Flowchart Shapes/Containers,2,49,,,,,,,Wait to revieve,,,,,,,,,,,,,,,,,,,,,,,,,,,,,,,,,,,,,,,,,,,,,,,,,,,,,,,,,,,,,,,,,,,,,,,,,,,,,,,,,,,,,,,,,,,,,,,,,OhquuJQRjYlt,,,
907,Process,Flowchart Shapes/Containers,2,9,,,,,,,Vehicle reached at destination,,,,,,,,,,,,,,,,,,,,,,,,,,,,,,,,,,,,,,,,,,,,,,,,,,,,,,,,,,,,,,,,,,,,,,,,,,,,,,,,,,,,,,,,,,,,,,,,,ftquwR7kcnh8,,,
908,Process,Flowchart Shapes/Containers,2,18,,,,,,,Connect with SO punching,,,,,,,,,,,,,,,,,,,,,,,,,,,,,,,,,,,,,,,,,,,,,,,,,,,,,,,,,,,,,,,,,,,,,,,,,,,,,,,,,,,,,,,,,,,,,,,,,DPvujkrZattq,,,
909,Process,Flowchart Shapes/Containers,2,18,,,,,,,Outward logistic planing,,,,,,,,,,,,,,,,,,,,,,,,,,,,,,,,,,,,,,,,,,,,,,,,,,,,,,,,,,,,,,,,,,,,,,,,,,,,,,,,,,,,,,,,,,,,,,,,,SPvuU~G~xjCi,,,
910,Block,Standard,2,18,,,,,,,Within 12 Hours of generation of SO,,,,,,,,,,,,,,,,,,,,,,,,,,,,,,,,,,,,,,,,,,,,,,,,,,,,,,,,,,,,,,,,,,,,,,,,,,,,,,,,,,,,,,,,,,,,,,,,,5Xvu-dbX55er,,,
911,Sticky note,Sticky Notes,2,18,,,,,,,"Enter following
Vehicle booking status
Vehicle type
Transporter Name
Is there any RTV or RTV Pickup?",,,,,,,,,,,,,,,,,,,,,,,,,,,,,,,,,,,,,,,,,,,,,,,,,,,,,,,,,,,,,,,,,,,,,,,,,,,,,,,,,,,,,,,,,,,,,,,,,eQvudZNrSTqR,,,
912,Process,Flowchart Shapes/Containers,2,18,,,,,,,Take appointment from Sales parter,,,,,,,,,,,,,,,,,,,,,,,,,,,,,,,,,,,,,,,,,,,,,,,,,,,,,,,,,,,,,,,,,,,,,,,,,,,,,,,,,,,,,,,,,,,,,,,,,YYvu5U2cd_A-,,,
913,Process,Flowchart Shapes/Containers,2,18,,,,,,,Booking of Vehicle,,,,,,,,,,,,,,,,,,,,,,,,,,,,,,,,,,,,,,,,,,,,,,,,,,,,,,,,,,,,,,,,,,,,,,,,,,,,,,,,,,,,,,,,,,,,,,,,,p0vuipT5g3Ga,,,
914,Sticky note,Sticky Notes,2,18,,,,,,,"Done by
Whatsapp group with that vendor
Contact Number
Factors for deciding Transporter (using master sheet)
Price
Payment terms
Invoice Value (logistic cost as % of Invoice value)
Factor for deciding Vehicle
Load capacity
SCH head approval required for any Adhoc transporter and Adhoc Vehicle and need to be add in master outward logistic sheet.",,,,,,,,,,,,,,,,,,,,,,,,,,,,,,,,,,,,,,,,,,,,,,,,,,,,,,,,,,,,,,,,,,,,,,,,,,,,,,,,,,,,,,,,,,,,,,,,,K0vujn.LuHJ6,,,
915,Process,Flowchart Shapes/Containers,2,18,,,,,,,Warehouse team will Invoicing data,,,,,,,,,,,,,,,,,,,,,,,,,,,,,,,,,,,,,,,,,,,,,,,,,,,,,,,,,,,,,,,,,,,,,,,,,,,,,,,,,,,,,,,,,,,,,,,,,j6vu-L1jOBjP,,,
916,Sticky note,Sticky Notes,2,18,,,,,,,"Enter following
Invoice Number
Invoice Qty
Invoice Value
Box Count",,,,,,,,,,,,,,,,,,,,,,,,,,,,,,,,,,,,,,,,,,,,,,,,,,,,,,,,,,,,,,,,,,,,,,,,,,,,,,,,,,,,,,,,,,,,,,,,,C7vuE1GxBney,,,
917,Process,Flowchart Shapes/Containers,2,18,,,,,,,Vehicle Arrive at source destination,,,,,,,,,,,,,,,,,,,,,,,,,,,,,,,,,,,,,,,,,,,,,,,,,,,,,,,,,,,,,,,,,,,,,,,,,,,,,,,,,,,,,,,,,,,,,,,,,98vu415xvLDG,,,
918,Process,Flowchart Shapes/Containers,2,18,,,,,,,Unloading,,,,,,,,,,,,,,,,,,,,,,,,,,,,,,,,,,,,,,,,,,,,,,,,,,,,,,,,,,,,,,,,,,,,,,,,,,,,,,,,,,,,,,,,,,,,,,,,,q_vujCfovTJj,,,
919,Process,Flowchart Shapes/Containers,2,18,,,,,,,Logistic/WH manager and sales will followup with POC of that destination,,,,,,,,,,,,,,,,,,,,,,,,,,,,,,,,,,,,,,,,,,,,,,,,,,,,,,,,,,,,,,,,,,,,,,,,,,,,,,,,,,,,,,,,,,,,,,,,,v_vuSiEBF_kt,,,
920,Process,Flowchart Shapes/Containers,2,18,,,,,,,Take Revised appointment date.,,,,,,,,,,,,,,,,,,,,,,,,,,,,,,,,,,,,,,,,,,,,,,,,,,,,,,,,,,,,,,,,,,,,,,,,,,,,,,,,,,,,,,,,,,,,,,,,,j.vuKWQDrSSt,,,
921,Process,Flowchart Shapes/Containers,2,18,,,,,,,Vehicle would travel back to source destination,,,,,,,,,,,,,,,,,,,,,,,,,,,,,,,,,,,,,,,,,,,,,,,,,,,,,,,,,,,,,,,,,,,,,,,,,,,,,,,,,,,,,,,,,,,,,,,,,0.vuUlDKHVc_,,,
922,Process,Flowchart Shapes/Containers,2,18,,,,,,,"Upload GRN Qty and Status as ""Delivered"" in PAN india outward sheet",,,,,,,,,,,,,,,,,,,,,,,,,,,,,,,,,,,,,,,,,,,,,,,,,,,,,,,,,,,,,,,,,,,,,,,,,,,,,,,,,,,,,,,,,,,,,,,,,​-dwu~zzwz4c8,,,
923,Process,Flowchart Shapes/Containers,2,18,,,,,,,,,,,,,,,,,,,,,,,,,,,,,,,,,,,,,,,,,,,,,,,,,,,,,,,,,,,,,,,,,,,,,,,,,,,,,,,,,,,,,,,,,,,,,,,,,,,,,,,,xbwuJ9AaayOr,,,
924,Process,Flowchart Shapes/Containers,2,18,,,,,,,"Received signed POD (from driver, in case of online) and upload it on drive",,,,,,,,,,,,,,,,,,,,,,,,,,,,,,,,,,,,,,,,,,,,,,,,,,,,,,,,,,,,,,,,,,,,,,,,,,,,,,,,,,,,,,,,,,,,,,,,,Wcwu4VE2i15O,,,
925,Process,Flowchart Shapes/Containers,2,19,,,,,,,Move material from Raw material store to Packing station,,,,,,,,,,,,,,,,,,,,,,,,,,,,,,,,,,,,,,,,,,,,,,,,,,,,,,,,,,,,,,,,,,,,,,,,,,,,,,,,,,,,,,,,,,,,,,,,,jJbuPeZbD.dV,,,
926,Process,Flowchart Shapes/Containers,2,19,,,,,,,Go to Production Process,,,,,,,,,,,,,,,,,,,,,,,,,,,,,,,,,,,,,,,,,,,,,,,,,,,,,,,,,,,,,,,,,,,,,,,,,,,,,,,,,,,,,,,,,,,,,,,,,pY-t8TYXgVua,,,
927,Process,Flowchart Shapes/Containers,2,18,,,,,,,Outward team will update Gate entry No. in PAN India Outward sheet.,,,,,,,,,,,,,,,,,,,,,,,,,,,,,,,,,,,,,,,,,,,,,,,,,,,,,,,,,,,,,,,,,,,,,,,,,,,,,,,,,,,,,,,,,,,,,,,,,VgwuNt7FpZeA,,,
928,Sticky note,Sticky Notes,2,18,,,,,,,"Enter appointment date in PAN India outward sheet.
Appointment scheduling
Blinkit Plant is auto (attached below)
Blinkit Non Plant -
Zepto
Instamart
Big Basket
Ecom > E-trade ",,,,,,,,,,,,,,,,,,,,,,,,,,,,,,,,,,,,,,,,,,,,,,,,,,,,,,,,,,,,,,,,,,,,,,,,,,,,,,,,,,,,,,,,,,,,,,,,,O6YufeXamhqS,,,
929,LinkUnfurlBlock,,2,18,,,,,,,Blinkit_Plant_TAT.pdf,,,,,,,,,,,,,,,,,,,,,,,,,,,,,,,,,,,,,,,,,,,,,,,,,,,,,,,,,,,,,,,,,,,,,,,,,,,,,,,,,,,,,,,,,,,,,,,,,3bZu2TyCdfXj,,,
930,Sticky note,Sticky Notes,2,18,,,,,,,"Enter following
Transporter type
Transporter Name
Courier Name
AWB No.
Vehicle No.
Dispatch Date",,,,,,,,,,,,,,,,,,,,,,,,,,,,,,,,,,,,,,,,,,,,,,,,,,,,,,,,,,,,,,,,,,,,,,,,,,,,,,,,,,,,,,,,,,,,,,,,,xeZuR-vqrb2s,,,
931,Process,Flowchart Shapes/Containers,2,18,,,,,,,Outward team will ensure driver receive signed POD after unloading,,,,,,,,,,,,,,,,,,,,,,,,,,,,,,,,,,,,,,,,,,,,,,,,,,,,,,,,,,,,,,,,,,,,,,,,,,,,,,,,,,,,,,,,,,,,,,,,,sbwuFYJXo~fz,,,
932,Process,Flowchart Shapes/Containers,2,18,,,,,,,Followup with Driver,,,,,,,,,,,,,,,,,,,,,,,,,,,,,,,,,,,,,,,,,,,,,,,,,,,,,,,,,,,,,,,,,,,,,,,,,,,,,,,,,,,,,,,,,,,,,,,,,vsZuQmwyU-Lb,,,
933,Process,Flowchart Shapes/Containers,2,18,,,,,,,Vehicle Arrive at delivery destination,,,,,,,,,,,,,,,,,,,,,,,,,,,,,,,,,,,,,,,,,,,,,,,,,,,,,,,,,,,,,,,,,,,,,,,,,,,,,,,,,,,,,,,,,,,,,,,,,MsZuh6IyrlI_,,,
934,Process,Flowchart Shapes/Containers,2,19,,,,,,,Packaging and Barcoding,,,,,,,,,,,,,,,,,,,,,,,,,,,,,,,,,,,,,,,,,,,,,,,,,,,,,,,,,,,,,,,,,,,,,,,,,,,,,,,,,,,,,,,,,,,,,,,,,NxZuT2B-6jFj,,,
935,Decision,Flowchart Shapes/Containers,2,21,,,,,,,Is BOM exist for items in this PO.,,,,,,,,,,,,,,,,,,,,,,,,,,,,,,,,,,,,,,,,,,,,,,,,,,,,,,,,,,,,,,,,,,,,,,,,,,,,,,,,,,,,,,,,,,,,,,,,,ECZu5SZ9h67k,,,
936,Sticky note,Sticky Notes,2,21,,,,,,,"Open ""BOM REGISTER"".
Filter the relevant item in ""Master item name ""column.
It will show all items which are in BOM of this revelant FG.
In Case we find that BOM is not correct then sent this on mail to Product and sales team while keeping manager in CC.
If cannot find that material > BOM does not exist.
Any production shoud be either through BOM or mannual consumption through batching. No material shall be consumed without any of these process.",,,,,,,,,,,,,,,,,,,,,,,,,,,,,,,,,,,,,,,,,,,,,,,,,,,,,,,,,,,,,,,,,,,,,,,,,,,,,,,,,,,,,,,,,,,,,,,,,ECZuBr3x08md,,,
937,Decision,Flowchart Shapes/Containers,2,21,,,,,,,QC 2A (Checking specs and quality),,,,,,,,,,,,,,,,,,,,,,,,,,,,,,,,,,,,,,,,,,,,,,,,,,,,,,,,,,,,,,,,,,,,,,,,,,,,,,,,,,,,,,,,,,,,,,,,,sO0uCCuT_Z9n,,,
938,Process,Flowchart Shapes/Containers,2,21,,,,,,,"Transfer to refurb store, if Non plant then rejection store",,,,,,,,,,,,,,,,,,,,,,,,,,,,,,,,,,,,,,,,,,,,,,,,,,,,,,,,,,,,,,,,,,,,,,,,,,,,,,,,,,,,,,,,,,,,,,,,,sO0u.tELY.za,,,
939,Sticky note,Sticky Notes,2,19,,,,,,,"Do quality check
Quality
Count
Specs",,,,,,,,,,,,,,,,,,,,,,,,,,,,,,,,,,,,,,,,,,,,,,,,,,,,,,,,,,,,,,,,,,,,,,,,,,,,,,,,,,,,,,,,,,,,,,,,,vM1u2qYAXu6l,,,
940,Process,Flowchart Shapes/Containers,2,18,,,,,,,Front end team will receive signed POD after unloading,,,,,,,,,,,,,,,,,,,,,,,,,,,,,,,,,,,,,,,,,,,,,,,,,,,,,,,,,,,,,,,,,,,,,,,,,,,,,,,,,,,,,,,,,,,,,,,,,au2ud.ZMQfZs,,,
941,Process,Flowchart Shapes/Containers,2,21,,,,,,,"Create BOM urgently, if possible",,,,,,,,,,,,,,,,,,,,,,,,,,,,,,,,,,,,,,,,,,,,,,,,,,,,,,,,,,,,,,,,,,,,,,,,,,,,,,,,,,,,,,,,,,,,,,,,,iQ7uGxYYuxXS,,Primary_0,DEFAULT_EMPTY
942,Sticky note,Sticky Notes,2,21,,,,,,,"We should try to create a BOM for every item.
Production from batching should not be greater than 10% of total production for any period.",,,,,,,,,,,,,,,,,,,,,,,,,,,,,,,,,,,,,,,,,,,,,,,,,,,,,,,,,,,,,,,,,,,,,,,,,,,,,,,,,,,,,,,,,,,,,,,,,1S7u0IdEzd5y,,,
943,Process,Flowchart Shapes/Containers,2,20,,,,,,,Inventory Responsibility,,,,,,,,,,,,,,,,,,,,,,,,,,,,,,,,,,,,,,,,,,,,,,,,,,,,,,,,,,,,,,,,,,,,,,,,,,,,,,,,,,,,,,,,,,,,,,,,,_77upZ.Sx8yA,,,
944,Process,Flowchart Shapes/Containers,2,20,,,,,,,Lying in Store,,,,,,,,,,,,,,,,,,,,,,,,,,,,,,,,,,,,,,,,,,,,,,,,,,,,,,,,,,,,,,,,,,,,,,,,,,,,,,,,,,,,,,,,,,,,,,,,,R97uvFZtaWNr,,,
945,Process,Flowchart Shapes/Containers,2,20,,,,,,,Lying in Stage (WIP) (Current stage Qty),,,,,,,,,,,,,,,,,,,,,,,,,,,,,,,,,,,,,,,,,,,,,,,,,,,,,,,,,,,,,,,,,,,,,,,,,,,,,,,,,,,,,,,,,,,,,,,,,497uROBjCId-,,,
946,Process,Flowchart Shapes/Containers,2,20,,,,,,,Lying in Finished good,,,,,,,,,,,,,,,,,,,,,,,,,,,,,,,,,,,,,,,,,,,,,,,,,,,,,,,,,,,,,,,,,,,,,,,,,,,,,,,,,,,,,,,,,,,,,,,,,897ugCZ1aKwX,,,
947,Process,Flowchart Shapes/Containers,2,20,,,,,,,Inventory/Store department,,,,,,,,,,,,,,,,,,,,,,,,,,,,,,,,,,,,,,,,,,,,,,,,,,,,,,,,,,,,,,,,,,,,,,,,,,,,,,,,,,,,,,,,,,,,,,,,,l-7u9SY7uJrO,,,
948,Process,Flowchart Shapes/Containers,2,20,,,,,,,Lying in Rejection / Farm wastage  ,,,,,,,,,,,,,,,,,,,,,,,,,,,,,,,,,,,,,,,,,,,,,,,,,,,,,,,,,,,,,,,,,,,,,,,,,,,,,,,,,,,,,,,,,,,,,,,,,fr8udMPDPTu1,,,
949,Process,Flowchart Shapes/Containers,2,20,,,,,,,Production department,,,,,,,,,,,,,,,,,,,,,,,,,,,,,,,,,,,,,,,,,,,,,,,,,,,,,,,,,,,,,,,,,,,,,,,,,,,,,,,,,,,,,,,,,,,,,,,,,SP8uU7L_RtuS,,,
950,Process,Flowchart Shapes/Containers,2,20,,,,,,,Outward team,,,,,,,,,,,,,,,,,,,,,,,,,,,,,,,,,,,,,,,,,,,,,,,,,,,,,,,,,,,,,,,,,,,,,,,,,,,,,,,,,,,,,,,,,,,,,,,,,0P8u3WDRcuLe,,,
951,Process,Flowchart Shapes/Containers,2,20,,,,,,,Inventory/Store department,,,,,,,,,,,,,,,,,,,,,,,,,,,,,,,,,,,,,,,,,,,,,,,,,,,,,,,,,,,,,,,,,,,,,,,,,,,,,,,,,,,,,,,,,,,,,,,,,3P8uKHbtp12a,,,
952,Process,Flowchart Shapes/Containers,2,20,,,,,,,In In-Transit,,,,,,,,,,,,,,,,,,,,,,,,,,,,,,,,,,,,,,,,,,,,,,,,,,,,,,,,,,,,,,,,,,,,,,,,,,,,,,,,,,,,,,,,,,,,,,,,,WR8uZWVVI-A7,,,
953,Process,Flowchart Shapes/Containers,2,20,,,,,,,Logistic team,,,,,,,,,,,,,,,,,,,,,,,,,,,,,,,,,,,,,,,,,,,,,,,,,,,,,,,,,,,,,,,,,,,,,,,,,,,,,,,,,,,,,,,,,,,,,,,,,TS8uGde-BFG5,,,
954,Process,Flowchart Shapes/Containers,2,20,,,,,,,Inward of Inventory in relevant bin ,,,,,,,,,,,,,,,,,,,,,,,,,,,,,,,,,,,,,,,,,,,,,,,,,,,,,,,,,,,,,,,,,,,,,,,,,,,,,,,,,,,,,,,,,,,,,,,,,​-Z8u9wXdauGQ,,,
955,Process,Flowchart Shapes/Containers,2,20,,,,,,,Take care and Maintainence,,,,,,,,,,,,,,,,,,,,,,,,,,,,,,,,,,,,,,,,,,,,,,,,,,,,,,,,,,,,,,,,,,,,,,,,,,,,,,,,,,,,,,,,,,,,,,,,,a3cvLz64V73q,,,
956,Sticky note,Sticky Notes,2,20,,,,,,,"
Watering
Pro-Active Nutrition as per defined program.
Quaterly wall to wall audit of each SKU.
Weekly wall to wall audit of sample SKUs.
Review stacking",,,,,,,,,,,,,,,,,,,,,,,,,,,,,,,,,,,,,,,,,,,,,,,,,,,,,,,,,,,,,,,,,,,,,,,,,,,,,,,,,,,,,,,,,,,,,,,,,ZadvR0Tyj3UK,,,
957,Sticky note,Sticky Notes,2,20,,,,,,,"Quaterly wall to wall audit of each SKU.
Weekly wall to wall audit of sample SKUs.",,,,,,,,,,,,,,,,,,,,,,,,,,,,,,,,,,,,,,,,,,,,,,,,,,,,,,,,,,,,,,,,,,,,,,,,,,,,,,,,,,,,,,,,,,,,,,,,,1advZY2fntPi,,,
958,Sticky note,Sticky Notes,2,20,,,,,,,"Factors influence selection of storage bin.
Temprature
Proper Stacking",,,,,,,,,,,,,,,,,,,,,,,,,,,,,,,,,,,,,,,,,,,,,,,,,,,,,,,,,,,,,,,,,,,,,,,,,,,,,,,,,,,,,,,,,,,,,,,,,Zgdvi9HUJZ~o,,,
959,Process,Flowchart Shapes/Containers,2,20,,,,,,,Any rejection or damage found,,,,,,,,,,,,,,,,,,,,,,,,,,,,,,,,,,,,,,,,,,,,,,,,,,,,,,,,,,,,,,,,,,,,,,,,,,,,,,,,,,,,,,,,,,,,,,,,,Qtdv97QMW4jM,,,
960,Process,Flowchart Shapes/Containers,2,49,,,,,,,Open Stock transfer > select enter item name > transfer material in rejection store to refurb store,,,,,,,,,,,,,,,,,,,,,,,,,,,,,,,,,,,,,,,,,,,,,,,,,,,,,,,,,,,,,,,,,,,,,,,,,,,,,,,,,,,,,,,,,,,,,,,,,v~puN1A1FNxq,,,
961,Sticky note,Sticky Notes,2,20,,,,,,,"We should maintain the 7 days stock of Potted plant in WIP area for plants.
DAC of 7 days should be taken from Finance inventory sheet
DAC should be taken of BAU days only.
In case where RM of any product is not avaiable, We should check whether it can be produced with using any other product",,,,,,,,,,,,,,,,,,,,,,,,,,,,,,,,,,,,,,,,,,,,,,,,,,,,,,,,,,,,,,,,,,,,,,,,,,,,,,,,,,,,,,,,,,,,,,,,,lWdv~YRyJhFE,,,
962,Process,Flowchart Shapes/Containers,2,19,,,,,,,Quality Check 4A,,,,,,,,,,,,,,,,,,,,,,,,,,,,,,,,,,,,,,,,,,,,,,,,,,,,,,,,,,,,,,,,,,,,,,,,,,,,,,,,,,,,,,,,,,,,,,,,,qKgv1a6F0mT.,,,
963,Sticky note,Sticky Notes,2,19,,,,,,,Reconcile Item name and qunatity in RTD area and Invoice,,,,,,,,,,,,,,,,,,,,,,,,,,,,,,,,,,,,,,,,,,,,,,,,,,,,,,,,,,,,,,,,,,,,,,,,,,,,,,,,,,,,,,,,,,,,,,,,,VKgvIvQUEL8f,,,
964,Process,Flowchart Shapes/Containers,2,19,,,,,,,Vehicle arrived for loading,,,,,,,,,,,,,,,,,,,,,,,,,,,,,,,,,,,,,,,,,,,,,,,,,,,,,,,,,,,,,,,,,,,,,,,,,,,,,,,,,,,,,,,,,,,,,,,,,K~gvaTZuxooM,,,
965,Process,Flowchart Shapes/Containers,2,19,,,,,,,Vehicle not arrived for loading or material not to be dispatched now,,,,,,,,,,,,,,,,,,,,,,,,,,,,,,,,,,,,,,,,,,,,,,,,,,,,,,,,,,,,,,,,,,,,,,,,,,,,,,,,,,,,,,,,,,,,,,,,,9bhv_DsTgVgM,,,
966,Process,Flowchart Shapes/Containers,2,19,,,,,,,Within 24 hours of sales invoice generation,,,,,,,,,,,,,,,,,,,,,,,,,,,,,,,,,,,,,,,,,,,,,,,,,,,,,,,,,,,,,,,,,,,,,,,,,,,,,,,,,,,,,,,,,,,,,,,,,rchvtwp5Lu3a,,,
967,Process,Flowchart Shapes/Containers,2,19,,,,,,,After 24 hours of sales invoice generation,,,,,,,,,,,,,,,,,,,,,,,,,,,,,,,,,,,,,,,,,,,,,,,,,,,,,,,,,,,,,,,,,,,,,,,,,,,,,,,,,,,,,,,,,,,,,,,,,vchvAzCrA7GP,,,
968,Process,Flowchart Shapes/Containers,2,19,,,,,,,Cancel sales invoice,,,,,,,,,,,,,,,,,,,,,,,,,,,,,,,,,,,,,,,,,,,,,,,,,,,,,,,,,,,,,,,,,,,,,,,,,,,,,,,,,,,,,,,,,,,,,,,,,QchvG21zLmdL,,,
969,Process,Flowchart Shapes/Containers,2,19,,,,,,,Inward via Sales return,,,,,,,,,,,,,,,,,,,,,,,,,,,,,,,,,,,,,,,,,,,,,,,,,,,,,,,,,,,,,,,,,,,,,,,,,,,,,,,,,,,,,,,,,,,,,,,,,Zchv_lY17QDR,,,
970,Process,Flowchart Shapes/Containers,2,19,,,,,,,Link with sales return/ rtv,,,,,,,,,,,,,,,,,,,,,,,,,,,,,,,,,,,,,,,,,,,,,,,,,,,,,,,,,,,,,,,,,,,,,,,,,,,,,,,,,,,,,,,,,,,,,,,,,4ohv55PUDra_,,,
971,Process,Flowchart Shapes/Containers,2,22,,,,,,,Make copy of last critical sheet,,,,,,,,,,,,,,,,,,,,,,,,,,,,,,,,,,,,,,,,,,,,,,,,,,,,,,,,,,,,,,,,,,,,,,,,,,,,,,,,,,,,,,,,,,,,,,,,,2SmvDfwk9RHP,,,
972,Process,Flowchart Shapes/Containers,2,22,,,,,,,Update DAC,,,,,,,,,,,,,,,,,,,,,,,,,,,,,,,,,,,,,,,,,,,,,,,,,,,,,,,,,,,,,,,,,,,,,,,,,,,,,,,,,,,,,,,,,,,,,,,,,jTmvQCDwkWXg,,,
973,Sticky note,Sticky Notes,2,22,,,,,,,"Open Store stock columar report in ERP.
It will have DAC for 15 days, 60 days and 90 days.
Update this in Critical sheet using sumifs.
DAC here is sum of all issue made from store from that SKU less issue made to rejection store, refurb store and stock transfer from one NG's location to another location.",,,,,,,,,,,,,,,,,,,,,,,,,,,,,,,,,,,,,,,,,,,,,,,,,,,,,,,,,,,,,,,,,,,,,,,,,,,,,,,,,,,,,,,,,,,,,,,,,8Tmvex-9_vn~,,,
974,Process,Flowchart Shapes/Containers,2,22,,,,,,,Update sales projection,,,,,,,,,,,,,,,,,,,,,,,,,,,,,,,,,,,,,,,,,,,,,,,,,,,,,,,,,,,,,,,,,,,,,,,,,,,,,,,,,,,,,,,,,,,,,,,,,XXmvX4K7Rw_A,,,
975,Sticky note,Sticky Notes,2,22,,,,,,,"Open Sales projection sheet
It will have various version of sales projection for different months.
Update the latest version of relevant month.
Relevant month will be
If Critical is being done before 20th of a month then latest version current month's sales projection will be taken
If Critical is being made on or after 20th of a month then latest version of next month's sales projection will be taken.",,,,,,,,,,,,,,,,,,,,,,,,,,,,,,,,,,,,,,,,,,,,,,,,,,,,,,,,,,,,,,,,,,,,,,,,,,,,,,,,,,,,,,,,,,,,,,,,,FZmvLYTL6lbZ,,,
976,Process,Flowchart Shapes/Containers,2,22,,,,,,,Calculation of weighted DAC,,,,,,,,,,,,,,,,,,,,,,,,,,,,,,,,,,,,,,,,,,,,,,,,,,,,,,,,,,,,,,,,,,,,,,,,,,,,,,,,,,,,,,,,,,,,,,,,,~9mvfFub4R~Q,,,
977,Sticky note,Sticky Notes,2,22,,,,,,,"Weights for different DAC's and sales projection
In case of NPD
90 day's DAC - 0%
60 day's DAC -  20%
15 day's DAC -  35%
Sales Projection - 45%
In any other case
90 day's DAC - 10%
60 day's DAC -  20%
15 day's DAC -  35%
Sales Projection - 35%",,,,,,,,,,,,,,,,,,,,,,,,,,,,,,,,,,,,,,,,,,,,,,,,,,,,,,,,,,,,,,,,,,,,,,,,,,,,,,,,,,,,,,,,,,,,,,,,,q-mvZrFXIu9E,,,
978,Process,Flowchart Shapes/Containers,2,22,,,,,,,Update SOH,,,,,,,,,,,,,,,,,,,,,,,,,,,,,,,,,,,,,,,,,,,,,,,,,,,,,,,,,,,,,,,,,,,,,,,,,,,,,,,,,,,,,,,,,,,,,,,,,j_mvuy6VaCrr,,,
979,Sticky note,Sticky Notes,2,22,,,,,,,"Use store stock columar report exported earlier for updating DAC.
Consider only
RM -Plant store
RM - Non Plant store
Finished good store
Consumable store, if any.
Do not consider
Refurb store
Rejection store
Farm Wastage store",,,,,,,,,,,,,,,,,,,,,,,,,,,,,,,,,,,,,,,,,,,,,,,,,,,,,,,,,,,,,,,,,,,,,,,,,,,,,,,,,,,,,,,,,,,,,,,,,L~mvwdMfOxtq,,,
980,Process,Flowchart Shapes/Containers,2,22,,,,,,,FSN Categorization,,,,,,,,,,,,,,,,,,,,,,,,,,,,,,,,,,,,,,,,,,,,,,,,,,,,,,,,,,,,,,,,,,,,,,,,,,,,,,,,,,,,,,,,,,,,,,,,,dcnvUaFhkdiK,,,
981,Process,Flowchart Shapes/Containers,2,22,,,,,,,Calculate Weighted DOC (in days) - SOH/DAC,,,,,,,,,,,,,,,,,,,,,,,,,,,,,,,,,,,,,,,,,,,,,,,,,,,,,,,,,,,,,,,,,,,,,,,,,,,,,,,,,,,,,,,,,,,,,,,,,Kdnvy1L07E.L,,,
982,Sticky note,Sticky Notes,2,22,,,,,,,"FSN categorization will be based on DRR of last 60 days.
Category
Non Moving = 0
Slow Moving = <20
Fast Moving = <=50
Running = >50",,,,,,,,,,,,,,,,,,,,,,,,,,,,,,,,,,,,,,,,,,,,,,,,,,,,,,,,,,,,,,,,,,,,,,,,,,,,,,,,,,,,,,,,,,,,,,,,,uSnvE9BiVV2f,,,
983,Process,Flowchart Shapes/Containers,2,22,,,,,,,Adjusted FSN,,,,,,,,,,,,,,,,,,,,,,,,,,,,,,,,,,,,,,,,,,,,,,,,,,,,,,,,,,,,,,,,,,,,,,,,,,,,,,,,,,,,,,,,,,,,,,,,,EYnvPrb_QQUE,,,
984,Sticky note,Sticky Notes,2,22,,,,,,,"It will be helpful to change FSN of any Item of which FSN from formula is not correct.
For example
NPD
End of life
Non Moving may be converted into
EOL
Re-launch",,,,,,,,,,,,,,,,,,,,,,,,,,,,,,,,,,,,,,,,,,,,,,,,,,,,,,,,,,,,,,,,,,,,,,,,,,,,,,,,,,,,,,,,,,,,,,,,,JYnvsqalAU74,,,
985,Process,Flowchart Shapes/Containers,2,22,,,,,,,Calculate DOC_Shortage,,,,,,,,,,,,,,,,,,,,,,,,,,,,,,,,,,,,,,,,,,,,,,,,,,,,,,,,,,,,,,,,,,,,,,,,,,,,,,,,,,,,,,,,,,,,,,,,,12nv0Z-v1By2,,,
986,Sticky note,Sticky Notes,2,22,,,,,,,"Any item which is not at it maintainance level of DOC need to be procured.
 Shortage = (Maintain DOC - Actual DOC)* Weighted DAC
Maintain DOC is taken as 40 days for now, might be revised as and when required keeping business DOC at 30-45 days.",,,,,,,,,,,,,,,,,,,,,,,,,,,,,,,,,,,,,,,,,,,,,,,,,,,,,,,,,,,,,,,,,,,,,,,,,,,,,,,,,,,,,,,,,,,,,,,,,baovTlliJo6R,,,
987,Process,Flowchart Shapes/Containers,2,22,,,,,,,Source Data from logistic Sheet,,,,,,,,,,,,,,,,,,,,,,,,,,,,,,,,,,,,,,,,,,,,,,,,,,,,,,,,,,,,,,,,,,,,,,,,,,,,,,,,,,,,,,,,,,,,,,,,,cfov8IqxCC34,,,
988,Sticky note,Sticky Notes,2,22,,,,,,,"We will trace the latest data from today on which that particular SKU is tentative to get delivered for that particular warehouse.
We will also trace the sum of qty of that particular SKU is tentative to get delivered for that particular warehouse.",,,,,,,,,,,,,,,,,,,,,,,,,,,,,,,,,,,,,,,,,,,,,,,,,,,,,,,,,,,,,,,,,,,,,,,,,,,,,,,,,,,,,,,,,,,,,,,,,nfovBnz2EzF.,,,
989,Process,Flowchart Shapes/Containers,2,22,,,,,,,,,,,,,,,,,,,,,,,,,,,,,,,,,,,,,,,,,,,,,,,,,,,,,,,,,,,,,,,,,,,,,,,,,,,,,,,,,,,,,,,,,,,,,,,,,,,,,,,,Eiov5moTagpH,,,
990,Sticky note,Sticky Notes,2,22,,,,,,,It is known as weighted DOC because it includes sales projection and weights are given to past and future sales both.,,,,,,,,,,,,,,,,,,,,,,,,,,,,,,,,,,,,,,,,,,,,,,,,,,,,,,,,,,,,,,,,,,,,,,,,,,,,,,,,,,,,,,,,,,,,,,,,,wtxvut4RG6J7,,,
991,Process,Flowchart Shapes/Containers,2,49,,,,,,,Export IAM report,,,,,,,,,,,,,,,,,,,,,,,,,,,,,,,,,,,,,,,,,,,,,,,,,,,,,,,,,,,,,,,,,,,,,,,,,,,,,,,,,,,,,,,,,,,,,,,,,TvwngvppMZyH,,,
992,Process,Flowchart Shapes/Containers,2,20,,,,,,,Primary Responsibility - Senior Executive (Warehouse)  I  Secondary  Responsibility -Waehouse Head,,,,,,,,,,,,,,,,,,,,,,,,,,,,,,,,,,,,,,,,,,,,,,,,,,,,,,,,,,,,,,,,,,,,,,,,,,,,,,,,,,,,,,,,,,,,,,,,,fSIv71dCzVA_,,,
993,Process,Flowchart Shapes/Containers,2,20,,,,,,,Warehousing Prcocess,,,,,,,,,,,,,,,,,,,,,,,,,,,,,,,,,,,,,,,,,,,,,,,,,,,,,,,,,,,,,,,,,,,,,,,,,,,,,,,,,,,,,,,,,,,,,,,,,fSIvJosXFYae,,,
994,Process,Flowchart Shapes/Containers,2,9,,,,,,,Primary Responsibility - Senior Executive (Logistic)   I  Secondary  Responsibility -  Senior Manager (Purchase),,,,,,,,,,,,,,,,,,,,,,,,,,,,,,,,,,,,,,,,,,,,,,,,,,,,,,,,,,,,,,,,,,,,,,,,,,,,,,,,,,,,,,,,,,,,,,,,,tVIvI4gy8Wq2,,,
995,Process,Flowchart Shapes/Containers,2,9,,,,,,,Inward Logistic,,,,,,,,,,,,,,,,,,,,,,,,,,,,,,,,,,,,,,,,,,,,,,,,,,,,,,,,,,,,,,,,,,,,,,,,,,,,,,,,,,,,,,,,,,,,,,,,,tVIvV0wAOazH,,,
996,Process,Flowchart Shapes/Containers,2,49,,,,,,,Primary Responsibility - Warehouse Manager  I  Secondary  Responsibility - SCM Head,,,,,,,,,,,,,,,,,,,,,,,,,,,,,,,,,,,,,,,,,,,,,,,,,,,,,,,,,,,,,,,,,,,,,,,,,,,,,,,,,,,,,,,,,,,,,,,,,u4_vCTWQEvb5,,,
997,Process,Flowchart Shapes/Containers,2,49,,,,,,,Inward Process,,,,,,,,,,,,,,,,,,,,,,,,,,,,,,,,,,,,,,,,,,,,,,,,,,,,,,,,,,,,,,,,,,,,,,,,,,,,,,,,,,,,,,,,,,,,,,,,,u4_vUi6knrjS,,,
998,Process,Flowchart Shapes/Containers,2,9,,,,,,,Loading of material,,,,,,,,,,,,,,,,,,,,,,,,,,,,,,,,,,,,,,,,,,,,,,,,,,,,,,,,,,,,,,,,,,,,,,,,,,,,,,,,,,,,,,,,,,,,,,,,,UEawgrQQhNmL,,,
999,Process,Flowchart Shapes/Containers,2,49,,,,,,,Open Stock transfer > select enter item name > transfer material in refurb store to good store (RM-Plant),,,,,,,,,,,,,,,,,,,,,,,,,,,,,,,,,,,,,,,,,,,,,,,,,,,,,,,,,,,,,,,,,,,,,,,,,,,,,,,,,,,,,,,,,,,,,,,,,EV6wCo_ueUVs,,,
1000,Delay,Flowchart Shapes/Containers,2,49,,,,,,,"Wait, till we have material that is enough to fill one bag or atleast once a week - Wednesday",,,,,,,,,,,,,,,,,,,,,,,,,,,,,,,,,,,,,,,,,,,,,,,,,,,,,,,,,,,,,,,,,,,,,,,,,,,,,,,,,,,,,,,,,,,,,,,,,yW6w1Zp_Aws8,,,
1001,Process,Flowchart Shapes/Containers,2,49,,,,,,,Open Stock transfer > select enter item name > transfer material in refurb store to farm wastage store,,,,,,,,,,,,,,,,,,,,,,,,,,,,,,,,,,,,,,,,,,,,,,,,,,,,,,,,,,,,,,,,,,,,,,,,,,,,,,,,,,,,,,,,,,,,,,,,,926w9WYfv2g_,,,
1002,Process,Flowchart Shapes/Containers,2,49,,,,,,,Open Stock transfer > select enter item name > transfer material in rejection store to farm wastage store,,,,,,,,,,,,,,,,,,,,,,,,,,,,,,,,,,,,,,,,,,,,,,,,,,,,,,,,,,,,,,,,,,,,,,,,,,,,,,,,,,,,,,,,,,,,,,,,,.26wzqAvfvav,,,
1003,Decision,Flowchart Shapes/Containers,2,49,,,,,,,Physical Return,,,,,,,,,,,,,,,,,,,,,,,,,,,,,,,,,,,,,,,,,,,,,,,,,,,,,,,,,,,,,,,,,,,,,,,,,,,,,,,,,,,,,,,,,,,,,,,,,r86wV2kf6UNF,,,
1004,Decision,Flowchart Shapes/Containers,2,49,,,,,,,Link to Outward and logistic,,,,,,,,,,,,,,,,,,,,,,,,,,,,,,,,,,,,,,,,,,,,,,,,,,,,,,,,,,,,,,,,,,,,,,,,,,,,,,,,,,,,,,,,,,,,,,,,,r86wwjKj7i_s,,,
1005,Block,Standard,2,49,,,,,,,Every Wednesday,,,,,,,,,,,,,,,,,,,,,,,,,,,,,,,,,,,,,,,,,,,,,,,,,,,,,,,,,,,,,,,,,,,,,,,,,,,,,,,,,,,,,,,,,,,,,,,,,w09wYIur~C01,,,
1006,Process,Flowchart Shapes/Containers,2,49,,,,,,,Entry in Physcial Gate register,,,,,,,,,,,,,,,,,,,,,,,,,,,,,,,,,,,,,,,,,,,,,,,,,,,,,,,,,,,,,,,,,,,,,,,,,,,,,,,,,,,,,,,,,,,,,,,,,A19wtHh6LrZs,,,
1007,Sticky note,Sticky Notes,2,49,,,,,,,"Fill Following-
S.No
Date
Bill No.
Time
Name of Party
Description of material
Qty
Amount
Vehicle Number
Signature",,,,,,,,,,,,,,,,,,,,,,,,,,,,,,,,,,,,,,,,,,,,,,,,,,,,,,,,,,,,,,,,,,,,,,,,,,,,,,,,,,,,,,,,,,,,,,,,,P19wn6CJuYqF,,,
1008,Process,Flowchart Shapes/Containers,2,49,,,,,,,Minimum 20% of box will be inspected using sampling,,,,,,,,,,,,,,,,,,,,,,,,,,,,,,,,,,,,,,,,,,,,,,,,,,,,,,,,,,,,,,,,,,,,,,,,,,,,,,,,,,,,,,,,,,,,,,,,,kJ-wJZrZMSeO,,,
1009,Process,Flowchart Shapes/Containers,2,49,,,,,,,OK,,,,,,,,,,,,,,,,,,,,,,,,,,,,,,,,,,,,,,,,,,,,,,,,,,,,,,,,,,,,,,,,,,,,,,,,,,,,,,,,,,,,,,,,,,,,,,,,,4J-wHkSrZPEu,,,
1010,Process,Flowchart Shapes/Containers,2,49,,,,,,,Calculate approve qty on Pro-rata basis,,,,,,,,,,,,,,,,,,,,,,,,,,,,,,,,,,,,,,,,,,,,,,,,,,,,,,,,,,,,,,,,,,,,,,,,,,,,,,,,,,,,,,,,,,,,,,,,,rK-wXnei73r7,,,
1011,Process,Flowchart Shapes/Containers,2,49,,,,,,,Do 100% Quality check,,,,,,,,,,,,,,,,,,,,,,,,,,,,,,,,,,,,,,,,,,,,,,,,,,,,,,,,,,,,,,,,,,,,,,,,,,,,,,,,,,,,,,,,,,,,,,,,,dL-wQ4qPvFR8,,,
1012,Process,Flowchart Shapes/Containers,2,49,,,,,,,Do 100% Quality check,,,,,,,,,,,,,,,,,,,,,,,,,,,,,,,,,,,,,,,,,,,,,,,,,,,,,,,,,,,,,,,,,,,,,,,,,,,,,,,,,,,,,,,,,,,,,,,,,TT-w9nW7vfY_,,,
1013,Block,Standard,2,49,,,,,,,Within 2 days of MRN,,,,,,,,,,,,,,,,,,,,,,,,,,,,,,,,,,,,,,,,,,,,,,,,,,,,,,,,,,,,,,,,,,,,,,,,,,,,,,,,,,,,,,,,,,,,,,,,,vU-wg_c7uQue,,,
1014,Block,Standard,2,49,,,,,,,With in 2 days of Mail from Warehouse,,,,,,,,,,,,,,,,,,,,,,,,,,,,,,,,,,,,,,,,,,,,,,,,,,,,,,,,,,,,,,,,,,,,,,,,,,,,,,,,,,,,,,,,,,,,,,,,,~Z-wvGuyWQ0i,,,
1015,Sticky note,Sticky Notes,2,8,,,,,,,"By 7th of every month, there should be no variance.
If not, then it should be esclated as discussed and also be added in task sheet to find new vendor and make material available.",,,,,,,,,,,,,,,,,,,,,,,,,,,,,,,,,,,,,,,,,,,,,,,,,,,,,,,,,,,,,,,,,,,,,,,,,,,,,,,,,,,,,,,,,,,,,,,,,RWbxe1xh1e3i,,,
1016,Sticky note,Sticky Notes,2,19,,,,,,,"Responsibility of Warehouse (WH) Head 
All Sales Orders (SOs) scheduled for dispatch in the first half (before 2:00 PM) of the next day must be marked as RTD (Ready to Dispatch) by the end of the current day.
All SOs scheduled for dispatch in the second half (after 2:00 PM) of the next day must have production completed and be moved from the WIP area to the packing station by the end of the current day.
In case it is not feasible to make all second-half SOs RTD (as mentioned in Point 2), at minimum, a portion of those SOs must be ensured in RTD status by the end of the day, based on priority and agreed planning.",,,,,,,,,,,,,,,,,,,,,,,,,,,,,,,,,,,,,,,,,,,,,,,,,,,,,,,,,,,,,,,,,,,,,,,,,,,,,,,,,,,,,,,,,,,,,,,,,w6bx5Oq6MgQz,,,
1017,Process,Flowchart Shapes/Containers,2,21,,,,,,,Esclate to Purchase department,,,,,,,,,,,,,,,,,,,,,,,,,,,,,,,,,,,,,,,,,,,,,,,,,,,,,,,,,,,,,,,,,,,,,,,,,,,,,,,,,,,,,,,,,,,,,,,,,3ejxiPtzPOx0,,,
1018,Sticky note,Sticky Notes,2,19,,,,,,,"Plant should be allowed to settle for atleast 7 days.
 That's why we should always maintain sufficient stock WIP area.
Sufficient stock mean stock of 7 days using DAC of past 60 days. (Not weighted) ",,,,,,,,,,,,,,,,,,,,,,,,,,,,,,,,,,,,,,,,,,,,,,,,,,,,,,,,,,,,,,,,,,,,,,,,,,,,,,,,,,,,,,,,,,,,,,,,,QfjxIll-N329,,,
1019,Sticky note,Sticky Notes,2,19,,,,,,,No new sales invoice shall be made until gate pass for all open invoice made (made in T-2 or earlier),,,,,,,,,,,,,,,,,,,,,,,,,,,,,,,,,,,,,,,,,,,,,,,,,,,,,,,,,,,,,,,,,,,,,,,,,,,,,,,,,,,,,,,,,,,,,,,,,AmjxDoN4hioy,,,
1020,Decision,Flowchart Shapes/Containers,2,19,,,,,,,QC 2B,,,,,,,,,,,,,,,,,,,,,,,,,,,,,,,,,,,,,,,,,,,,,,,,,,,,,,,,,,,,,,,,,,,,,,,,,,,,,,,,,,,,,,,,,,,,,,,,,YCjxR1NFtJJK,,,
1021,Process,Flowchart Shapes/Containers,2,18,,,,,,,Link with Inward RTV process,,,,,,,,,,,,,,,,,,,,,,,,,,,,,,,,,,,,,,,,,,,,,,,,,,,,,,,,,,,,,,,,,,,,,,,,,,,,,,,,,,,,,,,,,,,,,,,,,FXjxugpCNjmk,,,
1022,Process,Flowchart Shapes/Containers,2,22,,,,,,,Primary Responsibility - Senior Manager (Purchase)  I  Secondary  Responsibility - SCM Head,,,,,,,,,,,,,,,,,,,,,,,,,,,,,,,,,,,,,,,,,,,,,,,,,,,,,,,,,,,,,,,,,,,,,,,,,,,,,,,,,,,,,,,,,,,,,,,,,t0jxtEfsJQ2J,,,
1023,Process,Flowchart Shapes/Containers,2,22,,,,,,,Process of Preparation of Critical sheet,,,,,,,,,,,,,,,,,,,,,,,,,,,,,,,,,,,,,,,,,,,,,,,,,,,,,,,,,,,,,,,,,,,,,,,,,,,,,,,,,,,,,,,,,,,,,,,,,t0jxDohcent5,,,
1024,Process,Flowchart Shapes/Containers,2,49,,,,,,,Open > Sales Return Inward,,,,,,,,,,,,,,,,,,,,,,,,,,,,,,,,,,,,,,,,,,,,,,,,,,,,,,,,,,,,,,,,,,,,,,,,,,,,,,,,,,,,,,,,,,,,,,,,,bUqxk~zJoH7e,,,
1025,Sticky note,Sticky Notes,2,49,,,,,,,"Select ""Sales Invoice Number"" against which such return is to be taken back.
Enter
Billed Base qty (as shown on invoice)
Billed Rate
Received base qty (physical count)
Received based qty will be filled automatically with billed qty but if there is any difference, then we should mannually correct this.",,,,,,,,,,,,,,,,,,,,,,,,,,,,,,,,,,,,,,,,,,,,,,,,,,,,,,,,,,,,,,,,,,,,,,,,,,,,,,,,,,,,,,,,,,,,,,,,,GWqxwVRelqml,,,
1026,Database,Flowchart Shapes/Containers,2,49,,,,,,,SR no. generatd > Write it on Document,,,,,,,,,,,,,,,,,,,,,,,,,,,,,,,,,,,,,,,,,,,,,,,,,,,,,,,,,,,,,,,,,,,,,,,,,,,,,,,,,,,,,,,,,,,,,,,,,PeIxu0Xmj7H~,,,
1027,Process,Flowchart Shapes/Containers,2,49,,,,,,,Click Authorise > select respective Challan no. > Authorise,,,,,,,,,,,,,,,,,,,,,,,,,,,,,,,,,,,,,,,,,,,,,,,,,,,,,,,,,,,,,,,,,,,,,,,,,,,,,,,,,,,,,,,,,,,,,,,,,0eIxPHxKgkYf,,,
1028,Process,Flowchart Shapes/Containers,2,49,,,,,,,Open MRN (Material receipt note) > select challan no.,,,,,,,,,,,,,,,,,,,,,,,,,,,,,,,,,,,,,,,,,,,,,,,,,,,,,,,,,,,,,,,,,,,,,,,,,,,,,,,,,,,,,,,,,,,,,,,,,bgIxkQY3VgCX,,,
1029,Sticky note,Sticky Notes,2,49,,,,,,,"This will show default store name (which is linked with that item code)
We should change store name to Sale return.",,,,,,,,,,,,,,,,,,,,,,,,,,,,,,,,,,,,,,,,,,,,,,,,,,,,,,,,,,,,,,,,,,,,,,,,,,,,,,,,,,,,,,,,,,,,,,,,,bgIxTaEXehEL,,,
1030,Process,Flowchart Shapes/Containers,2,49,,,,,,,Click Authorise > select respective MRN no. > Authorise,,,,,,,,,,,,,,,,,,,,,,,,,,,,,,,,,,,,,,,,,,,,,,,,,,,,,,,,,,,,,,,,,,,,,,,,,,,,,,,,,,,,,,,,,,,,,,,,,bgIxk5itPJ8i,,,
1031,Database,Flowchart Shapes/Containers,2,49,,,,,,,MRN no. generatd > Write it on Invoice,,,,,,,,,,,,,,,,,,,,,,,,,,,,,,,,,,,,,,,,,,,,,,,,,,,,,,,,,,,,,,,,,,,,,,,,,,,,,,,,,,,,,,,,,,,,,,,,,bgIxeS3K9yGP,,,
1032,Internal storage,Flowchart Shapes/Containers,2,49,,,,,,,MRN register,,,,,,,,,,,,,,,,,,,,,,,,,,,,,,,,,,,,,,,,,,,,,,,,,,,,,,,,,,,,,,,,,,,,,,,,,,,,,,,,,,,,,,,,,,,,,,,,,bgIxu7O7eB7J,,,
1033,Display,Flowchart Shapes/Containers,2,49,,,,,,,"Now, Inventory is live in ERP",,,,,,,,,,,,,,,,,,,,,,,,,,,,,,,,,,,,,,,,,,,,,,,,,,,,,,,,,,,,,,,,,,,,,,,,,,,,,,,,,,,,,,,,,,,,,,,,,ThIxzXV796qy,,,
1034,Process,Flowchart Shapes/Containers,2,49,,,,,,,Open Repacking and reprocessing >,,,,,,,,,,,,,,,,,,,,,,,,,,,,,,,,,,,,,,,,,,,,,,,,,,,,,,,,,,,,,,,,,,,,,,,,,,,,,,,,,,,,,,,,,,,,,,,,,FmIxxvfU12Z0,,,
1035,Process,Flowchart Shapes/Containers,2,49,,,,,,,Enter detail for Repacking,,,,,,,,,,,,,,,,,,,,,,,,,,,,,,,,,,,,,,,,,,,,,,,,,,,,,,,,,,,,,,,,,,,,,,,,,,,,,,,,,,,,,,,,,,,,,,,,,ArIxtw8i2iKW,,,
1036,Sticky note,Sticky Notes,2,49,,,,,,,"Select Item code that need to repack.
Enter quantity
This form has two section
Consumed Item detail - Item that need to be repack
Produced Item detail - RM Item that will be generated from repacking of above item. ",,,,,,,,,,,,,,,,,,,,,,,,,,,,,,,,,,,,,,,,,,,,,,,,,,,,,,,,,,,,,,,,,,,,,,,,,,,,,,,,,,,,,,,,,,,,,,,,,0rIxUHaXIoOe,,,
1037,Process,Flowchart Shapes/Containers,2,49,,,,,,,Selection of store,,,,,,,,,,,,,,,,,,,,,,,,,,,,,,,,,,,,,,,,,,,,,,,,,,,,,,,,,,,,,,,,,,,,,,,,,,,,,,,,,,,,,,,,,,,,,,,,,JEIxX25.dDhM,,,
1038,Process,Flowchart Shapes/Containers,2,49,,,,,,,Always Refurb,,,,,,,,,,,,,,,,,,,,,,,,,,,,,,,,,,,,,,,,,,,,,,,,,,,,,,,,,,,,,,,,,,,,,,,,,,,,,,,,,,,,,,,,,,,,,,,,,IGIx1PJI_ABf,,,
1039,Process,Flowchart Shapes/Containers,2,49,,,,,,,"Can be used again - RM - Non plant
Cannot be used again - Rejection",,,,,,,,,,,,,,,,,,,,,,,,,,,,,,,,,,,,,,,,,,,,,,,,,,,,,,,,,,,,,,,,,,,,,,,,,,,,,,,,,,,,,,,,,,,,,,,,,6GIxlAdTyyWf,,,
1040,Process,Flowchart Shapes/Containers,2,49,,,,,,,"Can be used again - RM - Non plant
Cannot be used again - Rejection",,,,,,,,,,,,,,,,,,,,,,,,,,,,,,,,,,,,,,,,,,,,,,,,,,,,,,,,,,,,,,,,,,,,,,,,,,,,,,,,,,,,,,,,,,,,,,,,,2HIx83tKcE3s,,,
1041,Terminator,Flowchart Shapes/Containers,2,49,,,,,,,Physically move material to relvant store,,,,,,,,,,,,,,,,,,,,,,,,,,,,,,,,,,,,,,,,,,,,,,,,,,,,,,,,,,,,,,,,,,,,,,,,,,,,,,,,,,,,,,,,,,,,,,,,,qSIxFTaQrIh6,,,
1042,Process,Flowchart Shapes/Containers,2,49,,,,,,,Process of Creation of Credit Note,,,,,,,,,,,,,,,,,,,,,,,,,,,,,,,,,,,,,,,,,,,,,,,,,,,,,,,,,,,,,,,,,,,,,,,,,,,,,,,,,,,,,,,,,,,,,,,,,wVIxT3aJOU76,,,
1043,Process,Flowchart Shapes/Containers,2,19,,,,,,,Primary Responsibility - Senior Manager Purchase  I  Secondary  Responsibility - Supply Chain Head,,,,,,,,,,,,,,,,,,,,,,,,,,,,,,,,,,,,,,,,,,,,,,,,,,,,,,,,,,,,,,,,,,,,,,,,,,,,,,,,,,,,,,,,,,,,,,,,,_7PzhWWP.s4m,,,
1044,Process,Flowchart Shapes/Containers,2,19,,,,,,,Warehousing Prcocess,,,,,,,,,,,,,,,,,,,,,,,,,,,,,,,,,,,,,,,,,,,,,,,,,,,,,,,,,,,,,,,,,,,,,,,,,,,,,,,,,,,,,,,,,,,,,,,,,_7PzY_ip0yqO,,,
1045,Process,Flowchart Shapes/Containers,2,18,,,,,,,Primary Responsibility - Senior Manager Purchase  I  Secondary  Responsibility - Supply Chain Head,,,,,,,,,,,,,,,,,,,,,,,,,,,,,,,,,,,,,,,,,,,,,,,,,,,,,,,,,,,,,,,,,,,,,,,,,,,,,,,,,,,,,,,,,,,,,,,,,G-Pz.iOrye99,,,
1046,Process,Flowchart Shapes/Containers,2,18,,,,,,,Warehousing Prcocess,,,,,,,,,,,,,,,,,,,,,,,,,,,,,,,,,,,,,,,,,,,,,,,,,,,,,,,,,,,,,,,,,,,,,,,,,,,,,,,,,,,,,,,,,,,,,,,,,G-PzR-fdE9TQ,,,
1047,Process,Flowchart Shapes/Containers,2,6,,,,,,,Connect with AOP,,,,,,,,,,,,,,,,,,,,,,,,,,,,,,,,,,,,,,,,,,,,,,,,,,,,,,,,,,,,,,,,,,,,,,,,,,,,,,,,,,,,,,,,,,,,,,,,,pN5zBiKUXPQQ,,DEFAULT_EMPTY,Primary_0
1048,Sticky note,Sticky Notes,2,6,,,,,,,AOP do have category wise target sales for the respective period.,,,,,,,,,,,,,,,,,,,,,,,,,,,,,,,,,,,,,,,,,,,,,,,,,,,,,,,,,,,,,,,,,,,,,,,,,,,,,,,,,,,,,,,,,,,,,,,,,CN5z4XllY7XK,,,
1049,Sticky note,Sticky Notes,2,6,,,,,,,"Conduct research on
Market research
Size (Global & National)
Growth trend of Category
Seasonality
Consumer research
Competitor
Product (Technical)
Core Proposition
Revenue strem align with the target audience",,,,,,,,,,,,,,,,,,,,,,,,,,,,,,,,,,,,,,,,,,,,,,,,,,,,,,,,,,,,,,,,,,,,,,,,,,,,,,,,,,,,,,,,,,,,,,,,,6X5zTqeFMT3T,,,
1050,Process,Flowchart Shapes/Containers,2,23,,,,,,,"Post Launch Performance Review
(NPS)",,,,,,,,,,,,,,,,,,,,,,,,,,,,,,,,,,,,,,,,,,,,,,,,,,,,,,,,,,,,,,,,,,,,,,,,,,,,,,,,,,,,,,,,,,,,,,,,,eu6zuB_tzU4y,,DEFAULT_EMPTY,Primary_0
1051,Process,Flowchart Shapes/Containers,2,23,,,,,,,"Sampling
(NPD_Master_Sheet -""Project Tracking sheet"")",,,,,,,,,,,,,,,,,,,,,,,,,,,,,,,,,,,,,,,,,,,,,,,,,,,,,,,,,,,,,,,,,,,,,,,,,,,,,,,,,,,,,,,,,,,,,,,,,eu6z13Z9wapS,,DEFAULT_EMPTY,Primary_0
1052,Process,Flowchart Shapes/Containers,2,23,,,,,,,Annual Mood Board,,,,,,,,,,,,,,,,,,,,,,,,,,,,,,,,,,,,,,,,,,,,,,,,,,,,,,,,,,,,,,,,,,,,,,,,,,,,,,,,,,,,,,,,,,,,,,,,,eu6z7ZrtI9r5,,,
1053,Process,Flowchart Shapes/Containers,2,23,,,,,,,"Costing 
(Calculate our SP and TC)",,,,,,,,,,,,,,,,,,,,,,,,,,,,,,,,,,,,,,,,,,,,,,,,,,,,,,,,,,,,,,,,,,,,,,,,,,,,,,,,,,,,,,,,,,,,,,,,,eu6zhUKoBgX.,,,
1054,Process,Flowchart Shapes/Containers,2,23,,,,,,,"Vendor Identification 
(identify minimum 3 different vendors &  get the silver sample done)",,,,,,,,,,,,,,,,,,,,,,,,,,,,,,,,,,,,,,,,,,,,,,,,,,,,,,,,,,,,,,,,,,,,,,,,,,,,,,,,,,,,,,,,,,,,,,,,,eu6zCped._5D,,,
1055,Process,Flowchart Shapes/Containers,2,23,,,,,,,"First Sample [Manufacturing at vendor level,{size, weight, color, graphics}]",,,,,,,,,,,,,,,,,,,,,,,,,,,,,,,,,,,,,,,,,,,,,,,,,,,,,,,,,,,,,,,,,,,,,,,,,,,,,,,,,,,,,,,,,,,,,,,,,eu6zfHzP_3q~,,,
1056,Process,Flowchart Shapes/Containers,2,23,,,,,,,Received at office,,,,,,,,,,,,,,,,,,,,,,,,,,,,,,,,,,,,,,,,,,,,,,,,,,,,,,,,,,,,,,,,,,,,,,,,,,,,,,,,,,,,,,,,,,,,,,,,,eu6zITMI9g1D,,,
1057,Process,Flowchart Shapes/Containers,2,23|24,,,,,,,Logon ERP,,,,,,,,,,,,,,,,,,,,,,,,,,,,,,,,,,,,,,,,,,,,,,,,,,,,,,,,,,,,,,,,,,,,,,,,,,,,,,,,,,,,,,,,,,,,,,,,,eu6zl.hJfZIY,,,
1058,Process,Flowchart Shapes/Containers,2,23|24,,,,,,,Open Vendor Master,,,,,,,,,,,,,,,,,,,,,,,,,,,,,,,,,,,,,,,,,,,,,,,,,,,,,,,,,,,,,,,,,,,,,,,,,,,,,,,,,,,,,,,,,,,,,,,,,eu6zd7oNocGL,,,
1059,Process,Flowchart Shapes/Containers,2,23|24,,,,,,,Click New,,,,,,,,,,,,,,,,,,,,,,,,,,,,,,,,,,,,,,,,,,,,,,,,,,,,,,,,,,,,,,,,,,,,,,,,,,,,,,,,,,,,,,,,,,,,,,,,,eu6zgOpsDcfO,,,
1060,Sticky note,Sticky Notes,2,23|24,,,,,,,"Name
Name in tally (same as 1st)
Print Name (same as 1st)
Address
Pincode
GST Type
Regular - unregular
Non register - unregistered
State
Country
City (if not in dropdown create using city master)
Mail Id
Phone Number
GSTIN No.
Tax details
PAN No.
Default tax template
Save
Note :-
We can create customer account of same party by simply tick on ""treat as customer"" option
",,,,,,,,,,,,,,,,,,,,,,,,,,,,,,,,,,,,,,,,,,,,,,,,,,,,,,,,,,,,,,,,,,,,,,,,,,,,,,,,,,,,,,,,,,,,,,,,,eu6z.b~rBCYF,,,
1061,Process,Flowchart Shapes/Containers,2,23|24,,,,,,,Enter/Modify follwing details,,,,,,,,,,,,,,,,,,,,,,,,,,,,,,,,,,,,,,,,,,,,,,,,,,,,,,,,,,,,,,,,,,,,,,,,,,,,,,,,,,,,,,,,,,,,,,,,,eu6zOEHR1YDb,,,
1062,Process,Flowchart Shapes/Containers,2,23|24,,,,,,,Click Edit,,,,,,,,,,,,,,,,,,,,,,,,,,,,,,,,,,,,,,,,,,,,,,,,,,,,,,,,,,,,,,,,,,,,,,,,,,,,,,,,,,,,,,,,,,,,,,,,,eu6zyJZmG8Rx,,,
1063,Process,Flowchart Shapes/Containers,2,23|24,,,,,,,Click Save,,,,,,,,,,,,,,,,,,,,,,,,,,,,,,,,,,,,,,,,,,,,,,,,,,,,,,,,,,,,,,,,,,,,,,,,,,,,,,,,,,,,,,,,,,,,,,,,,eu6zGm7a-YIM,,,
1064,Decision,Flowchart Shapes/Containers,2,23|24,,,,,,,Need to link in other warehouses?,,,,,,,,,,,,,,,,,,,,,,,,,,,,,,,,,,,,,,,,,,,,,,,,,,,,,,,,,,,,,,,,,,,,,,,,,,,,,,,,,,,,,,,,,,,,,,,,,eu6z.rnwY_xk,,,
1065,Process,Flowchart Shapes/Containers,2,23|24,,,,,,,"Open ""Party Branch Link Master (Branch wise)",,,,,,,,,,,,,,,,,,,,,,,,,,,,,,,,,,,,,,,,,,,,,,,,,,,,,,,,,,,,,,,,,,,,,,,,,,,,,,,,,,,,,,,,,,,,,,,,,eu6zO7gfFL.t,,,
1066,Terminator,Flowchart Shapes/Containers,2,23|24,,,,,,,No Action required,,,,,,,,,,,,,,,,,,,,,,,,,,,,,,,,,,,,,,,,,,,,,,,,,,,,,,,,,,,,,,,,,,,,,,,,,,,,,,,,,,,,,,,,,,,,,,,,,eu6zKasWG6kg,,,
1067,Process,Flowchart Shapes/Containers,2,23|24,,,,,,,Select Branch in which you want to add an existing vendor,,,,,,,,,,,,,,,,,,,,,,,,,,,,,,,,,,,,,,,,,,,,,,,,,,,,,,,,,,,,,,,,,,,,,,,,,,,,,,,,,,,,,,,,,,,,,,,,,eu6zvMaPoixn,,,
1068,Process,Flowchart Shapes/Containers,2,23|24,,,,,,,Tick the respective vendor,,,,,,,,,,,,,,,,,,,,,,,,,,,,,,,,,,,,,,,,,,,,,,,,,,,,,,,,,,,,,,,,,,,,,,,,,,,,,,,,,,,,,,,,,,,,,,,,,eu6zr5j.-pYU,,,
1069,Terminator,Flowchart Shapes/Containers,2,23|24,,,,,,,Vendor Created in that branch,,,,,,,,,,,,,,,,,,,,,,,,,,,,,,,,,,,,,,,,,,,,,,,,,,,,,,,,,,,,,,,,,,,,,,,,,,,,,,,,,,,,,,,,,,,,,,,,,eu6z1adfc~mA,,,
1070,Process,Flowchart Shapes/Containers,2,23,,,,,,,SLA -  ???????,,,,,,,,,,,,,,,,,,,,,,,,,,,,,,,,,,,,,,,,,,,,,,,,,,,,,,,,,,,,,,,,,,,,,,,,,,,,,,,,,,,,,,,,,,,,,,,,,eu6zx8xKmMq-,,,
1071,Process,Flowchart Shapes/Containers,2,23,,,,,,,Primary Responsibility - Assistant Manager Ecom  I  Secondary  Responsibility - ,,,,,,,,,,,,,,,,,,,,,,,,,,,,,,,,,,,,,,,,,,,,,,,,,,,,,,,,,,,,,,,,,,,,,,,,,,,,,,,,,,,,,,,,,,,,,,,,,eu6zFSnse083,,,
1072,Process,Flowchart Shapes/Containers,2,23|24,,,,,,,SLA -   Alternative days  within 45 mins,,,,,,,,,,,,,,,,,,,,,,,,,,,,,,,,,,,,,,,,,,,,,,,,,,,,,,,,,,,,,,,,,,,,,,,,,,,,,,,,,,,,,,,,,,,,,,,,,eu6zZhXNrru8,,,
1073,Process,Flowchart Shapes/Containers,2,23|24,,,,,,,Primary Responsibility - Assistant Manager (Quick Comm)  I  Secondary  Responsibility - AGM (Online) (Sumit),,,,,,,,,,,,,,,,,,,,,,,,,,,,,,,,,,,,,,,,,,,,,,,,,,,,,,,,,,,,,,,,,,,,,,,,,,,,,,,,,,,,,,,,,,,,,,,,,eu6zO6XfoDEu,,,
1074,Process,Flowchart Shapes/Containers,2,23,,,,,,,NPD Framework Aligned with AOP Goals,,,,,,,,,,,,,,,,,,,,,,,,,,,,,,,,,,,,,,,,,,,,,,,,,,,,,,,,,,,,,,,,,,,,,,,,,,,,,,,,,,,,,,,,,,,,,,,,,eu6zJk34HU6W,,DEFAULT_EMPTY,Primary_0
1075,Process,Flowchart Shapes/Containers,2,23,,,,,,,"The Annual Mood Board is a yearly planning framework.
Begins with generating 50-100 product ideas based on solid research. These ideas are developed by first identifying categories and then finalizing them at the SKU level. This process helps define the company’s category direction for the year, aligning with its growth strategy and overall vision.
Ideas are screened and evaluated through detailed market research based on:
Market demand
Sales potential
Competition
Pricing & Margins
Seasonality
Approved products are allocated across Q1–Q4.
Products are categorized into:
Core
Sub-categories
Innovation
Trend-driven segments
SKU-level planning is developed for the first eight months, including forecasting.
Followed by tracking, execution, and continuous performance monitoring.
Ensures structured and data-driven product launches throughout the year. ",,,,,,,,,,,,,,,,,,,,,,,,,,,,,,,,,,,,,,,,,,,,,,,,,,,,,,,,,,,,,,,,,,,,,,,,,,,,,,,,,,,,,,,,,,,,,,,,,889zVlH0Eqig,,DEFAULT_EMPTY,Primary_0
1076,Rectangle,Geometric Shapes,2,23,,,,,,,"Add products in NPD tracking sheet   1. SKU Finalization 
Now finalize the SKUs to be developed in the next 4 months. (requires in-depth research)
Define for each SKU: 
Product concept
Target price
Packaging 
Vendor / sourcing plan 
Outcome: A clear SKU pipeline. 2. Development Timeline 
Assign timelines for development stages: 
Design
Sampling (Silver Sample to Gold Sample)
Costing approval
Packaging development
Production
Launch 
Outcome: A 6-month launch calendar.  3.  Cross-Team Approval 
Final board presentation to: 
Product / NPD
Procurement
Sales
Finance 
Outcome: Approved Category Development Plan for 6 months. Final Output of the Board 
Category-wise SKU list
Launch timeline
Costing targets
Vendor alignment",,,,,,,,,,,,,,,,,,,,,,,,,,,,,,,,,,,,,,,,,,,,,,,,,,,,,,,,,,,,,,,,,,,,,,,,,,,,,,,,,,,,,,,,,,,,,,,,,BR-zH9lp4In.,,,
1077,Process,Flowchart Shapes/Containers,2,23|25,,,,,,,Open Item Master,,,,,,,,,,,,,,,,,,,,,,,,,,,,,,,,,,,,,,,,,,,,,,,,,,,,,,,,,,,,,,,,,,,,,,,,,,,,,,,,,,,,,,,,,,,,,,,,,cs_zItY2JfMQ,,,
1078,Process,Flowchart Shapes/Containers,2,23|25,,,,,,,Click New,,,,,,,,,,,,,,,,,,,,,,,,,,,,,,,,,,,,,,,,,,,,,,,,,,,,,,,,,,,,,,,,,,,,,,,,,,,,,,,,,,,,,,,,,,,,,,,,,us_zS26pnla7,,,
1079,Process,Flowchart Shapes/Containers,2,23|25,,,,,,,Enter the following details,,,,,,,,,,,,,,,,,,,,,,,,,,,,,,,,,,,,,,,,,,,,,,,,,,,,,,,,,,,,,,,,,,,,,,,,,,,,,,,,,,,,,,,,,,,,,,,,,63jAGzWS6tnS,,,
1080,Sticky note,Sticky Notes,2,23|25,,,,,,,"Item name
Display name
Tally name
Generally same
Store (default not rigid)
Group Name
Category
RM FG etc
Unit
Alternate unit
Item Description
Costing method
FIFO
Market valuation Model
Packing unit
Each
Inspection Required?
Then got ot item attributes
Pot category'
Group code
Utility
HSN No
GST Classification
Unit of measurement
",,,,,,,,,,,,,,,,,,,,,,,,,,,,,,,,,,,,,,,,,,,,,,,,,,,,,,,,,,,,,,,,,,,,,,,,,,,,,,,,,,,,,,,,,,,,,,,,,_XjAf7SetjKK,,,
1081,Sticky note,Sticky Notes,2,8,,,,,,,"Need to check
Assuptions are taken right
Event
RTV
Growth (should not be unresonable)
Check calculations
Check new products are considered, if any
Check no sales projection for Obsolete products - Information will be received from Product/NPD team.
If any product is marked as EOL (End of Life) or obsolete and inventory is still lying with the company, it must be included in the sales projection to ensure liquidation of the pending stock on hand (SOH).",,,,,,,,,,,,,,,,,,,,,,,,,,,,,,,,,,,,,,,,,,,,,,,,,,,,,,,,,,,,,,,,,,,,,,,,,,,,,,,,,,,,,,,,,,,,,,,,,W6jARE9Ou-Tw,,,
1082,Process,Flowchart Shapes/Containers,2,23|25,,,,,,,Save ,,,,,,,,,,,,,,,,,,,,,,,,,,,,,,,,,,,,,,,,,,,,,,,,,,,,,,,,,,,,,,,,,,,,,,,,,,,,,,,,,,,,,,,,,,,,,,,,,s~jAyOIq_HL6,,,
1083,Process,Flowchart Shapes/Containers,2,23|26,,,,,,,"Mail to vendor (design File, placement, UV/ NO UV )",,,,,,,,,,,,,,,,,,,,,,,,,,,,,,,,,,,,,,,,,,,,,,,,,,,,,,,,,,,,,,,,,,,,,,,,,,,,,,,,,,,,,,,,,,,,,,,,,oskApSRdYqRT,,COLUMN,ROW
1084,Process,Flowchart Shapes/Containers,2,23|26,,,,,,,Design Digitally  ,,,,,,,,,,,,,,,,,,,,,,,,,,,,,,,,,,,,,,,,,,,,,,,,,,,,,,,,,,,,,,,,,,,,,,,,,,,,,,,,,,,,,,,,,,,,,,,,,oskAxgm~u2-h,,COLUMN,ROW
1085,Process,Flowchart Shapes/Containers,2,23|26,,,,,,,Self assessment ,,,,,,,,,,,,,,,,,,,,,,,,,,,,,,,,,,,,,,,,,,,,,,,,,,,,,,,,,,,,,,,,,,,,,,,,,,,,,,,,,,,,,,,,,,,,,,,,,FdmAiLqiDM8z,,COLUMN,ROW
1086,Process,Flowchart Shapes/Containers,2,8,,,,,,,Now distribute purchase requirement in STN and Purchase from vendor,,,,,,,,,,,,,,,,,,,,,,,,,,,,,,,,,,,,,,,,,,,,,,,,,,,,,,,,,,,,,,,,,,,,,,,,,,,,,,,,,,,,,,,,,,,,,,,,,USkAj.jhbUQI,,,
1087,Process,Flowchart Shapes/Containers,2,23|25,,,,,,,Authorize,,,,,,,,,,,,,,,,,,,,,,,,,,,,,,,,,,,,,,,,,,,,,,,,,,,,,,,,,,,,,,,,,,,,,,,,,,,,,,,,,,,,,,,,,,,,,,,,,vDlA-JLoOSyb,,,
1088,Process,Flowchart Shapes/Containers,2,23|25,,,,,,,Item brand & Store,,,,,,,,,,,,,,,,,,,,,,,,,,,,,,,,,,,,,,,,,,,,,,,,,,,,,,,,,,,,,,,,,,,,,,,,,,,,,,,,,,,,,,,,,,,,,,,,,GDlAWYB7pCRR,,,
1089,Process,Flowchart Shapes/Containers,2,23|25,,,,,,,Open Item MRP and Abatement ,,,,,,,,,,,,,,,,,,,,,,,,,,,,,,,,,,,,,,,,,,,,,,,,,,,,,,,,,,,,,,,,,,,,,,,,,,,,,,,,,,,,,,,,,,,,,,,,,HElABPI20v7w,,,
1090,Process,Flowchart Shapes/Containers,2,23|26,,,,,,,Mockup Check for Content Placement/Correction,,,,,,,,,,,,,,,,,,,,,,,,,,,,,,,,,,,,,,,,,,,,,,,,,,,,,,,,,,,,,,,,,,,,,,,,,,,,,,,,,,,,,,,,,,,,,,,,,oskAKlbp6I9c,,COLUMN,ROW
1091,Process,Flowchart Shapes/Containers,2,23|26,,,,,,,Brainstroming,,,,,,,,,,,,,,,,,,,,,,,,,,,,,,,,,,,,,,,,,,,,,,,,,,,,,,,,,,,,,,,,,,,,,,,,,,,,,,,,,,,,,,,,,,,,,,,,,UGmACP_saRu5,,COLUMN,ROW
1092,Process,Flowchart Shapes/Containers,2,23|26,,,,,,,Final Inspiration,,,,,,,,,,,,,,,,,,,,,,,,,,,,,,,,,,,,,,,,,,,,,,,,,,,,,,,,,,,,,,,,,,,,,,,,,,,,,,,,,,,,,,,,,,,,,,,,,6GmAJvmNMp0c,,COLUMN,ROW
1093,Process,Flowchart Shapes/Containers,2,23|26,,,,,,,Prepare Inspiration mood board,,,,,,,,,,,,,,,,,,,,,,,,,,,,,,,,,,,,,,,,,,,,,,,,,,,,,,,,,,,,,,,,,,,,,,,,,,,,,,,,,,,,,,,,,,,,,,,,,yHmAKUxbj8eq,,COLUMN,ROW
1094,Process,Flowchart Shapes/Containers,2,23|26,,,,,,,Start Designing,,,,,,,,,,,,,,,,,,,,,,,,,,,,,,,,,,,,,,,,,,,,,,,,,,,,,,,,,,,,,,,,,,,,,,,,,,,,,,,,,,,,,,,,,,,,,,,,,aImA9h7XtZEt,,COLUMN,ROW
1095,Decision,Flowchart Shapes/Containers,2,23|26,,,,,,,Approve by CEO,,,,,,,,,,,,,,,,,,,,,,,,,,,,,,,,,,,,,,,,,,,,,,,,,,,,,,,,,,,,,,,,,,,,,,,,,,,,,,,,,,,,,,,,,,,,,,,,,WImAmZQF.s7-,,COLUMN,ROW
1096,Process,Flowchart Shapes/Containers,2,23|26,,,,,,,Print Silver Sample,,,,,,,,,,,,,,,,,,,,,,,,,,,,,,,,,,,,,,,,,,,,,,,,,,,,,,,,,,,,,,,,,,,,,,,,,,,,,,,,,,,,,,,,,,,,,,,,,OBnAkXU-MlC7,,COLUMN,ROW
1097,Process,Flowchart Shapes/Containers,2,23|26,,,,,,,Coloured Print Silver Sample,,,,,,,,,,,,,,,,,,,,,,,,,,,,,,,,,,,,,,,,,,,,,,,,,,,,,,,,,,,,,,,,,,,,,,,,,,,,,,,,,,,,,,,,,,,,,,,,,vNnAQyKNq0Kb,,COLUMN,ROW
1098,Decision,Flowchart Shapes/Containers,2,23|26,,,,,,,Approve by CEO,,,,,,,,,,,,,,,,,,,,,,,,,,,,,,,,,,,,,,,,,,,,,,,,,,,,,,,,,,,,,,,,,,,,,,,,,,,,,,,,,,,,,,,,,,,,,,,,,_QnAiJO.8pgR,,COLUMN,ROW
1099,Process,Flowchart Shapes/Containers,2,23|26,,,,,,,Physical visit to Vendor with RM sample for technicality check & Material Approval ,,,,,,,,,,,,,,,,,,,,,,,,,,,,,,,,,,,,,,,,,,,,,,,,,,,,,,,,,,,,,,,,,,,,,,,,,,,,,,,,,,,,,,,,,,,,,,,,,zZnAI-7F1we5,,COLUMN,ROW
1100,Process,Flowchart Shapes/Containers,2,23|26,,,,,,,Redesign,,,,,,,,,,,,,,,,,,,,,,,,,,,,,,,,,,,,,,,,,,,,,,,,,,,,,,,,,,,,,,,,,,,,,,,,,,,,,,,,,,,,,,,,,,,,,,,,,u1nAUxVPBWG-,,COLUMN,ROW
1101,Process,Flowchart Shapes/Containers,2,23|26,,,,,,,Receive a Golden Sample from Vendor,,,,,,,,,,,,,,,,,,,,,,,,,,,,,,,,,,,,,,,,,,,,,,,,,,,,,,,,,,,,,,,,,,,,,,,,,,,,,,,,,,,,,,,,,,,,,,,,,P_nA_oIHrG_2,,COLUMN,ROW
1102,Decision,Flowchart Shapes/Containers,2,23|26,,,,,,,Approve by CEO,,,,,,,,,,,,,,,,,,,,,,,,,,,,,,,,,,,,,,,,,,,,,,,,,,,,,,,,,,,,,,,,,,,,,,,,,,,,,,,,,,,,,,,,,,,,,,,,,T.nA2IMSZCuS,,COLUMN,ROW
1103,Process,Flowchart Shapes/Containers,2,23|25,,,,,,,Click Update,,,,,,,,,,,,,,,,,,,,,,,,,,,,,,,,,,,,,,,,,,,,,,,,,,,,,,,,,,,,,,,,,,,,,,,,,,,,,,,,,,,,,,,,,,,,,,,,,XPoA6Dd_O.u-,,,
1104,Process,Flowchart Shapes/Containers,2,23|25,,,,,,, Enter the item name and update   the necessary details as required.,,,,,,,,,,,,,,,,,,,,,,,,,,,,,,,,,,,,,,,,,,,,,,,,,,,,,,,,,,,,,,,,,,,,,,,,,,,,,,,,,,,,,,,,,,,,,,,,,​-HoApBSb7yQf,,,
1105,Process,Flowchart Shapes/Containers,2,23|25,,,,,,, Authorise,,,,,,,,,,,,,,,,,,,,,,,,,,,,,,,,,,,,,,,,,,,,,,,,,,,,,,,,,,,,,,,,,,,,,,,,,,,,,,,,,,,,,,,,,,,,,,,,,UQoAF2wqFm9e,,,
1106,Process,Flowchart Shapes/Containers,2,23|25,,,,,,,Click New,,,,,,,,,,,,,,,,,,,,,,,,,,,,,,,,,,,,,,,,,,,,,,,,,,,,,,,,,,,,,,,,,,,,,,,,,,,,,,,,,,,,,,,,,,,,,,,,,wVoAtLo0.6cf,,,
1107,Process,Flowchart Shapes/Containers,2,23|25,,,,,,,Enter brand & store details,,,,,,,,,,,,,,,,,,,,,,,,,,,,,,,,,,,,,,,,,,,,,,,,,,,,,,,,,,,,,,,,,,,,,,,,,,,,,,,,,,,,,,,,,,,,,,,,,VWoAyX-35FAi,,,
1108,Process,Flowchart Shapes/Containers,2,23|25,,,,,,,Click Save ,,,,,,,,,,,,,,,,,,,,,,,,,,,,,,,,,,,,,,,,,,,,,,,,,,,,,,,,,,,,,,,,,,,,,,,,,,,,,,,,,,,,,,,,,,,,,,,,,~XoAfm_uXWy8,,,
1109,Process,Flowchart Shapes/Containers,2,23|25,,,,,,,Load item details,,,,,,,,,,,,,,,,,,,,,,,,,,,,,,,,,,,,,,,,,,,,,,,,,,,,,,,,,,,,,,,,,,,,,,,,,,,,,,,,,,,,,,,,,,,,,,,,,H1oAD2e_LgvS,,,
1110,Process,Flowchart Shapes/Containers,2,23|25,,,,,,,MRP update ,,,,,,,,,,,,,,,,,,,,,,,,,,,,,,,,,,,,,,,,,,,,,,,,,,,,,,,,,,,,,,,,,,,,,,,,,,,,,,,,,,,,,,,,,,,,,,,,,_9pADIImwuZJ,,,
1111,Terminator,Flowchart Shapes/Containers,2,23|25,,,,,,,Terminate the process,,,,,,,,,,,,,,,,,,,,,,,,,,,,,,,,,,,,,,,,,,,,,,,,,,,,,,,,,,,,,,,,,,,,,,,,,,,,,,,,,,,,,,,,,,,,,,,,,K8oACMV3fs9f,,,
1112,Process,Flowchart Shapes/Containers,2,23|25,,,,,,,Click Edit,,,,,,,,,,,,,,,,,,,,,,,,,,,,,,,,,,,,,,,,,,,,,,,,,,,,,,,,,,,,,,,,,,,,,,,,,,,,,,,,,,,,,,,,,,,,,,,,,n3lAWNNkIYB.,,,
1113,Decision,Flowchart Shapes/Containers,2,23|25,,,,,,,MRP change?,,,,,,,,,,,,,,,,,,,,,,,,,,,,,,,,,,,,,,,,,,,,,,,,,,,,,,,,,,,,,,,,,,,,,,,,,,,,,,,,,,,,,,,,,,,,,,,,,UAqAXk.ZIIRg,,,
1114,Process,Flowchart Shapes/Containers,2,23,,,,,,,Primary Responsibility - Assistant Manager Ecom  I  Secondary  Responsibility - ????,,,,,,,,,,,,,,,,,,,,,,,,,,,,,,,,,,,,,,,,,,,,,,,,,,,,,,,,,,,,,,,,,,,,,,,,,,,,,,,,,,,,,,,,,,,,,,,,,rSqApJ7GJba1,,,
1115,Process,Flowchart Shapes/Containers,2,23|25,,,,,,,Primary Responsibility - Assistant Manager Ecom  I  Secondary  Responsibility - ,,,,,,,,,,,,,,,,,,,,,,,,,,,,,,,,,,,,,,,,,,,,,,,,,,,,,,,,,,,,,,,,,,,,,,,,,,,,,,,,,,,,,,,,,,,,,,,,,_SqAobFm2Rjw,,,
1116,Process,Flowchart Shapes/Containers,2,23|25,,,,,,,SLA -  ,,,,,,,,,,,,,,,,,,,,,,,,,,,,,,,,,,,,,,,,,,,,,,,,,,,,,,,,,,,,,,,,,,,,,,,,,,,,,,,,,,,,,,,,,,,,,,,,,VTqAhDXmF9Vk,,,
1117,Process,Flowchart Shapes/Containers,2,23|25,,,,,,,Click New,,,,,,,,,,,,,,,,,,,,,,,,,,,,,,,,,,,,,,,,,,,,,,,,,,,,,,,,,,,,,,,,,,,,,,,,,,,,,,,,,,,,,,,,,,,,,,,,,uxFAqQK1ghcl,,,
1118,Process,Flowchart Shapes/Containers,2,23|25,,,,,,,Enter the following details,,,,,,,,,,,,,,,,,,,,,,,,,,,,,,,,,,,,,,,,,,,,,,,,,,,,,,,,,,,,,,,,,,,,,,,,,,,,,,,,,,,,,,,,,,,,,,,,,VxFAIOgazEJj,,,
1119,Sticky note,Sticky Notes,2,23|25,,,,,,,"Load item details   
Group Name
Item Category
Item Code
Item Name
Add Currency price ",,,,,,,,,,,,,,,,,,,,,,,,,,,,,,,,,,,,,,,,,,,,,,,,,,,,,,,,,,,,,,,,,,,,,,,,,,,,,,,,,,,,,,,,,,,,,,,,,dyFATKfS0B_F,,,
1120,Process,Flowchart Shapes/Containers,2,23|25,,,,,,,Save,,,,,,,,,,,,,,,,,,,,,,,,,,,,,,,,,,,,,,,,,,,,,,,,,,,,,,,,,,,,,,,,,,,,,,,,,,,,,,,,,,,,,,,,,,,,,,,,,gPFAURx0c7jV,,,
1121,Terminator,Flowchart Shapes/Containers,2,23|25,,,,,,,Terminator the process,,,,,,,,,,,,,,,,,,,,,,,,,,,,,,,,,,,,,,,,,,,,,,,,,,,,,,,,,,,,,,,,,,,,,,,,,,,,,,,,,,,,,,,,,,,,,,,,,pPFArNArEg9P,,,
1122,Process,Flowchart Shapes/Containers,2,23|26,,,,,,,Process,,,,,,,,,,,,,,,,,,,,,,,,,,,,,,,,,,,,,,,,,,,,,,,,,,,,,,,,,,,,,,,,,,,,,,,,,,,,,,,,,,,,,,,,,,,,,,,,,ORFAvzN.1TIv,,COLUMN,ROW
1123,Process,Flowchart Shapes/Containers,2,23|26,,,,,,,SLA -   Alternative days  within 45 mins,,,,,,,,,,,,,,,,,,,,,,,,,,,,,,,,,,,,,,,,,,,,,,,,,,,,,,,,,,,,,,,,,,,,,,,,,,,,,,,,,,,,,,,,,,,,,,,,,WVFAeIeiNBh2,,,
1124,Process,Flowchart Shapes/Containers,2,23,,,,,,,6-Month Category Planning Board,,,,,,,,,,,,,,,,,,,,,,,,,,,,,,,,,,,,,,,,,,,,,,,,,,,,,,,,,,,,,,,,,,,,,,,,,,,,,,,,,,,,,,,,,,,,,,,,,~YhBxUPa~8eb,,,
1125,Process,Flowchart Shapes/Containers,2,23,,,,,,,"Four Month SKU Board
(TAT should be added in all tasks)",,,,,,,,,,,,,,,,,,,,,,,,,,,,,,,,,,,,,,,,,,,,,,,,,,,,,,,,,,,,,,,,,,,,,,,,,,,,,,,,,,,,,,,,,,,,,,,,,GZhBqSZbAeQ0,,,
1126,Process,Flowchart Shapes/Containers,2,23,,,,,,,Silver Sample Process,,,,,,,,,,,,,,,,,,,,,,,,,,,,,,,,,,,,,,,,,,,,,,,,,,,,,,,,,,,,,,,,,,,,,,,,,,,,,,,,,,,,,,,,,,,,,,,,,s0hB1~CHa2Dj,,,
1127,Process,Flowchart Shapes/Containers,2,23,,,,,,,Product Launch,,,,,,,,,,,,,,,,,,,,,,,,,,,,,,,,,,,,,,,,,,,,,,,,,,,,,,,,,,,,,,,,,,,,,,,,,,,,,,,,,,,,,,,,,,,,,,,,,B0BBOPcaT3QC,,,
1128,Process,Flowchart Shapes/Containers,2,23,,,,,,,"Planning 
& 
Purchase",,,,,,,,,,,,,,,,,,,,,,,,,,,,,,,,,,,,,,,,,,,,,,,,,,,,,,,,,,,,,,,,,,,,,,,,,,,,,,,,,,,,,,,,,,,,,,,,,o1BBrTTeGURM,,,
1129,Process,Flowchart Shapes/Containers,2,23,,,,,,,"Category Direction Review -
Things to check: 
Growth categories (Plants, Gardening kits, Home decor, etc.)
Seasonal opportunities
Market trends
Sales performance of existing SKUs Outcome: Identify which categories should grow, sustain, or reduce focus. 2. Product Idea Pool From the Annual Mood Board / Idea Bank, shortlist ideas for each category. Outcome: Create a list of potential SKUs per category. 3. Commercial Feasibility Check Evaluate each shortlisted product on: 
Costing feasibility
Vendor availability
Packaging requirement
MOQ constraints
Margin expectations Outcome: Filter out non-feasible ideas. 4. Demand & Sales Alignment 
 Discuss with sales / marketplace / marketing teams. 
 Questions to answer: 
Which SKUs are required by marketplaces?
What price range works best?
Any upcoming campaigns or seasonal demand? Outcome:  Prioritize high-demand products.",,,,,,,,,,,,,,,,,,,,,,,,,,,,,,,,,,,,,,,,,,,,,,,,,,,,,,,,,,,,,,,,,,,,,,,,,,,,,,,,,,,,,,,,,,,,,,,,,3H-BOfF6PGrv,,,
1130,Sticky note,Sticky Notes,2,23,,,,,,,"1. Category Growth Targets
(Output for NPD: Decide which categories to develop products in)
2. Revenue Targets
(Output for NPD: Estimate how many SKUs are required and what revenue each SKU should contribute.)
3. Price Band Strategy
(Output for NPD: Develop products within the defined price brackets.)
4. Sales Channel Strategy
(Output for NPD: Develop channel-specific products)
5.  SKU Expansion or Rationalization
(Output for NPD: Build the product pipeline for the year.)",,,,,,,,,,,,,,,,,,,,,,,,,,,,,,,,,,,,,,,,,,,,,,,,,,,,,,,,,,,,,,,,,,,,,,,,,,,,,,,,,,,,,,,,,,,,,,,,,eu6ze2ZAtCXH,,,
1131,Process,Flowchart Shapes/Containers,2,27,,,,,,, Amazon Vendor Center ,,,,,,,,,,,,,,,,,,,,,,,,,,,,,,,,,,,,,,,,,,,,,,,,,,,,,,,,,,,,,,,,,,,,,,,,,,,,,,,,,,,,,,,,,,,,,,,,,azGDTmbrEhzD,,,
1132,Process,Flowchart Shapes/Containers,2,27,,,,,,,Check PO,,,,,,,,,,,,,,,,,,,,,,,,,,,,,,,,,,,,,,,,,,,,,,,,,,,,,,,,,,,,,,,,,,,,,,,,,,,,,,,,,,,,,,,,,,,,,,,,,KzGD2KrtmImf,,,
1133,Process,Flowchart Shapes/Containers,2,27,,,,,,,Open  ERP,,,,,,,,,,,,,,,,,,,,,,,,,,,,,,,,,,,,,,,,,,,,,,,,,,,,,,,,,,,,,,,,,,,,,,,,,,,,,,,,,,,,,,,,,,,,,,,,,vEGDE7f0TXSD,,,
1134,Process,Flowchart Shapes/Containers,2,27,,,,,,,Download Store Stock- Columnar Report for each region,,,,,,,,,,,,,,,,,,,,,,,,,,,,,,,,,,,,,,,,,,,,,,,,,,,,,,,,,,,,,,,,,,,,,,,,,,,,,,,,,,,,,,,,,,,,,,,,,EFGDibOL2At7,,,
1135,Process,Flowchart Shapes/Containers,2,27,,,,,,,GO to ASIN Code column,,,,,,,,,,,,,,,,,,,,,,,,,,,,,,,,,,,,,,,,,,,,,,,,,,,,,,,,,,,,,,,,,,,,,,,,,,,,,,,,,,,,,,,,,,,,,,,,,aGGD1nvyr_tC,,,
1136,Process,Flowchart Shapes/Containers,2,27,,,,,,, Flipkart DF,,,,,,,,,,,,,,,,,,,,,,,,,,,,,,,,,,,,,,,,,,,,,,,,,,,,,,,,,,,,,,,,,,,,,,,,,,,,,,,,,,,,,,,,,,,,,,,,,rHGDuurceVsr,,,
1137,Process,Flowchart Shapes/Containers,2,27,,,,,,,Punch SO,,,,,,,,,,,,,,,,,,,,,,,,,,,,,,,,,,,,,,,,,,,,,,,,,,,,,,,,,,,,,,,,,,,,,,,,,,,,,,,,,,,,,,,,,,,,,,,,,VHGD5yvyp5Sc,,,
1138,Process,Flowchart Shapes/Containers,2,27,,,,,,,"Add vlookup against ASIN, PO ",,,,,,,,,,,,,,,,,,,,,,,,,,,,,,,,,,,,,,,,,,,,,,,,,,,,,,,,,,,,,,,,,,,,,,,,,,,,,,,,,,,,,,,,,,,,,,,,,qJGDGrEyyB2S,,,
1139,Process,Flowchart Shapes/Containers,2,,,,,,,,Process,,,,,,,,,,,,,,,,,,,,,,,,,,,,,,,,,,,,,,,,,,,,,,,,,,,,,,,,,,,,,,,,,,,,,,,,,,,,,,,,,,,,,,,,,,,,,,,,,QhHDYhTYQwa6,,,
1140,Process,Flowchart Shapes/Containers,2,,,,,,,,Process,,,,,,,,,,,,,,,,,,,,,,,,,,,,,,,,,,,,,,,,,,,,,,,,,,,,,,,,,,,,,,,,,,,,,,,,,,,,,,,,,,,,,,,,,,,,,,,,,miHD3DB1jL1.,,,
1141,Process,Flowchart Shapes/Containers,2,,,,,,,,Process,,,,,,,,,,,,,,,,,,,,,,,,,,,,,,,,,,,,,,,,,,,,,,,,,,,,,,,,,,,,,,,,,,,,,,,,,,,,,,,,,,,,,,,,,,,,,,,,,oiHDQPjB2y4L,,,
1142,Sticky note,Sticky Notes,2,27,,,,,,,"Every Monday, try to schedule an appointment with E-trade.",,,,,,,,,,,,,,,,,,,,,,,,,,,,,,,,,,,,,,,,,,,,,,,,,,,,,,,,,,,,,,,,,,,,,,,,,,,,,,,,,,,,,,,,,,,,,,,,,wAGDyvn27alQ,,,
1143,Process,Flowchart Shapes/Containers,2,27,,,,,,,Send data to warehouse manager,,,,,,,,,,,,,,,,,,,,,,,,,,,,,,,,,,,,,,,,,,,,,,,,,,,,,,,,,,,,,,,,,,,,,,,,,,,,,,,,,,,,,,,,,,,,,,,,,BUID_US-xKPI,,,
1144,Process,Flowchart Shapes/Containers,2,27,,,,,,,Confirmation from warehouse manager,,,,,,,,,,,,,,,,,,,,,,,,,,,,,,,,,,,,,,,,,,,,,,,,,,,,,,,,,,,,,,,,,,,,,,,,,,,,,,,,,,,,,,,,,,,,,,,,,kVIDpKS6Es_v,,,
1145,Process,Flowchart Shapes/Containers,2,27,,,,,,,Punch SO,,,,,,,,,,,,,,,,,,,,,,,,,,,,,,,,,,,,,,,,,,,,,,,,,,,,,,,,,,,,,,,,,,,,,,,,,,,,,,,,,,,,,,,,,,,,,,,,,TVIDvzPs9AJR,,,
1146,Process,Flowchart Shapes/Containers,2,27,,,,,,,Dispatch Confirmation,,,,,,,,,,,,,,,,,,,,,,,,,,,,,,,,,,,,,,,,,,,,,,,,,,,,,,,,,,,,,,,,,,,,,,,,,,,,,,,,,,,,,,,,,,,,,,,,,BWIDNEUyEYau,,,
1147,Process,Flowchart Shapes/Containers,2,27,,,,,,,Calculate FR,,,,,,,,,,,,,,,,,,,,,,,,,,,,,,,,,,,,,,,,,,,,,,,,,,,,,,,,,,,,,,,,,,,,,,,,,,,,,,,,,,,,,,,,,,,,,,,,,6YIDVyw8CAPD,,,
1148,Sticky note,Sticky Notes,2,27,,,,,,,Total GRN Quantity/ Total PO Quantity,,,,,,,,,,,,,,,,,,,,,,,,,,,,,,,,,,,,,,,,,,,,,,,,,,,,,,,,,,,,,,,,,,,,,,,,,,,,,,,,,,,,,,,,,,,,,,,,,WZIDx_hOj0lN,,,
1149,Terminator,Flowchart Shapes/Containers,2,27,,,,,,,Terminate the process,,,,,,,,,,,,,,,,,,,,,,,,,,,,,,,,,,,,,,,,,,,,,,,,,,,,,,,,,,,,,,,,,,,,,,,,,,,,,,,,,,,,,,,,,,,,,,,,,q1ID1WI4Dd~n,,,
1150,Process,Flowchart Shapes/Containers,2,27,,,,,,,Dispatch confirmation,,,,,,,,,,,,,,,,,,,,,,,,,,,,,,,,,,,,,,,,,,,,,,,,,,,,,,,,,,,,,,,,,,,,,,,,,,,,,,,,,,,,,,,,,,,,,,,,,G3IDn.~YeeHm,,,
1151,Process,Flowchart Shapes/Containers,2,27,,,,,,,Calculate FR,,,,,,,,,,,,,,,,,,,,,,,,,,,,,,,,,,,,,,,,,,,,,,,,,,,,,,,,,,,,,,,,,,,,,,,,,,,,,,,,,,,,,,,,,,,,,,,,,y4IDhqssHoMr,,,
1152,Sticky note,Sticky Notes,2,27,,,,,,,Total GRN Quantity/ Total PO Quantity,,,,,,,,,,,,,,,,,,,,,,,,,,,,,,,,,,,,,,,,,,,,,,,,,,,,,,,,,,,,,,,,,,,,,,,,,,,,,,,,,,,,,,,,,,,,,,,,,e5IDvfXWDcMy,,,
1153,Terminator,Flowchart Shapes/Containers,2,27,,,,,,,Terminate the process,,,,,,,,,,,,,,,,,,,,,,,,,,,,,,,,,,,,,,,,,,,,,,,,,,,,,,,,,,,,,,,,,,,,,,,,,,,,,,,,,,,,,,,,,,,,,,,,,s6IDt9wh8_Lh,,,
1154,Process,Flowchart Shapes/Containers,2,27,,,,,,,Primary Responsibility - Assistant Manager Ecom  I  Secondary  Responsibility - AGM (Online) (Sumit),,,,,,,,,,,,,,,,,,,,,,,,,,,,,,,,,,,,,,,,,,,,,,,,,,,,,,,,,,,,,,,,,,,,,,,,,,,,,,,,,,,,,,,,,,,,,,,,,nlYD1PKt0dLw,,,
1155,Process,Flowchart Shapes/Containers,2,27,,,,,,,SLA -   Alternative days   ,,,,,,,,,,,,,,,,,,,,,,,,,,,,,,,,,,,,,,,,,,,,,,,,,,,,,,,,,,,,,,,,,,,,,,,,,,,,,,,,,,,,,,,,,,,,,,,,,LlYD9Zf8g2Ff,,,
1156,Process,Flowchart Shapes/Containers,2,3,,,,,,,Primary Responsibility - Assistant Manager (Quick Comm)  I  Secondary  Responsibility - AGM (Online) (Sumit),,,,,,,,,,,,,,,,,,,,,,,,,,,,,,,,,,,,,,,,,,,,,,,,,,,,,,,,,,,,,,,,,,,,,,,,,,,,,,,,,,,,,,,,,,,,,,,,,XoYD2Fy03rpf,,,
1157,Process,Flowchart Shapes/Containers,2,3,,,,,,,SLA -   Alternative days   ,,,,,,,,,,,,,,,,,,,,,,,,,,,,,,,,,,,,,,,,,,,,,,,,,,,,,,,,,,,,,,,,,,,,,,,,,,,,,,,,,,,,,,,,,,,,,,,,,jpYDh8whb9Bx,,,
1158,Process,Flowchart Shapes/Containers,2,3,,,,,,,Open Seller app,,,,,,,,,,,,,,,,,,,,,,,,,,,,,,,,,,,,,,,,,,,,,,,,,,,,,,,,,,,,,,,,,,,,,,,,,,,,,,,,,,,,,,,,,,,,,,,,,eoZDcpeLqTlP,,,
1159,Process,Flowchart Shapes/Containers,2,23,,,,,,,"Track:
Sales performance
Customer feedback (NPS or reviews)
Supply chain performance 
Improve the product if required.",,,,,,,,,,,,,,,,,,,,,,,,,,,,,,,,,,,,,,,,,,,,,,,,,,,,,,,,,,,,,,,,,,,,,,,,,,,,,,,,,,,,,,,,,,,,,,,,,FweEs2euBPRa,,,
1160,Decision,Flowchart Shapes/Containers,2,23,,,,,,,Passed,,,,,,,,,,,,,,,,,,,,,,,,,,,,,,,,,,,,,,,,,,,,,,,,,,,,,,,,,,,,,,,,,,,,,,,,,,,,,,,,,,,,,,,,,,,,,,,,,dMeEG15s5u~z,,,
1161,Process,Flowchart Shapes/Containers,2,23,,,,,,,Find costing and credit terms,,,,,,,,,,,,,,,,,,,,,,,,,,,,,,,,,,,,,,,,,,,,,,,,,,,,,,,,,,,,,,,,,,,,,,,,,,,,,,,,,,,,,,,,,,,,,,,,,oYeElFeBLUbh,,,
1162,Decision,Flowchart Shapes/Containers,2,23,,,,,,,Passed,,,,,,,,,,,,,,,,,,,,,,,,,,,,,,,,,,,,,,,,,,,,,,,,,,,,,,,,,,,,,,,,,,,,,,,,,,,,,,,,,,,,,,,,,,,,,,,,,8ZeExC3nV8mw,,,
1163,Decision,Flowchart Shapes/Containers,2,23,,,,,,,Drop,,,,,,,,,,,,,,,,,,,,,,,,,,,,,,,,,,,,,,,,,,,,,,,,,,,,,,,,,,,,,,,,,,,,,,,,,,,,,,,,,,,,,,,,,,,,,,,,,aQfEDra_VKI9,,,
1164,Process,Flowchart Shapes/Containers,2,23,,,,,,,Re-sampling,,,,,,,,,,,,,,,,,,,,,,,,,,,,,,,,,,,,,,,,,,,,,,,,,,,,,,,,,,,,,,,,,,,,,,,,,,,,,,,,,,,,,,,,,,,,,,,,,8UeELaT5ugdM,,,
1165,Process,Flowchart Shapes/Containers,2,23,,,,,,,Insights from sales For First quantity,,,,,,,,,,,,,,,,,,,,,,,,,,,,,,,,,,,,,,,,,,,,,,,,,,,,,,,,,,,,,,,,,,,,,,,,,,,,,,,,,,,,,,,,,,,,,,,,,lvgEB2xgLcuH,,,
1166,Process,Flowchart Shapes/Containers,2,23,,,,,,,Qty of region wise to be shared with planning team for first PO,,,,,,,,,,,,,,,,,,,,,,,,,,,,,,,,,,,,,,,,,,,,,,,,,,,,,,,,,,,,,,,,,,,,,,,,,,,,,,,,,,,,,,,,,,,,,,,,,RYgEW1Oac~Ls,,,
1167,Process,Flowchart Shapes/Containers,2,23,,,,,,,ERP code creation,,,,,,,,,,,,,,,,,,,,,,,,,,,,,,,,,,,,,,,,,,,,,,,,,,,,,,,,,,,,,,,,,,,,,,,,,,,,,,,,,,,,,,,,,,,,,,,,,fZgEgvM2595V,,,
1168,Process,Flowchart Shapes/Containers,2,23,,,,,,,PO Generation & given to vendor,,,,,,,,,,,,,,,,,,,,,,,,,,,,,,,,,,,,,,,,,,,,,,,,,,,,,,,,,,,,,,,,,,,,,,,,,,,,,,,,,,,,,,,,,,,,,,,,,oZgEAZFlVc4c,,,
1169,Process,Flowchart Shapes/Containers,2,23,,,,,,,ETA of first production,,,,,,,,,,,,,,,,,,,,,,,,,,,,,,,,,,,,,,,,,,,,,,,,,,,,,,,,,,,,,,,,,,,,,,,,,,,,,,,,,,,,,,,,,,,,,,,,,GZgEelR69iPQ,,,
1170,Process,Flowchart Shapes/Containers,2,23,,,,,,,Finalise,,,,,,,,,,,,,,,,,,,,,,,,,,,,,,,,,,,,,,,,,,,,,,,,,,,,,,,,,,,,,,,,,,,,,,,,,,,,,,,,,,,,,,,,,,,,,,,,,N1gE8_fd7YIV,,,
1171,Sticky note,Sticky Notes,2,23,,,,,,,"SKU Codes
BOM
Packaging Material
Production Quantity
Vendor Orders
Market Planing
Cost Sheet Updation
Marketing Campaign
Distribution Channels
Inventory Planing",,,,,,,,,,,,,,,,,,,,,,,,,,,,,,,,,,,,,,,,,,,,,,,,,,,,,,,,,,,,,,,,,,,,,,,,,,,,,,,,,,,,,,,,,,,,,,,,,u2gE.lhkXdnF,,,
1172,Process,Flowchart Shapes/Containers,2,3,,,,,,,Check the DOC for each SKU.,,,,,,,,,,,,,,,,,,,,,,,,,,,,,,,,,,,,,,,,,,,,,,,,,,,,,,,,,,,,,,,,,,,,,,,,,,,,,,,,,,,,,,,,,,,,,,,,,1NjErVIjhOXI,,,
1173,Process,Flowchart Shapes/Containers,2,3,,,,,,,Go to the Inventory section.,,,,,,,,,,,,,,,,,,,,,,,,,,,,,,,,,,,,,,,,,,,,,,,,,,,,,,,,,,,,,,,,,,,,,,,,,,,,,,,,,,,,,,,,,,,,,,,,,J1jET7ngJhFq,,,
1174,Process,Flowchart Shapes/Containers,2,3,,,,,,,Extract the inventory data SKU wise,,,,,,,,,,,,,,,,,,,,,,,,,,,,,,,,,,,,,,,,,,,,,,,,,,,,,,,,,,,,,,,,,,,,,,,,,,,,,,,,,,,,,,,,,,,,,,,,,.1jEFQkt0zwK,,,
1175,Process,Flowchart Shapes/Containers,2,3,,,,,,,"Price Correction
",,,,,,,,,,,,,,,,,,,,,,,,,,,,,,,,,,,,,,,,,,,,,,,,,,,,,,,,,,,,,,,,,,,,,,,,,,,,,,,,,,,,,,,,,,,,,,,,,7-jEw~m1m3Y1,,,
1176,Process,Flowchart Shapes/Containers,2,3,,,,,,,Compare the platform inventory with internal records/books to confirm the stock level.,,,,,,,,,,,,,,,,,,,,,,,,,,,,,,,,,,,,,,,,,,,,,,,,,,,,,,,,,,,,,,,,,,,,,,,,,,,,,,,,,,,,,,,,,,,,,,,,,JrkEv39F-~mE,,,
1177,Process,Flowchart Shapes/Containers,2,3,,,,,,,Check Inventory ,,,,,,,,,,,,,,,,,,,,,,,,,,,,,,,,,,,,,,,,,,,,,,,,,,,,,,,,,,,,,,,,,,,,,,,,,,,,,,,,,,,,,,,,,,,,,,,,,BxkEeTG2mwb_,,,
1178,Process,Flowchart Shapes/Containers,2,23,,,,,,,Few Check-points needs to be Evaluate ,,,,,,,,,,,,,,,,,,,,,,,,,,,,,,,,,,,,,,,,,,,,,,,,,,,,,,,,,,,,,,,,,,,,,,,,,,,,,,,,,,,,,,,,,,,,,,,,,uJxEX3F.x3qR,,,
1179,Decision,Flowchart Shapes/Containers,2,23,,,,,,, Approve by NPD Head,,,,,,,,,,,,,,,,,,,,,,,,,,,,,,,,,,,,,,,,,,,,,,,,,,,,,,,,,,,,,,,,,,,,,,,,,,,,,,,,,,,,,,,,,,,,,,,,,uJxEdVRSR-zi,,,
1180,Process,Flowchart Shapes/Containers,2,23,,,,,,,Gold Sample Process,,,,,,,,,,,,,,,,,,,,,,,,,,,,,,,,,,,,,,,,,,,,,,,,,,,,,,,,,,,,,,,,,,,,,,,,,,,,,,,,,,,,,,,,,,,,,,,,,uJxElYrK7625,,,
1181,Process,Flowchart Shapes/Containers,2,23,,,,,,,5 sample from vendor ,,,,,,,,,,,,,,,,,,,,,,,,,,,,,,,,,,,,,,,,,,,,,,,,,,,,,,,,,,,,,,,,,,,,,,,,,,,,,,,,,,,,,,,,,,,,,,,,,uJxE.~hXhBG-,,,
1182,Sticky note,Sticky Notes,2,23,,,,,,,"N,S,W Warehouse office (1st sampe to each office)
NPD Team office (2nd Sample)
Cataloging for Online team

 ",,,,,,,,,,,,,,,,,,,,,,,,,,,,,,,,,,,,,,,,,,,,,,,,,,,,,,,,,,,,,,,,,,,,,,,,,,,,,,,,,,,,,,,,,,,,,,,,,uJxEP8NCDlAu,,,
1183,Sticky note,Sticky Notes,2,23,,,,,,,"Cost
Lead time
Payment terms
QC check
Drafting of vendor contract",,,,,,,,,,,,,,,,,,,,,,,,,,,,,,,,,,,,,,,,,,,,,,,,,,,,,,,,,,,,,,,,,,,,,,,,,,,,,,,,,,,,,,,,,,,,,,,,,uJxEFDHpQQeP,,,
1184,Sticky note,Sticky Notes,2,3,,,,,,,Extract data at channel level,,,,,,,,,,,,,,,,,,,,,,,,,,,,,,,,,,,,,,,,,,,,,,,,,,,,,,,,,,,,,,,,,,,,,,,,,,,,,,,,,,,,,,,,,,,,,,,,,TByELH7bLbLQ,,,
1185,Decision,Flowchart Shapes/Containers,2,3,,,,,,,Stock available,,,,,,,,,,,,,,,,,,,,,,,,,,,,,,,,,,,,,,,,,,,,,,,,,,,,,,,,,,,,,,,,,,,,,,,,,,,,,,,,,,,,,,,,,,,,,,,,,ENyE74GNaQjp,,,
1186,Process,Flowchart Shapes/Containers,2,3,,,,,,,Ask partner for replenishment PO,,,,,,,,,,,,,,,,,,,,,,,,,,,,,,,,,,,,,,,,,,,,,,,,,,,,,,,,,,,,,,,,,,,,,,,,,,,,,,,,,,,,,,,,,,,,,,,,,MYyE0w4iABHt,,,
1187,Process,Flowchart Shapes/Containers,2,3,,,,,,,PO received,,,,,,,,,,,,,,,,,,,,,,,,,,,,,,,,,,,,,,,,,,,,,,,,,,,,,,,,,,,,,,,,,,,,,,,,,,,,,,,,,,,,,,,,,,,,,,,,,V0yE82BrI~eO,,,
1188,Process,Flowchart Shapes/Containers,2,3,,,,,,,Link with Quickcom O2C proces,,,,,,,,,,,,,,,,,,,,,,,,,,,,,,,,,,,,,,,,,,,,,,,,,,,,,,,,,,,,,,,,,,,,,,,,,,,,,,,,,,,,,,,,,,,,,,,,,Z_yELCexhP0n,,,
1189,Process,Flowchart Shapes/Containers,2,3,,,,,,,Take DRR from online sales review,,,,,,,,,,,,,,,,,,,,,,,,,,,,,,,,,,,,,,,,,,,,,,,,,,,,,,,,,,,,,,,,,,,,,,,,,,,,,,,,,,,,,,,,,,,,,,,,,v.yEQ77328ut,,,
1190,Sticky note,Sticky Notes,2,3,,,,,,,"DOC= SOH/DRR
Check city, SKU & partner level
Take DRR from online sales review",,,,,,,,,,,,,,,,,,,,,,,,,,,,,,,,,,,,,,,,,,,,,,,,,,,,,,,,,,,,,,,,,,,,,,,,,,,,,,,,,,,,,,,,,,,,,,,,,ODyExa83O1dp,,,
1191,Process,Flowchart Shapes/Containers,2,3,,,,,,,Check procurement timelines with Purchase,,,,,,,,,,,,,,,,,,,,,,,,,,,,,,,,,,,,,,,,,,,,,,,,,,,,,,,,,,,,,,,,,,,,,,,,,,,,,,,,,,,,,,,,,,,,,,,,,kczEd9oTIOC_,,,
1192,Process,Flowchart Shapes/Containers,2,3,,,,,,,  Link with Critical,,,,,,,,,,,,,,,,,,,,,,,,,,,,,,,,,,,,,,,,,,,,,,,,,,,,,,,,,,,,,,,,,,,,,,,,,,,,,,,,,,,,,,,,,,,,,,,,,cdzEzhs7RTU5,,,
1193,Process,Flowchart Shapes/Containers,2,3,,,,,,,Run advertisment,,,,,,,,,,,,,,,,,,,,,,,,,,,,,,,,,,,,,,,,,,,,,,,,,,,,,,,,,,,,,,,,,,,,,,,,,,,,,,,,,,,,,,,,,,,,,,,,,xJBE.-hLUGSW,,,
1194,Process,Flowchart Shapes/Containers,2,3,,,,,,,Hold warehouse Stock/ New POs,,,,,,,,,,,,,,,,,,,,,,,,,,,,,,,,,,,,,,,,,,,,,,,,,,,,,,,,,,,,,,,,,,,,,,,,,,,,,,,,,,,,,,,,,,,,,,,,,HMBEp5pn.wUD,,,
1195,Process,Flowchart Shapes/Containers,2,3,,,,,,,,,,,,,,,,,,,,,,,,,,,,,,,,,,,,,,,,,,,,,,,,,,,,,,,,,,,,,,,,,,,,,,,,,,,,,,,,,,,,,,,,,,,,,,,,,,,,,,,,U3BEu9X0tqy2,,,
1196,Terminator,Flowchart Shapes/Containers,2,14,,,,,,,Terminate the process,,,,,,,,,,,,,,,,,,,,,,,,,,,,,,,,,,,,,,,,,,,,,,,,,,,,,,,,,,,,,,,,,,,,,,,,,,,,,,,,,,,,,,,,,,,,,,,,,qMCEhqkQf~ic,,,
1197,Process,Flowchart Shapes/Containers,2,28,,,,,,,Primary Responsibility - Manager (Siddharth)   I  Secondary  Responsibility - AGM (Online) (Sumit),,,,,,,,,,,,,,,,,,,,,,,,,,,,,,,,,,,,,,,,,,,,,,,,,,,,,,,,,,,,,,,,,,,,,,,,,,,,,,,,,,,,,,,,,,,,,,,,,gTCEGZqqnQ8u,,,
1198,Process,Flowchart Shapes/Containers,2,28,,,,,,,Every alternative day and deal/special days. SLA - within 1 hour,,,,,,,,,,,,,,,,,,,,,,,,,,,,,,,,,,,,,,,,,,,,,,,,,,,,,,,,,,,,,,,,,,,,,,,,,,,,,,,,,,,,,,,,,,,,,,,,,JTCEd8rfWMmo,,,
1199,Process,Flowchart Shapes/Containers,2,29,,,,,,,Primary Responsibility - Manager (????)   I  Secondary  Responsibility - AGM (Online) (????),,,,,,,,,,,,,,,,,,,,,,,,,,,,,,,,,,,,,,,,,,,,,,,,,,,,,,,,,,,,,,,,,,,,,,,,,,,,,,,,,,,,,,,,,,,,,,,,,G.CE2d7kiHxy,,,
1200,Process,Flowchart Shapes/Containers,2,29,,,,,,,SLA-?????????????????????,,,,,,,,,,,,,,,,,,,,,,,,,,,,,,,,,,,,,,,,,,,,,,,,,,,,,,,,,,,,,,,,,,,,,,,,,,,,,,,,,,,,,,,,,,,,,,,,,4.CEDTRszGy1,,,
1201,Delay,Flowchart Shapes/Containers,2,23,,,,,,,Stage 1,,,,,,,,,,,,,,,,,,,,,,,,,,,,,,,,,,,,,,,,,,,,,,,,,,,,,,,,,,,,,,,,,,,,,,,,,,,,,,,,,,,,,,,,,,,,,,,,,cNDETo5OZ4BR,,,
1202,Delay,Flowchart Shapes/Containers,2,23,,,,,,,Stage 2,,,,,,,,,,,,,,,,,,,,,,,,,,,,,,,,,,,,,,,,,,,,,,,,,,,,,,,,,,,,,,,,,,,,,,,,,,,,,,,,,,,,,,,,,,,,,,,,,ANDEo14-8SmZ,,,
1203,Delay,Flowchart Shapes/Containers,2,23,,,,,,,Stage 3,,,,,,,,,,,,,,,,,,,,,,,,,,,,,,,,,,,,,,,,,,,,,,,,,,,,,,,,,,,,,,,,,,,,,,,,,,,,,,,,,,,,,,,,,,,,,,,,,HNDE_KJG93tr,,,
1204,Delay,Flowchart Shapes/Containers,2,23,,,,,,,Stage 4,,,,,,,,,,,,,,,,,,,,,,,,,,,,,,,,,,,,,,,,,,,,,,,,,,,,,,,,,,,,,,,,,,,,,,,,,,,,,,,,,,,,,,,,,,,,,,,,,PNDEk0vUnH-g,,,
1205,Delay,Flowchart Shapes/Containers,2,23,,,,,,,Stage 5,,,,,,,,,,,,,,,,,,,,,,,,,,,,,,,,,,,,,,,,,,,,,,,,,,,,,,,,,,,,,,,,,,,,,,,,,,,,,,,,,,,,,,,,,,,,,,,,,4NDER5Vy4ptv,,,
1206,Delay,Flowchart Shapes/Containers,2,23,,,,,,,Stage 6,,,,,,,,,,,,,,,,,,,,,,,,,,,,,,,,,,,,,,,,,,,,,,,,,,,,,,,,,,,,,,,,,,,,,,,,,,,,,,,,,,,,,,,,,,,,,,,,,kODEc6b3vk~~,,,
1207,Delay,Flowchart Shapes/Containers,2,23,,,,,,,Stage 7,,,,,,,,,,,,,,,,,,,,,,,,,,,,,,,,,,,,,,,,,,,,,,,,,,,,,,,,,,,,,,,,,,,,,,,,,,,,,,,,,,,,,,,,,,,,,,,,,qODEWzdF74TG,,,
1208,Delay,Flowchart Shapes/Containers,2,23,,,,,,,Stage 8,,,,,,,,,,,,,,,,,,,,,,,,,,,,,,,,,,,,,,,,,,,,,,,,,,,,,,,,,,,,,,,,,,,,,,,,,,,,,,,,,,,,,,,,,,,,,,,,,xODEv.zg8tGN,,,
1209,Process,Flowchart Shapes/Containers,2,23,,,,,,,NPD Process Chart,,,,,,,,,,,,,,,,,,,,,,,,,,,,,,,,,,,,,,,,,,,,,,,,,,,,,,,,,,,,,,,,,,,,,,,,,,,,,,,,,,,,,,,,,,,,,,,,,MRDEidgcPwOJ,,,
1210,Process,Flowchart Shapes/Containers,2,23,,,,,,,"Retails- Display readiness (Provide product details & VM)
Online- Listing & Catalogue (Product details, Photoshoot, A+ Content and sync with online team)
Finance- Product Cost & Margin (Calculate COGS, CM Information)
Backend- Product & Packaging traning (Training to SC team about vendor, packaging guidelines, QC checklist as a part of Specs sheet)
Marketing- Campaigns & USPs (Product thought line & USP alongwith product details)",,,,,,,,,,,,,,,,,,,,,,,,,,,,,,,,,,,,,,,,,,,,,,,,,,,,,,,,,,,,,,,,,,,,,,,,,,,,,,,,,,,,,,,,,,,,,,,,,cWDE5aw-bJ.E,,,
1211,general start event,Kuehne + Nagel,2,23,,,,,,,Jan to March,,,,,,,,,,,,,,,,,,,,,,,,,,,,,,,,,,,,,,,,,,,,,,,,,,,,,,,,,,,,,,,,,,,,,,,,,,,,,,,,,,,,,,,,,,,,,,,,,IbfFNVVmLRWZ,,,
1212,general start event,Kuehne + Nagel,2,23,,,,,,,March,,,,,,,,,,,,,,,,,,,,,,,,,,,,,,,,,,,,,,,,,,,,,,,,,,,,,,,,,,,,,,,,,,,,,,,,,,,,,,,,,,,,,,,,,,,,,,,,,JbfFdK~lf8N4,,,
1213,general start event,Kuehne + Nagel,2,23,,,,,,,10th of every month + 6 months,,,,,,,,,,,,,,,,,,,,,,,,,,,,,,,,,,,,,,,,,,,,,,,,,,,,,,,,,,,,,,,,,,,,,,,,,,,,,,,,,,,,,,,,,,,,,,,,,tefFx98-yDw0,,,
1214,general start event,Kuehne + Nagel,2,23,,,,,,,10th of every month + 4 months,,,,,,,,,,,,,,,,,,,,,,,,,,,,,,,,,,,,,,,,,,,,,,,,,,,,,,,,,,,,,,,,,,,,,,,,,,,,,,,,,,,,,,,,,,,,,,,,,wefF~i3ZPTTm,,,
1215,general start event,Kuehne + Nagel,2,23,,,,,,,10th of every month + 3 months,,,,,,,,,,,,,,,,,,,,,,,,,,,,,,,,,,,,,,,,,,,,,,,,,,,,,,,,,,,,,,,,,,,,,,,,,,,,,,,,,,,,,,,,,,,,,,,,,xefFpTLmE1Aa,,,
1216,general start event,Kuehne + Nagel,2,23,,,,,,,10th of every month + 2 months,,,,,,,,,,,,,,,,,,,,,,,,,,,,,,,,,,,,,,,,,,,,,,,,,,,,,,,,,,,,,,,,,,,,,,,,,,,,,,,,,,,,,,,,,,,,,,,,,yefFj8uqKncB,,,
1217,general start event,Kuehne + Nagel,2,23,,,,,,,10th of every month + 1 month,,,,,,,,,,,,,,,,,,,,,,,,,,,,,,,,,,,,,,,,,,,,,,,,,,,,,,,,,,,,,,,,,,,,,,,,,,,,,,,,,,,,,,,,,,,,,,,,,zefFiBdrzYs0,,,
1218,general start event,Kuehne + Nagel,2,23,,,,,,,T + 48 hours  ,,,,,,,,,,,,,,,,,,,,,,,,,,,,,,,,,,,,,,,,,,,,,,,,,,,,,,,,,,,,,,,,,,,,,,,,,,,,,,,,,,,,,,,,,,,,,,,,,AefFKtUgwBYH,,,
1219,Process,Flowchart Shapes/Containers,2,28,,,,,,,"Open ""NG Master Pricing sheet""",,,,,,,,,,,,,,,,,,,,,,,,,,,,,,,,,,,,,,,,,,,,,,,,,,,,,,,,,,,,,,,,,,,,,,,,,,,,,,,,,,,,,,,,,,,,,,,,,xgtFZFStAqom,,,
1220,Process,Flowchart Shapes/Containers,2,28,,,,,,,Add Product Name  ,,,,,,,,,,,,,,,,,,,,,,,,,,,,,,,,,,,,,,,,,,,,,,,,,,,,,,,,,,,,,,,,,,,,,,,,,,,,,,,,,,,,,,,,,,,,,,,,,RowF4uG0Ui7S,,,
1221,Preparation,Flowchart Shapes/Containers,2,28,,,,,,,Enter Product Details Column-wise,,,,,,,,,,,,,,,,,,,,,,,,,,,,,,,,,,,,,,,,,,,,,,,,,,,,,,,,,,,,,,,,,,,,,,,,,,,,,,,,,,,,,,,,,,,,,,,,,hqwFtEO50pE_,,,
1222,Process,Flowchart Shapes/Containers,2,28,,,,,,,"Go to ""Input/ Output sheet""",,,,,,,,,,,,,,,,,,,,,,,,,,,,,,,,,,,,,,,,,,,,,,,,,,,,,,,,,,,,,,,,,,,,,,,,,,,,,,,,,,,,,,,,,,,,,,,,,4swF.THS0M.x,,,
1223,Process,Flowchart Shapes/Containers,2,,,,,,,,Stock,,,,,,,,,,,,,,,,,,,,,,,,,,,,,,,,,,,,,,,,,,,,,,,,,,,,,,,,,,,,,,,,,,,,,,,,,,,,,,,,,,,,,,,,,,,,,,,,,L2PF4yuRLuV.,,,
1224,Process,Flowchart Shapes/Containers,2,,,,,,,,Staff	,,,,,,,,,,,,,,,,,,,,,,,,,,,,,,,,,,,,,,,,,,,,,,,,,,,,,,,,,,,,,,,,,,,,,,,,,,,,,,,,,,,,,,,,,,,,,,,,,U8PF0jv9qPtk,,,
1225,Process,Flowchart Shapes/Containers,2,,,,,,,,Communication,,,,,,,,,,,,,,,,,,,,,,,,,,,,,,,,,,,,,,,,,,,,,,,,,,,,,,,,,,,,,,,,,,,,,,,,,,,,,,,,,,,,,,,,,,,,,,,,,m-PFOIRe6.jv,,,
1226,Process,Flowchart Shapes/Containers,2,30,,,,,,,Primary Responsibility- AM  / Secondary Responsibility - AGM,,,,,,,,,,,,,,,,,,,,,,,,,,,,,,,,,,,,,,,,,,,,,,,,,,,,,,,,,,,,,,,,,,,,,,,,,,,,,,,,,,,,,,,,,,,,,,,,,SdQFlq_0MSNE,,,
1227,Process,Flowchart Shapes/Containers,2,30,,,,,,,Fetch data from HC portal,,,,,,,,,,,,,,,,,,,,,,,,,,,,,,,,,,,,,,,,,,,,,,,,,,,,,,,,,,,,,,,,,,,,,,,,,,,,,,,,,,,,,,,,,,,,,,,,,AfQFRGoXI~R3,,,
1228,Process,Flowchart Shapes/Containers,2,30,,,,,,,Download stock report & last week sales,,,,,,,,,,,,,,,,,,,,,,,,,,,,,,,,,,,,,,,,,,,,,,,,,,,,,,,,,,,,,,,,,,,,,,,,,,,,,,,,,,,,,,,,,,,,,,,,,NtQFGVwau3UX,,,
1229,Process,Flowchart Shapes/Containers,2,31,,,,,,,Primary Responsibility- AM  / Secondary Responsibility - AGM,,,,,,,,,,,,,,,,,,,,,,,,,,,,,,,,,,,,,,,,,,,,,,,,,,,,,,,,,,,,,,,,,,,,,,,,,,,,,,,,,,,,,,,,,,,,,,,,,OxQFbwxscza4,,,
1230,Process,Flowchart Shapes/Containers,2,30,,,,,,,Download store level data,,,,,,,,,,,,,,,,,,,,,,,,,,,,,,,,,,,,,,,,,,,,,,,,,,,,,,,,,,,,,,,,,,,,,,,,,,,,,,,,,,,,,,,,,,,,,,,,,eKQFtO3lHtes,,,
1231,Process,Flowchart Shapes/Containers,2,32,,,,,,,Primary Responsibility- AM  / Secondary Responsibility - AGM,,,,,,,,,,,,,,,,,,,,,,,,,,,,,,,,,,,,,,,,,,,,,,,,,,,,,,,,,,,,,,,,,,,,,,,,,,,,,,,,,,,,,,,,,,,,,,,,,FXQFr2NvxKS-,,,
1232,Process,Flowchart Shapes/Containers,2,33,,,,,,,Primary Responsibility- AM  / Secondary Responsibility - AGM,,,,,,,,,,,,,,,,,,,,,,,,,,,,,,,,,,,,,,,,,,,,,,,,,,,,,,,,,,,,,,,,,,,,,,,,,,,,,,,,,,,,,,,,,,,,,,,,,.YQFj1a5UeNn,,,
1233,Process,Flowchart Shapes/Containers,2,31,,,,,,,Product Training,,,,,,,,,,,,,,,,,,,,,,,,,,,,,,,,,,,,,,,,,,,,,,,,,,,,,,,,,,,,,,,,,,,,,,,,,,,,,,,,,,,,,,,,,,,,,,,,,vkRFH.akj4KF,,,
1234,Process,Flowchart Shapes/Containers,2,31,,,,,,,Sales Training: ,,,,,,,,,,,,,,,,,,,,,,,,,,,,,,,,,,,,,,,,,,,,,,,,,,,,,,,,,,,,,,,,,,,,,,,,,,,,,,,,,,,,,,,,,,,,,,,,,vnRF7OGFRc3Z,,,
1235,Process,Flowchart Shapes/Containers,2,31,,,,,,,MODE: PDF Guidelines,,,,,,,,,,,,,,,,,,,,,,,,,,,,,,,,,,,,,,,,,,,,,,,,,,,,,,,,,,,,,,,,,,,,,,,,,,,,,,,,,,,,,,,,,,,,,,,,,PV5F_olsF-Lo,,,
1236,Decision,Flowchart Shapes/Containers,2,31,,,,,,,Training Completed successfully?,,,,,,,,,,,,,,,,,,,,,,,,,,,,,,,,,,,,,,,,,,,,,,,,,,,,,,,,,,,,,,,,,,,,,,,,,,,,,,,,,,,,,,,,,,,,,,,,,Ip6Fn9Bz2_01,,,
1237,Process,Flowchart Shapes/Containers,2,31,,,,,,,Conduct  Test,,,,,,,,,,,,,,,,,,,,,,,,,,,,,,,,,,,,,,,,,,,,,,,,,,,,,,,,,,,,,,,,,,,,,,,,,,,,,,,,,,,,,,,,,,,,,,,,,3q6FBAM-fckM,,,
1238,Process,Flowchart Shapes/Containers,2,31,,,,,,,FAQ Test by HR ,,,,,,,,,,,,,,,,,,,,,,,,,,,,,,,,,,,,,,,,,,,,,,,,,,,,,,,,,,,,,,,,,,,,,,,,,,,,,,,,,,,,,,,,,,,,,,,,,vs6FCbnL6ExR,,,
1239,Process,Flowchart Shapes/Containers,2,31,,,,,,,Sales Pitch Test by HR ,,,,,,,,,,,,,,,,,,,,,,,,,,,,,,,,,,,,,,,,,,,,,,,,,,,,,,,,,,,,,,,,,,,,,,,,,,,,,,,,,,,,,,,,,,,,,,,,,4u6FWGq94ICc,,,
1240,Process,Flowchart Shapes/Containers,2,31,,,,,,,Give Rating,,,,,,,,,,,,,,,,,,,,,,,,,,,,,,,,,,,,,,,,,,,,,,,,,,,,,,,,,,,,,,,,,,,,,,,,,,,,,,,,,,,,,,,,,,,,,,,,,tx6FPbLnU90G,,,
1241,Process,Flowchart Shapes/Containers,2,31,,,,,,,Check rating (minimum 7 required),,,,,,,,,,,,,,,,,,,,,,,,,,,,,,,,,,,,,,,,,,,,,,,,,,,,,,,,,,,,,,,,,,,,,,,,,,,,,,,,,,,,,,,,,,,,,,,,,VG6F6dLHDw5S,,,
1242,Decision,Flowchart Shapes/Containers,2,31,,,,,,,Rating>=7 ,,,,,,,,,,,,,,,,,,,,,,,,,,,,,,,,,,,,,,,,,,,,,,,,,,,,,,,,,,,,,,,,,,,,,,,,,,,,,,,,,,,,,,,,,,,,,,,,,SI6F98yD6Q8O,,,
1243,Process,Flowchart Shapes/Containers,2,31,,,,,,,Re-training,,,,,,,,,,,,,,,,,,,,,,,,,,,,,,,,,,,,,,,,,,,,,,,,,,,,,,,,,,,,,,,,,,,,,,,,,,,,,,,,,,,,,,,,,,,,,,,,,bq7FWNsf71gS,,,
1244,Process,Flowchart Shapes/Containers,2,31,,,,,,,1 on 1 discussion with AM,,,,,,,,,,,,,,,,,,,,,,,,,,,,,,,,,,,,,,,,,,,,,,,,,,,,,,,,,,,,,,,,,,,,,,,,,,,,,,,,,,,,,,,,,,,,,,,,,2D7FGuQ4XbdZ,,,
1245,Process,Flowchart Shapes/Containers,2,31,,,,,,,Create Improvement Plan,,,,,,,,,,,,,,,,,,,,,,,,,,,,,,,,,,,,,,,,,,,,,,,,,,,,,,,,,,,,,,,,,,,,,,,,,,,,,,,,,,,,,,,,,,,,,,,,,uJ7FSvxAFwlb,,,
1246,Decision,Flowchart Shapes/Containers,2,31,,,,,,,Schedule Re-traning,,,,,,,,,,,,,,,,,,,,,,,,,,,,,,,,,,,,,,,,,,,,,,,,,,,,,,,,,,,,,,,,,,,,,,,,,,,,,,,,,,,,,,,,,,,,,,,,,cU7Ff6Sn1wBw,,,
1247,Decision,Flowchart Shapes/Containers,2,31,,,,,,,Training Completed Successfully?,,,,,,,,,,,,,,,,,,,,,,,,,,,,,,,,,,,,,,,,,,,,,,,,,,,,,,,,,,,,,,,,,,,,,,,,,,,,,,,,,,,,,,,,,,,,,,,,,hH8Fa09rVvZq,,,
1248,Process,Flowchart Shapes/Containers,2,31,,,,,,,Conduct Test,,,,,,,,,,,,,,,,,,,,,,,,,,,,,,,,,,,,,,,,,,,,,,,,,,,,,,,,,,,,,,,,,,,,,,,,,,,,,,,,,,,,,,,,,,,,,,,,,9O8FxW9A7pER,,,
1249,Process,Flowchart Shapes/Containers,2,,,,,,,,Retail Ops,,,,,,,,,,,,,,,,,,,,,,,,,,,,,,,,,,,,,,,,,,,,,,,,,,,,,,,,,,,,,,,,,,,,,,,,,,,,,,,,,,,,,,,,,,,,,,,,,Lt9Follup94i,,,
1250,Process,Flowchart Shapes/Containers,2,,,,,,,,Display,,,,,,,,,,,,,,,,,,,,,,,,,,,,,,,,,,,,,,,,,,,,,,,,,,,,,,,,,,,,,,,,,,,,,,,,,,,,,,,,,,,,,,,,,,,,,,,,,99PFtlmK1VFu,,,
1251,Process,Flowchart Shapes/Containers,2,32,,,,,,,Display setup,,,,,,,,,,,,,,,,,,,,,,,,,,,,,,,,,,,,,,,,,,,,,,,,,,,,,,,,,,,,,,,,,,,,,,,,,,,,,,,,,,,,,,,,,,,,,,,,,EM9FrSq1bQRX,,,
1252,Decision,Flowchart Shapes/Containers,2,32,,,,,,,Planogram (VM Guidelines) Available ?,,,,,,,,,,,,,,,,,,,,,,,,,,,,,,,,,,,,,,,,,,,,,,,,,,,,,,,,,,,,,,,,,,,,,,,,,,,,,,,,,,,,,,,,,,,,,,,,,UN9FA66iEtAg,,,
1253,Process,Flowchart Shapes/Containers,2,32,,,,,,,Display Execution (arrange product as per planogram),,,,,,,,,,,,,,,,,,,,,,,,,,,,,,,,,,,,,,,,,,,,,,,,,,,,,,,,,,,,,,,,,,,,,,,,,,,,,,,,,,,,,,,,,,,,,,,,,8O9FMHWXWhW4,,,
1254,Process,Flowchart Shapes/Containers,2,32,,,,,,,Contact NPD / Design Team for planogram,,,,,,,,,,,,,,,,,,,,,,,,,,,,,,,,,,,,,,,,,,,,,,,,,,,,,,,,,,,,,,,,,,,,,,,,,,,,,,,,,,,,,,,,,,,,,,,,,_Q9FqXQxsRZk,,,
1255,Decision,Flowchart Shapes/Containers,2,32,,,,,,,Display Setup complete,,,,,,,,,,,,,,,,,,,,,,,,,,,,,,,,,,,,,,,,,,,,,,,,,,,,,,,,,,,,,,,,,,,,,,,,,,,,,,,,,,,,,,,,,,,,,,,,,.T9FJoq2gq9q,,,
1256,Process,Flowchart Shapes/Containers,2,32,,,,,,,Quality Check,,,,,,,,,,,,,,,,,,,,,,,,,,,,,,,,,,,,,,,,,,,,,,,,,,,,,,,,,,,,,,,,,,,,,,,,,,,,,,,,,,,,,,,,,,,,,,,,,WV9FxHoz5Gip,,,
1257,Process,Flowchart Shapes/Containers,2,32,,,,,,,Re-arrange Display (According to planogram),,,,,,,,,,,,,,,,,,,,,,,,,,,,,,,,,,,,,,,,,,,,,,,,,,,,,,,,,,,,,,,,,,,,,,,,,,,,,,,,,,,,,,,,,,,,,,,,,~V9Ftr4FSyiq,,,
1258,Process,Flowchart Shapes/Containers,2,32,,,,,,,Updated Planogram received,,,,,,,,,,,,,,,,,,,,,,,,,,,,,,,,,,,,,,,,,,,,,,,,,,,,,,,,,,,,,,,,,,,,,,,,,,,,,,,,,,,,,,,,,,,,,,,,,HY9Fq2inr5Cn,,,
1259,Decision,Flowchart Shapes/Containers,2,32,,,,,,,Follow Planogram,,,,,,,,,,,,,,,,,,,,,,,,,,,,,,,,,,,,,,,,,,,,,,,,,,,,,,,,,,,,,,,,,,,,,,,,,,,,,,,,,,,,,,,,,,,,,,,,,~Y9FObBAxahG,,,
1260,Decision,Flowchart Shapes/Containers,2,32,,,,,,,Any Non saleable plants,,,,,,,,,,,,,,,,,,,,,,,,,,,,,,,,,,,,,,,,,,,,,,,,,,,,,,,,,,,,,,,,,,,,,,,,,,,,,,,,,,,,,,,,,,,,,,,,,S39Fbsxv~FqW,,,
1261,Process,Flowchart Shapes/Containers,2,32,,,,,,,Move to back of shelf,,,,,,,,,,,,,,,,,,,,,,,,,,,,,,,,,,,,,,,,,,,,,,,,,,,,,,,,,,,,,,,,,,,,,,,,,,,,,,,,,,,,,,,,,,,,,,,,,p49FlSKccbbF,,,
1262,Process,Flowchart Shapes/Containers,2,32,,,,,,,Correct sorting & display,,,,,,,,,,,,,,,,,,,,,,,,,,,,,,,,,,,,,,,,,,,,,,,,,,,,,,,,,,,,,,,,,,,,,,,,,,,,,,,,,,,,,,,,,,,,,,,,,1-9FGpyv2pms,,,
1263,Process,Flowchart Shapes/Containers,2,32,,,,,,,Check by  supervisor,,,,,,,,,,,,,,,,,,,,,,,,,,,,,,,,,,,,,,,,,,,,,,,,,,,,,,,,,,,,,,,,,,,,,,,,,,,,,,,,,,,,,,,,,,,,,,,,,Ib-Fe0kPO0e~,,,
1264,Process,Flowchart Shapes/Containers,2,32,,,,,,,Assign category level Placement ,,,,,,,,,,,,,,,,,,,,,,,,,,,,,,,,,,,,,,,,,,,,,,,,,,,,,,,,,,,,,,,,,,,,,,,,,,,,,,,,,,,,,,,,,,,,,,,,,_d-F7lhw1ba2,,,
1265,Process,Flowchart Shapes/Containers,2,32,,,,,,,Primary - main counter,,,,,,,,,,,,,,,,,,,,,,,,,,,,,,,,,,,,,,,,,,,,,,,,,,,,,,,,,,,,,,,,,,,,,,,,,,,,,,,,,,,,,,,,,,,,,,,,,He-FThac.XWT,,,
1266,Process,Flowchart Shapes/Containers,2,32,,,,,,,Secondary - VM display,,,,,,,,,,,,,,,,,,,,,,,,,,,,,,,,,,,,,,,,,,,,,,,,,,,,,,,,,,,,,,,,,,,,,,,,,,,,,,,,,,,,,,,,,,,,,,,,,ug-F_U~nqNNa,,,
1267,Process,Flowchart Shapes/Containers,2,32,,,,,,,PDQ - PP199 Only,,,,,,,,,,,,,,,,,,,,,,,,,,,,,,,,,,,,,,,,,,,,,,,,,,,,,,,,,,,,,,,,,,,,,,,,,,,,,,,,,,,,,,,,,,,,,,,,,mh-FGyKrTxBV,,,
1268,Process,Flowchart Shapes/Containers,2,32,,,,,,,Cash counter - PP99 only,,,,,,,,,,,,,,,,,,,,,,,,,,,,,,,,,,,,,,,,,,,,,,,,,,,,,,,,,,,,,,,,,,,,,,,,,,,,,,,,,,,,,,,,,,,,,,,,,Yh-Fgg.YOSh7,,,
1269,Process,Flowchart Shapes/Containers,2,32,,,,,,,Mark for RTV ,,,,,,,,,,,,,,,,,,,,,,,,,,,,,,,,,,,,,,,,,,,,,,,,,,,,,,,,,,,,,,,,,,,,,,,,,,,,,,,,,,,,,,,,,,,,,,,,,dl-Fx1kClyzO,,,
1270,Process,Flowchart Shapes/Containers,2,32,,,,,,,Check RTV limit,,,,,,,,,,,,,,,,,,,,,,,,,,,,,,,,,,,,,,,,,,,,,,,,,,,,,,,,,,,,,,,,,,,,,,,,,,,,,,,,,,,,,,,,,,,,,,,,,4q-F5_R5dAJB,,,
1271,Process,Flowchart Shapes/Containers,2,32,,,,,,,Initiate RTV to WH,,,,,,,,,,,,,,,,,,,,,,,,,,,,,,,,,,,,,,,,,,,,,,,,,,,,,,,,,,,,,,,,,,,,,,,,,,,,,,,,,,,,,,,,,,,,,,,,,kt-FG5hTCZdq,,,
1272,Process,Flowchart Shapes/Containers,2,32,,,,,,,Move to visual check,,,,,,,,,,,,,,,,,,,,,,,,,,,,,,,,,,,,,,,,,,,,,,,,,,,,,,,,,,,,,,,,,,,,,,,,,,,,,,,,,,,,,,,,,,,,,,,,,rE-F8IXqn5qa,,,
1273,Process,Flowchart Shapes/Containers,2,32,,,,,,,Move to back of shelf until RTV can be done,,,,,,,,,,,,,,,,,,,,,,,,,,,,,,,,,,,,,,,,,,,,,,,,,,,,,,,,,,,,,,,,,,,,,,,,,,,,,,,,,,,,,,,,,,,,,,,,,wO-Fapr3r01h,,,
1274,Process,Flowchart Shapes/Containers,2,32,,,,,,,Capture display Photos,,,,,,,,,,,,,,,,,,,,,,,,,,,,,,,,,,,,,,,,,,,,,,,,,,,,,,,,,,,,,,,,,,,,,,,,,,,,,,,,,,,,,,,,,,,,,,,,,xU-Fxq17J72b,,,
1275,Process,Flowchart Shapes/Containers,2,32,,,,,,,Received photos  (Weekly),,,,,,,,,,,,,,,,,,,,,,,,,,,,,,,,,,,,,,,,,,,,,,,,,,,,,,,,,,,,,,,,,,,,,,,,,,,,,,,,,,,,,,,,,,,,,,,,,5V-ForKv1FM1,,,
1276,Process,Flowchart Shapes/Containers,2,32,,,,,,,Follow-up by AM,,,,,,,,,,,,,,,,,,,,,,,,,,,,,,,,,,,,,,,,,,,,,,,,,,,,,,,,,,,,,,,,,,,,,,,,,,,,,,,,,,,,,,,,,,,,,,,,,TZ-FagwXsMdz,,,
1277,Process,Flowchart Shapes/Containers,2,32,,,,,,,Supervisor visit check,,,,,,,,,,,,,,,,,,,,,,,,,,,,,,,,,,,,,,,,,,,,,,,,,,,,,,,,,,,,,,,,,,,,,,,,,,,,,,,,,,,,,,,,,,,,,,,,,Q0-F8CWf5P3u,,,
1278,Process,Flowchart Shapes/Containers,2,32,,,,,,,Action as per picture not received  or incorrect VM,,,,,,,,,,,,,,,,,,,,,,,,,,,,,,,,,,,,,,,,,,,,,,,,,,,,,,,,,,,,,,,,,,,,,,,,,,,,,,,,,,,,,,,,,,,,,,,,,d3-F0Pxs6hyy,,,
1279,Process,Flowchart Shapes/Containers,2,33,,,,,,,Communication planning ,,,,,,,,,,,,,,,,,,,,,,,,,,,,,,,,,,,,,,,,,,,,,,,,,,,,,,,,,,,,,,,,,,,,,,,,,,,,,,,,,,,,,,,,,,,,,,,,,_d_FN2Ug_m3J,,,
1280,Process,Flowchart Shapes/Containers,2,33,,,,,,,Types of Communications,,,,,,,,,,,,,,,,,,,,,,,,,,,,,,,,,,,,,,,,,,,,,,,,,,,,,,,,,,,,,,,,,,,,,,,,,,,,,,,,,,,,,,,,,,,,,,,,,Me_Fcyxiqvtq,,,
1281,Process,Flowchart Shapes/Containers,2,33,,,,,,,Brand Communication,,,,,,,,,,,,,,,,,,,,,,,,,,,,,,,,,,,,,,,,,,,,,,,,,,,,,,,,,,,,,,,,,,,,,,,,,,,,,,,,,,,,,,,,,,,,,,,,,Tv_Fy4fuELh7,,,
1282,Process,Flowchart Shapes/Containers,2,33,,,,,,,Category / Concept Communication,,,,,,,,,,,,,,,,,,,,,,,,,,,,,,,,,,,,,,,,,,,,,,,,,,,,,,,,,,,,,,,,,,,,,,,,,,,,,,,,,,,,,,,,,,,,,,,,,7v_F7jjKlH1M,,,
1283,Decision,Flowchart Shapes/Containers,2,33,,,,,,,NG Brand signage present? ,,,,,,,,,,,,,,,,,,,,,,,,,,,,,,,,,,,,,,,,,,,,,,,,,,,,,,,,,,,,,,,,,,,,,,,,,,,,,,,,,,,,,,,,,,,,,,,,,hA_F0xONDxLW,,,
1284,Sticky note,Sticky Notes,2,33,,,,,,,"Check: 
Signage Present
if LED, powered on.",,,,,,,,,,,,,,,,,,,,,,,,,,,,,,,,,,,,,,,,,,,,,,,,,,,,,,,,,,,,,,,,,,,,,,,,,,,,,,,,,,,,,,,,,,,,,,,,,gG_FkDP6GSXP,,,
1285,Decision,Flowchart Shapes/Containers,2,33,,,,,,,Is visible?,,,,,,,,,,,,,,,,,,,,,,,,,,,,,,,,,,,,,,,,,,,,,,,,,,,,,,,,,,,,,,,,,,,,,,,,,,,,,,,,,,,,,,,,,,,,,,,,,ZH_FI4buoVT9,,,
1286,Decision,Flowchart Shapes/Containers,2,30,,,,,,,Stock available as per MDQ at store level?,,,,,,,,,,,,,,,,,,,,,,,,,,,,,,,,,,,,,,,,,,,,,,,,,,,,,,,,,,,,,,,,,,,,,,,,,,,,,,,,,,,,,,,,,,,,,,,,,dgpG5NW~fTE7,,,
1287,Process,Flowchart Shapes/Containers,2,30,,,,,,,"Highlight in dashboard
Compare with last week sales 
Do RCA (Root Cause analysis)
Share RCA with AGM Sales",,,,,,,,,,,,,,,,,,,,,,,,,,,,,,,,,,,,,,,,,,,,,,,,,,,,,,,,,,,,,,,,,,,,,,,,,,,,,,,,,,,,,,,,,,,,,,,,,AnpGtjdF7pBy,,,
1288,Process,Flowchart Shapes/Containers,2,30,,,,,,,"Plan priority replenishment, before cyle commencement",,,,,,,,,,,,,,,,,,,,,,,,,,,,,,,,,,,,,,,,,,,,,,,,,,,,,,,,,,,,,,,,,,,,,,,,,,,,,,,,,,,,,,,,,,,,,,,,,VnpGAqey-t85,,,
1289,Process,Flowchart Shapes/Containers,2,30,,,,,,,Replenishment Planning,,,,,,,,,,,,,,,,,,,,,,,,,,,,,,,,,,,,,,,,,,,,,,,,,,,,,,,,,,,,,,,,,,,,,,,,,,,,,,,,,,,,,,,,,,,,,,,,,~ppG-1b~Vdil,,,
1290,Decision,Flowchart Shapes/Containers,2,30,,,,,,,Check Warehouse (WH) Stock Availability,,,,,,,,,,,,,,,,,,,,,,,,,,,,,,,,,,,,,,,,,,,,,,,,,,,,,,,,,,,,,,,,,,,,,,,,,,,,,,,,,,,,,,,,,,,,,,,,,ospG2F68xsB5,,,
1291,Process,Flowchart Shapes/Containers,2,30,,,,,,,Escalate to Purchase Head and AGM Sales,,,,,,,,,,,,,,,,,,,,,,,,,,,,,,,,,,,,,,,,,,,,,,,,,,,,,,,,,,,,,,,,,,,,,,,,,,,,,,,,,,,,,,,,,,,,,,,,,QwpGwS_DOzph,,,
1292,Process,Flowchart Shapes/Containers,2,30,,,,,,,Indent Planning,,,,,,,,,,,,,,,,,,,,,,,,,,,,,,,,,,,,,,,,,,,,,,,,,,,,,,,,,,,,,,,,,,,,,,,,,,,,,,,,,,,,,,,,,,,,,,,,,​-wpGiyVH7MVQ,,,
1293,Process,Flowchart Shapes/Containers,2,30,,,,,,,Resolved in t+2 days,,,,,,,,,,,,,,,,,,,,,,,,,,,,,,,,,,,,,,,,,,,,,,,,,,,,,,,,,,,,,,,,,,,,,,,,,,,,,,,,,,,,,,,,,,,,,,,,,VApGsmaG80ts,,,
1294,Process,Flowchart Shapes/Containers,2,30,,,,,,,Hold/ combine with next dispatch,,,,,,,,,,,,,,,,,,,,,,,,,,,,,,,,,,,,,,,,,,,,,,,,,,,,,,,,,,,,,,,,,,,,,,,,,,,,,,,,,,,,,,,,,,,,,,,,,MKpG7rnB00FX,,,
1295,Process,Flowchart Shapes/Containers,2,30,,,,,,,Store level update,,,,,,,,,,,,,,,,,,,,,,,,,,,,,,,,,,,,,,,,,,,,,,,,,,,,,,,,,,,,,,,,,,,,,,,,,,,,,,,,,,,,,,,,,,,,,,,,,SLpGn.mM5.a~,,,
1296,Process,Flowchart Shapes/Containers,2,30,,,,,,,Update in retail logistics plan,,,,,,,,,,,,,,,,,,,,,,,,,,,,,,,,,,,,,,,,,,,,,,,,,,,,,,,,,,,,,,,,,,,,,,,,,,,,,,,,,,,,,,,,,,,,,,,,,dGpGvNfhqE1r,,,
1297,Process,Flowchart Shapes/Containers,2,30,,,,,,,Release PO by Monday,,,,,,,,,,,,,,,,,,,,,,,,,,,,,,,,,,,,,,,,,,,,,,,,,,,,,,,,,,,,,,,,,,,,,,,,,,,,,,,,,,,,,,,,,,,,,,,,,CxpGd56j~4uG,,,
1298,Process,Flowchart Shapes/Containers,2,30,,,,,,,Monitor & control stock levels,,,,,,,,,,,,,,,,,,,,,,,,,,,,,,,,,,,,,,,,,,,,,,,,,,,,,,,,,,,,,,,,,,,,,,,,,,,,,,,,,,,,,,,,,,,,,,,,,7NpGkTVooeCo,,,
1299,Sticky note,Sticky Notes,2,30,,,,,,,"Track via dashboard:
store level 
sales trend",,,,,,,,,,,,,,,,,,,,,,,,,,,,,,,,,,,,,,,,,,,,,,,,,,,,,,,,,,,,,,,,,,,,,,,,,,,,,,,,,,,,,,,,,,,,,,,,,cQpG2WnVf8Ke,,,
1300,Process,Flowchart Shapes/Containers,2,30,,,,,,,Stock optimized and upgraded,,,,,,,,,,,,,,,,,,,,,,,,,,,,,,,,,,,,,,,,,,,,,,,,,,,,,,,,,,,,,,,,,,,,,,,,,,,,,,,,,,,,,,,,,,,,,,,,,4UpGW.WRYM8e,,,
1301,Process,Flowchart Shapes/Containers,2,30,,,,,,,Weekly Stock Review,,,,,,,,,,,,,,,,,,,,,,,,,,,,,,,,,,,,,,,,,,,,,,,,,,,,,,,,,,,,,,,,,,,,,,,,,,,,,,,,,,,,,,,,,,,,,,,,,eWpGjX7mPjzr,,,
1302,Decision,Flowchart Shapes/Containers,2,30,,,,,,,Value>=1 lacs or 90% vehicle capacity?,,,,,,,,,,,,,,,,,,,,,,,,,,,,,,,,,,,,,,,,,,,,,,,,,,,,,,,,,,,,,,,,,,,,,,,,,,,,,,,,,,,,,,,,,,,,,,,,,C-pGam60Knew,,,
1303,Process,Flowchart Shapes/Containers,2,30,,,,,,,Escalate to CEO,,,,,,,,,,,,,,,,,,,,,,,,,,,,,,,,,,,,,,,,,,,,,,,,,,,,,,,,,,,,,,,,,,,,,,,,,,,,,,,,,,,,,,,,,,,,,,,,,U.pGgl57424e,,,
1304,Block,Standard,2,30,,,,,,,Every Saturday,,,,,,,,,,,,,,,,,,,,,,,,,,,,,,,,,,,,,,,,,,,,,,,,,,,,,,,,,,,,,,,,,,,,,,,,,,,,,,,,,,,,,,,,,,,,,,,,,oCqGFeuajYH_,,,
1305,Sticky note,Sticky Notes,2,30,,,,,,,Add url + screenshots HC portal not working,,,,,,,,,,,,,,,,,,,,,,,,,,,,,,,,,,,,,,,,,,,,,,,,,,,,,,,,,,,,,,,,,,,,,,,,,,,,,,,,,,,,,,,,,,,,,,,,,​-DqGWzvzdNIC,,,
1306,Process,Flowchart Shapes/Containers,2,30,,,,,,,Retail O2D Process,,,,,,,,,,,,,,,,,,,,,,,,,,,,,,,,,,,,,,,,,,,,,,,,,,,,,,,,,,,,,,,,,,,,,,,,,,,,,,,,,,,,,,,,,,,,,,,,,icrGMfCyhBlx,,,
1307,Sticky note,Sticky Notes,2,30,,,,,,,"Plan Indent Based on: 
Last Week Sales
SKU performance 
MDQ Range (70%–110%)",,,,,,,,,,,,,,,,,,,,,,,,,,,,,,,,,,,,,,,,,,,,,,,,,,,,,,,,,,,,,,,,,,,,,,,,,,,,,,,,,,,,,,,,,,,,,,,,,PxpGCW59mpog,,,
1308,Process,Flowchart Shapes/Containers,2,31,,,,,,,Training Methodology,,,,,,,,,,,,,,,,,,,,,,,,,,,,,,,,,,,,,,,,,,,,,,,,,,,,,,,,,,,,,,,,,,,,,,,,,,,,,,,,,,,,,,,,,,,,,,,,,UxrGzjafriyb,,,
1309,Decision,Flowchart Shapes/Containers,2,32,,,,,,,Is Repair Possible?,,,,,,,,,,,,,,,,,,,,,,,,,,,,,,,,,,,,,,,,,,,,,,,,,,,,,,,,,,,,,,,,,,,,,,,,,,,,,,,,,,,,,,,,,,,,,,,,,BCrGQ6oJqYdm,,,
1310,Sticky note,Sticky Notes,2,32,,,,,,,"RTV Max limit is 50 pieces or INR 15,000;  whichever is higher (per trip)",,,,,,,,,,,,,,,,,,,,,,,,,,,,,,,,,,,,,,,,,,,,,,,,,,,,,,,,,,,,,,,,,,,,,,,,,,,,,,,,,,,,,,,,,,,,,,,,,6JrGEHUCSVAa,,,
1311,Process,Flowchart Shapes/Containers,2,31,,,,,,,Conduct test,,,,,,,,,,,,,,,,,,,,,,,,,,,,,,,,,,,,,,,,,,,,,,,,,,,,,,,,,,,,,,,,,,,,,,,,,,,,,,,,,,,,,,,,,,,,,,,,,F9EGUh1lY8~h,,,
1312,Process,Flowchart Shapes/Containers,2,31,,,,,,,Rating Parameters ,,,,,,,,,,,,,,,,,,,,,,,,,,,,,,,,,,,,,,,,,,,,,,,,,,,,,,,,,,,,,,,,,,,,,,,,,,,,,,,,,,,,,,,,,,,,,,,,,I9EG8svd1L_-,,,
1313,Process,Flowchart Shapes/Containers,2,31,,,,,,,Induction with HR (HR team),,,,,,,,,,,,,,,,,,,,,,,,,,,,,,,,,,,,,,,,,,,,,,,,,,,,,,,,,,,,,,,,,,,,,,,,,,,,,,,,,,,,,,,,,,,,,,,,,zhFGXqySjcUM,,,
1314,Process,Flowchart Shapes/Containers,2,31,,,,,,,Floor Traning (Practical) Conducted by Store supervisor ,,,,,,,,,,,,,,,,,,,,,,,,,,,,,,,,,,,,,,,,,,,,,,,,,,,,,,,,,,,,,,,,,,,,,,,,,,,,,,,,,,,,,,,,,,,,,,,,,DeHGerllsClc,,,
1315,Sticky note,Sticky Notes,2,31,,,,,,,"Define: 
Training modules:
Basic Hygeine
Product Training
Sales Training (Storytelling/ Upselling/Cross-selling)
Training Format:
Google meet (online)
In-person Floor training
Timeline:
Day 0/15/30/45 Evaluation",,,,,,,,,,,,,,,,,,,,,,,,,,,,,,,,,,,,,,,,,,,,,,,,,,,,,,,,,,,,,,,,,,,,,,,,,,,,,,,,,,,,,,,,,,,,,,,,,1wGGzSBrwVDS,,,
1316,Process,Flowchart Shapes/Containers,2,31,,,,,,,Basic Hygeine Training,,,,,,,,,,,,,,,,,,,,,,,,,,,,,,,,,,,,,,,,,,,,,,,,,,,,,,,,,,,,,,,,,,,,,,,,,,,,,,,,,,,,,,,,,,,,,,,,,QzGGjJNRHeFT,,,
1317,Process,Flowchart Shapes/Containers,2,31,,,,,,,Conduct By Supervisor / AM,,,,,,,,,,,,,,,,,,,,,,,,,,,,,,,,,,,,,,,,,,,,,,,,,,,,,,,,,,,,,,,,,,,,,,,,,,,,,,,,,,,,,,,,,,,,,,,,,VAGGVi0PlrLn,,,
1318,Process,Flowchart Shapes/Containers,2,31,,,,,,,3 Types of Training,,,,,,,,,,,,,,,,,,,,,,,,,,,,,,,,,,,,,,,,,,,,,,,,,,,,,,,,,,,,,,,,,,,,,,,,,,,,,,,,,,,,,,,,,,,,,,,,,DGGGxkg~w_v2,,,
1319,Decision,Flowchart Shapes/Containers,2,31,,,,,,,Hygeine Standard Understood?,,,,,,,,,,,,,,,,,,,,,,,,,,,,,,,,,,,,,,,,,,,,,,,,,,,,,,,,,,,,,,,,,,,,,,,,,,,,,,,,,,,,,,,,,,,,,,,,,n6GGXm1AmqOG,,,
1320,Sticky note,Sticky Notes,2,31,,,,,,,"Includes:
Grooming
Uniform
Cleaniness Stanadard",,,,,,,,,,,,,,,,,,,,,,,,,,,,,,,,,,,,,,,,,,,,,,,,,,,,,,,,,,,,,,,,,,,,,,,,,,,,,,,,,,,,,,,,,,,,,,,,,GDGGPzJ1RYz0,,,
1321,Process,Flowchart Shapes/Containers,2,31,,,,,,,Conducted by Supervisor / AM,,,,,,,,,,,,,,,,,,,,,,,,,,,,,,,,,,,,,,,,,,,,,,,,,,,,,,,,,,,,,,,,,,,,,,,,,,,,,,,,,,,,,,,,,,,,,,,,,X_GGYTUnXrrv,,,
1322,Process,Flowchart Shapes/Containers,2,31,,,,,,,"MODE:
Online meet
Product Knowledge Session",,,,,,,,,,,,,,,,,,,,,,,,,,,,,,,,,,,,,,,,,,,,,,,,,,,,,,,,,,,,,,,,,,,,,,,,,,,,,,,,,,,,,,,,,,,,,,,,,H~GG0f9DeLPB,,,
1323,Sticky note,Sticky Notes,2,31,,,,,,,"Includes:
Plant Usage 
Care Instructions",,,,,,,,,,,,,,,,,,,,,,,,,,,,,,,,,,,,,,,,,,,,,,,,,,,,,,,,,,,,,,,,,,,,,,,,,,,,,,,,,,,,,,,,,,,,,,,,,PbHG59o9TaEq,,,
1324,Sticky note,Sticky Notes,2,31,,,,,,,"Includes:
Customer Handling
Product Placement",,,,,,,,,,,,,,,,,,,,,,,,,,,,,,,,,,,,,,,,,,,,,,,,,,,,,,,,,,,,,,,,,,,,,,,,,,,,,,,,,,,,,,,,,,,,,,,,,cjHG_~QGDNMy,,,
1325,Block,Standard,2,31,,,,,,,Duration 8-10 days ,,,,,,,,,,,,,,,,,,,,,,,,,,,,,,,,,,,,,,,,,,,,,,,,,,,,,,,,,,,,,,,,,,,,,,,,,,,,,,,,,,,,,,,,,,,,,,,,,aiHGSRvd9arD,,,
1326,Process,Flowchart Shapes/Containers,2,31,,,,,,,Storytelling/ Upselling/ Cross-Selling,,,,,,,,,,,,,,,,,,,,,,,,,,,,,,,,,,,,,,,,,,,,,,,,,,,,,,,,,,,,,,,,,,,,,,,,,,,,,,,,,,,,,,,,,,,,,,,,,CxHGtolrcC7F,,,
1327,Sticky note,Sticky Notes,2,31,,,,,,,"Define Storytelling:
Explaining the plant in a lifestyle + emotional + benefit-driven way.
Eg: This is a Snake Plant — it’s perfect for bedrooms because it releases oxygen at night and needs very little care. Even if you forget watering, it survives easily.
Define Upselling:
Encouraging a better/premium version of the plant or setup.
Eg: This one comes in a basic pot, but this ceramic self-watering planter will keep the plant healthy for longer and also enhance your room aesthetics.
Define Cross-selling:
Suggesting related products.
Eg: 
Fertilizer
Watering can
Decorative pots
Plant stand 
Along with this plant, you can take this organic fertilizer—it will help it grow faster.

",,,,,,,,,,,,,,,,,,,,,,,,,,,,,,,,,,,,,,,,,,,,,,,,,,,,,,,,,,,,,,,,,,,,,,,,,,,,,,,,,,,,,,,,,,,,,,,,,xwGG4ERJIzvL,,,
1328,Process,Flowchart Shapes/Containers,2,31,,,,,,,Performance Tracking,,,,,,,,,,,,,,,,,,,,,,,,,,,,,,,,,,,,,,,,,,,,,,,,,,,,,,,,,,,,,,,,,,,,,,,,,,,,,,,,,,,,,,,,,,,,,,,,,ECHGD3Mde2tf,,,
1329,Block,Standard,2,31,,,,,,,"Timelines Checkpoints:
Day 0 (Joining)
Day 15
Day 30
Day 45",,,,,,,,,,,,,,,,,,,,,,,,,,,,,,,,,,,,,,,,,,,,,,,,,,,,,,,,,,,,,,,,,,,,,,,,,,,,,,,,,,,,,,,,,,,,,,,,,1DHGcTThYcqi,,,
1330,Process,Flowchart Shapes/Containers,2,31,,,,,,,Share feedback with HR,,,,,,,,,,,,,,,,,,,,,,,,,,,,,,,,,,,,,,,,,,,,,,,,,,,,,,,,,,,,,,,,,,,,,,,,,,,,,,,,,,,,,,,,,,,,,,,,,​-nFGW6qUHklK,,,
1331,Block,Standard,2,30,,,,,,,Repeat Weekly,,,,,,,,,,,,,,,,,,,,,,,,,,,,,,,,,,,,,,,,,,,,,,,,,,,,,,,,,,,,,,,,,,,,,,,,,,,,,,,,,,,,,,,,,,,,,,,,,GPHG1dPrl8L9,,,
1332,Process,Flowchart Shapes/Containers,2,32,,,,,,,Share with Store partner for approval,,,,,,,,,,,,,,,,,,,,,,,,,,,,,,,,,,,,,,,,,,,,,,,,,,,,,,,,,,,,,,,,,,,,,,,,,,,,,,,,,,,,,,,,,,,,,,,,,lFLG0P6g4qe3,,,
1333,Process,Flowchart Shapes/Containers,2,32,,,,,,,Implementation by AM,,,,,,,,,,,,,,,,,,,,,,,,,,,,,,,,,,,,,,,,,,,,,,,,,,,,,,,,,,,,,,,,,,,,,,,,,,,,,,,,,,,,,,,,,,,,,,,,,CFLGj1_ezjzV,,,
1334,Sticky note,Sticky Notes,2,32,,,,,,,"visual check guidelines: 
products as per speccs 
as per planogram placed category level
is palvement too clutered or too distanced? ",,,,,,,,,,,,,,,,,,,,,,,,,,,,,,,,,,,,,,,,,,,,,,,,,,,,,,,,,,,,,,,,,,,,,,,,,,,,,,,,,,,,,,,,,,,,,,,,,​-HLG0TlAqFzR,,,
1335,Sticky note,Sticky Notes,2,32,,,,,,,"link with Specs sheet, add feedback form link for QC issues",,,,,,,,,,,,,,,,,,,,,,,,,,,,,,,,,,,,,,,,,,,,,,,,,,,,,,,,,,,,,,,,,,,,,,,,,,,,,,,,,,,,,,,,,,,,,,,,,PILGj5f2QVQA,,,
1336,Decision,Flowchart Shapes/Containers,2,32,,,,,,,Display as per guidelines,,,,,,,,,,,,,,,,,,,,,,,,,,,,,,,,,,,,,,,,,,,,,,,,,,,,,,,,,,,,,,,,,,,,,,,,,,,,,,,,,,,,,,,,,,,,,,,,,KWLGwJLmwDEs,,,
1337,Sticky note,Sticky Notes,2,32,,,,,,,CCA to store supervisor ,,,,,,,,,,,,,,,,,,,,,,,,,,,,,,,,,,,,,,,,,,,,,,,,,,,,,,,,,,,,,,,,,,,,,,,,,,,,,,,,,,,,,,,,,,,,,,,,,CbMGq8lUuNfv,,,
1338,Block,Standard,2,32,,,,,,,Weekly,,,,,,,,,,,,,,,,,,,,,,,,,,,,,,,,,,,,,,,,,,,,,,,,,,,,,,,,,,,,,,,,,,,,,,,,,,,,,,,,,,,,,,,,,,,,,,,,,lcMGbyqNp5l~,,,
1339,Process,Flowchart Shapes/Containers,2,31,,,,,,,Employee confirmation,,,,,,,,,,,,,,,,,,,,,,,,,,,,,,,,,,,,,,,,,,,,,,,,,,,,,,,,,,,,,,,,,,,,,,,,,,,,,,,,,,,,,,,,,,,,,,,,,lpMGBIWG8Sq~,,,
1340,Sticky note,Sticky Notes,2,31,,,,,,,"Product Knowledge Test, 30-35 questions related to Product ",,,,,,,,,,,,,,,,,,,,,,,,,,,,,,,,,,,,,,,,,,,,,,,,,,,,,,,,,,,,,,,,,,,,,,,,,,,,,,,,,,,,,,,,,,,,,,,,,Cu6Fm973.cyc,,,
1341,Process,Flowchart Shapes/Containers,2,31,,,,,,,Conducted by AM / AGM,,,,,,,,,,,,,,,,,,,,,,,,,,,,,,,,,,,,,,,,,,,,,,,,,,,,,,,,,,,,,,,,,,,,,,,,,,,,,,,,,,,,,,,,,,,,,,,,,fyZGLTzV-.3D,,,
1342,Sticky note,Sticky Notes,2,31,,,,,,,"Includes:
Story telling/ Upselling/ Cross-selling",,,,,,,,,,,,,,,,,,,,,,,,,,,,,,,,,,,,,,,,,,,,,,,,,,,,,,,,,,,,,,,,,,,,,,,,,,,,,,,,,,,,,,,,,,,,,,,,,fyZGCFOdQ-Iw,,,
1343,Decision,Flowchart Shapes/Containers,2,33,,,,,,,Planogram(VM guidelines available)? ,,,,,,,,,,,,,,,,,,,,,,,,,,,,,,,,,,,,,,,,,,,,,,,,,,,,,,,,,,,,,,,,,,,,,,,,,,,,,,,,,,,,,,,,,,,,,,,,,e.2GXjdgIq9-,,,
1344,Process,Flowchart Shapes/Containers,2,33,,,,,,,Superviosr Conduct Brief Session about  Communication type,,,,,,,,,,,,,,,,,,,,,,,,,,,,,,,,,,,,,,,,,,,,,,,,,,,,,,,,,,,,,,,,,,,,,,,,,,,,,,,,,,,,,,,,,,,,,,,,,Dw3G_ox8OeMu,,,
1345,Sticky note,Sticky Notes,2,33,,,,,,,"All brand visual and messaging elements (logo, banners, signage, offers) used in-store to inform, attract and influence customer's brand recall.",,,,,,,,,,,,,,,,,,,,,,,,,,,,,,,,,,,,,,,,,,,,,,,,,,,,,,,,,,,,,,,,,,,,,,,,,,,,,,,,,,,,,,,,,,,,,,,,,1i3GzqwoY0.p,,,
1346,Sticky note,Sticky Notes,2,33,,,,,,,"Session Includes:
Brand Knowledge 
Concept Knowledge
Product Knowledge 
Offers Knowledge ",,,,,,,,,,,,,,,,,,,,,,,,,,,,,,,,,,,,,,,,,,,,,,,,,,,,,,,,,,,,,,,,,,,,,,,,,,,,,,,,,,,,,,,,,,,,,,,,,fI3GBME8ictn,,,
1347,Process,Flowchart Shapes/Containers,2,32,,,,,,,Reshelf,,,,,,,,,,,,,,,,,,,,,,,,,,,,,,,,,,,,,,,,,,,,,,,,,,,,,,,,,,,,,,,,,,,,,,,,,,,,,,,,,,,,,,,,,,,,,,,,,c23G2NRQ8c6S,,,
1348,Sticky note,Sticky Notes,2,32,,,,,,,"Prune
Clean
Shine Spray",,,,,,,,,,,,,,,,,,,,,,,,,,,,,,,,,,,,,,,,,,,,,,,,,,,,,,,,,,,,,,,,,,,,,,,,,,,,,,,,,,,,,,,,,,,,,,,,,p23GoU1lh_cF,,,
1349,Decision,Flowchart Shapes/Containers,2,33,,,,,,,NG Branding visible ?,,,,,,,,,,,,,,,,,,,,,,,,,,,,,,,,,,,,,,,,,,,,,,,,,,,,,,,,,,,,,,,,,,,,,,,,,,,,,,,,,,,,,,,,,,,,,,,,,833GfEG2IxVL,,,
1350,Process,Flowchart Shapes/Containers,2,33,,,,,,,Escalate to AM,,,,,,,,,,,,,,,,,,,,,,,,,,,,,,,,,,,,,,,,,,,,,,,,,,,,,,,,,,,,,,,,,,,,,,,,,,,,,,,,,,,,,,,,,,,,,,,,,U43Gw80~DI9r,,,
1351,Process,Flowchart Shapes/Containers,2,33,,,,,,,Check placement as per planogram,,,,,,,,,,,,,,,,,,,,,,,,,,,,,,,,,,,,,,,,,,,,,,,,,,,,,,,,,,,,,,,,,,,,,,,,,,,,,,,,,,,,,,,,,,,,,,,,,943Go5E2NB~P,,,
1352,Process,Flowchart Shapes/Containers,2,33,,,,,,,Activation with Store Supervisor,,,,,,,,,,,,,,,,,,,,,,,,,,,,,,,,,,,,,,,,,,,,,,,,,,,,,,,,,,,,,,,,,,,,,,,,,,,,,,,,,,,,,,,,,,,,,,,,,p83GXpm_OJ8_,,,
1353,Process,Flowchart Shapes/Containers,2,33,,,,,,,Check by Supervisor,,,,,,,,,,,,,,,,,,,,,,,,,,,,,,,,,,,,,,,,,,,,,,,,,,,,,,,,,,,,,,,,,,,,,,,,,,,,,,,,,,,,,,,,,,,,,,,,,HDzHhKjmWctm,,,
1354,Process,Flowchart Shapes/Containers,2,33,,,,,,, Placed according to VM guidelines,,,,,,,,,,,,,,,,,,,,,,,,,,,,,,,,,,,,,,,,,,,,,,,,,,,,,,,,,,,,,,,,,,,,,,,,,,,,,,,,,,,,,,,,,,,,,,,,,HDzHZVpYa~f-,,,
1355,Process,Flowchart Shapes/Containers,2,33,,,,,,,Category Name ,,,,,,,,,,,,,,,,,,,,,,,,,,,,,,,,,,,,,,,,,,,,,,,,,,,,,,,,,,,,,,,,,,,,,,,,,,,,,,,,,,,,,,,,,,,,,,,,,NLzHZcw-USU_,,,
1356,Sticky note,Sticky Notes,2,33,,,,,,,"Easy to Understand
For Eg: Low- Maintenance Plants",,,,,,,,,,,,,,,,,,,,,,,,,,,,,,,,,,,,,,,,,,,,,,,,,,,,,,,,,,,,,,,,,,,,,,,,,,,,,,,,,,,,,,,,,,,,,,,,,APzHOSg8d8kO,,,
1357,Process,Flowchart Shapes/Containers,2,33,,,,,,,Escalate to AM,,,,,,,,,,,,,,,,,,,,,,,,,,,,,,,,,,,,,,,,,,,,,,,,,,,,,,,,,,,,,,,,,,,,,,,,,,,,,,,,,,,,,,,,,,,,,,,,,8WzHH0Z8TThl,,,
1358,Process,Flowchart Shapes/Containers,2,33,,,,,,,Align with NPD  / Social Team,,,,,,,,,,,,,,,,,,,,,,,,,,,,,,,,,,,,,,,,,,,,,,,,,,,,,,,,,,,,,,,,,,,,,,,,,,,,,,,,,,,,,,,,,,,,,,,,,T1zH8rjLSn6k,,,
1359,Process,Flowchart Shapes/Containers,2,33,,,,,,,Received ,,,,,,,,,,,,,,,,,,,,,,,,,,,,,,,,,,,,,,,,,,,,,,,,,,,,,,,,,,,,,,,,,,,,,,,,,,,,,,,,,,,,,,,,,,,,,,,,,t2zHb46SE.kq,,,
1360,Process,Flowchart Shapes/Containers,2,33,,,,,,,Check if planorgram has talker / dangler guidelines,,,,,,,,,,,,,,,,,,,,,,,,,,,,,,,,,,,,,,,,,,,,,,,,,,,,,,,,,,,,,,,,,,,,,,,,,,,,,,,,,,,,,,,,,,,,,,,,,9nEHLWvAHGAQ,,,
1361,Sticky note,Sticky Notes,2,33,,,,,,,"Check:
Entry visibility
Clear line of sight",,,,,,,,,,,,,,,,,,,,,,,,,,,,,,,,,,,,,,,,,,,,,,,,,,,,,,,,,,,,,,,,,,,,,,,,,,,,,,,,,,,,,,,,,,,,,,,,,xkyH6lh7nrL6,,,
1362,Terminator,Flowchart Shapes/Containers,2,33,,,,,,,Terminate process,,,,,,,,,,,,,,,,,,,,,,,,,,,,,,,,,,,,,,,,,,,,,,,,,,,,,,,,,,,,,,,,,,,,,,,,,,,,,,,,,,,,,,,,,,,,,,,,,SdFH-uKOx4Wb,,,
1363,Process,Flowchart Shapes/Containers,2,33,,,,,,,Product Communication,,,,,,,,,,,,,,,,,,,,,,,,,,,,,,,,,,,,,,,,,,,,,,,,,,,,,,,,,,,,,,,,,,,,,,,,,,,,,,,,,,,,,,,,,,,,,,,,,zZRHVImqMmHH,,,
1364,Sticky note,Sticky Notes,2,33,,,,,,,"Table top Plants  
Floor Plants  
Flowering Plants  
Gifting Range
Planters
Stands
Plant Care",,,,,,,,,,,,,,,,,,,,,,,,,,,,,,,,,,,,,,,,,,,,,,,,,,,,,,,,,,,,,,,,,,,,,,,,,,,,,,,,,,,,,,,,,,,,,,,,,TNTH4Sf2t2M0,,,
1365,Process,Flowchart Shapes/Containers,2,33,,,,,,,Offers Should be shown clearily,,,,,,,,,,,,,,,,,,,,,,,,,,,,,,,,,,,,,,,,,,,,,,,,,,,,,,,,,,,,,,,,,,,,,,,,,,,,,,,,,,,,,,,,,,,,,,,,,uJVHP5Vjgejx,,,
1366,Process,Flowchart Shapes/Containers,2,33,,,,,,,Offer Communication,,,,,,,,,,,,,,,,,,,,,,,,,,,,,,,,,,,,,,,,,,,,,,,,,,,,,,,,,,,,,,,,,,,,,,,,,,,,,,,,,,,,,,,,,,,,,,,,,uJVHIDuXfyGF,,,
1367,Sticky note,Sticky Notes,2,33,,,,,,,"Discount / scheme visible, example: 
Offer is simple & understandable
Clear CTA (eg, Buy 2 Get 1, Flat 20% Off)  
Easy to understand messaging, no confusion",,,,,,,,,,,,,,,,,,,,,,,,,,,,,,,,,,,,,,,,,,,,,,,,,,,,,,,,,,,,,,,,,,,,,,,,,,,,,,,,,,,,,,,,,,,,,,,,,uJVHDrpwhjYl,,,
1368,Decision,Flowchart Shapes/Containers,2,33,,,,,,,Is offer easy to understand in a single read?,,,,,,,,,,,,,,,,,,,,,,,,,,,,,,,,,,,,,,,,,,,,,,,,,,,,,,,,,,,,,,,,,,,,,,,,,,,,,,,,,,,,,,,,,,,,,,,,,uJVHLjlJ0fQq,,,
1369,Process,Flowchart Shapes/Containers,2,33,,,,,,,"Can be as: 
Discount 
 Bundle 
 Seasonal sale 
 Festive promotion",,,,,,,,,,,,,,,,,,,,,,,,,,,,,,,,,,,,,,,,,,,,,,,,,,,,,,,,,,,,,,,,,,,,,,,,,,,,,,,,,,,,,,,,,,,,,,,,,uJVH1MCYDzGq,,,
1370,Process,Flowchart Shapes/Containers,2,33,,,,,,,"Coordinate with design team:
Simplify wording  
 Redesign communication",,,,,,,,,,,,,,,,,,,,,,,,,,,,,,,,,,,,,,,,,,,,,,,,,,,,,,,,,,,,,,,,,,,,,,,,,,,,,,,,,,,,,,,,,,,,,,,,,uJVHurHjwpwV,,,
1371,Process,Flowchart Shapes/Containers,2,33,,,,,,,Check placement,,,,,,,,,,,,,,,,,,,,,,,,,,,,,,,,,,,,,,,,,,,,,,,,,,,,,,,,,,,,,,,,,,,,,,,,,,,,,,,,,,,,,,,,,,,,,,,,,uJVHxenDF7G1,,,
1372,Sticky note,Sticky Notes,2,33,,,,,,,"Near product  
 Entry visibility  ",,,,,,,,,,,,,,,,,,,,,,,,,,,,,,,,,,,,,,,,,,,,,,,,,,,,,,,,,,,,,,,,,,,,,,,,,,,,,,,,,,,,,,,,,,,,,,,,,uJVHmhWOAods,,,
1373,Decision,Flowchart Shapes/Containers,2,33,,,,,,,Is Product offer Linkage correct ? ,,,,,,,,,,,,,,,,,,,,,,,,,,,,,,,,,,,,,,,,,,,,,,,,,,,,,,,,,,,,,,,,,,,,,,,,,,,,,,,,,,,,,,,,,,,,,,,,,uJVHB0pknL4P,,,
1374,Process,Flowchart Shapes/Containers,2,33,,,,,,,Check talkers are placed with right Category,,,,,,,,,,,,,,,,,,,,,,,,,,,,,,,,,,,,,,,,,,,,,,,,,,,,,,,,,,,,,,,,,,,,,,,,,,,,,,,,,,,,,,,,,,,,,,,,,eeXHrsw8rZR8,,,
1375,Decision,Flowchart Shapes/Containers,2,33,,,,,,,Is Communication Correctly mapped to product?,,,,,,,,,,,,,,,,,,,,,,,,,,,,,,,,,,,,,,,,,,,,,,,,,,,,,,,,,,,,,,,,,,,,,,,,,,,,,,,,,,,,,,,,,,,,,,,,,LqXHBN54N4z_,,,
1376,Process,Flowchart Shapes/Containers,2,33,,,,,,,Click Pictures & send to AM,,,,,,,,,,,,,,,,,,,,,,,,,,,,,,,,,,,,,,,,,,,,,,,,,,,,,,,,,,,,,,,,,,,,,,,,,,,,,,,,,,,,,,,,,,,,,,,,,ksXHDxhstphp,,,
1377,Process,Flowchart Shapes/Containers,2,33,,,,,,,Re-arrange ,,,,,,,,,,,,,,,,,,,,,,,,,,,,,,,,,,,,,,,,,,,,,,,,,,,,,,,,,,,,,,,,,,,,,,,,,,,,,,,,,,,,,,,,,,,,,,,,,GsXHdsWMAM7J,,,
1378,Sticky note,Sticky Notes,2,33,,,,,,,"Product name  
Category (Indoor / Outdoor / Gifting / Premium)  
Care requirements (sunlight, water)  
Price range",,,,,,,,,,,,,,,,,,,,,,,,,,,,,,,,,,,,,,,,,,,,,,,,,,,,,,,,,,,,,,,,,,,,,,,,,,,,,,,,,,,,,,,,,,,,,,,,,ZaXHBxtx7Tni,,,
1379,Process,Flowchart Shapes/Containers,2,33,,,,,,,Check by Supervisor ,,,,,,,,,,,,,,,,,,,,,,,,,,,,,,,,,,,,,,,,,,,,,,,,,,,,,,,,,,,,,,,,,,,,,,,,,,,,,,,,,,,,,,,,,,,,,,,,,szXHqbVb1DMk,,,
1380,Decision,Flowchart Shapes/Containers,2,,,,,,,,Is benefits understood?,,,,,,,,,,,,,,,,,,,,,,,,,,,,,,,,,,,,,,,,,,,,,,,,,,,,,,,,,,,,,,,,,,,,,,,,,,,,,,,,,,,,,,,,,,,,,,,,,dNXHV3l-SUYK,,,
1381,Process,Flowchart Shapes/Containers,2,,,,,,,,Customer need Identification,,,,,,,,,,,,,,,,,,,,,,,,,,,,,,,,,,,,,,,,,,,,,,,,,,,,,,,,,,,,,,,,,,,,,,,,,,,,,,,,,,,,,,,,,,,,,,,,,0QXHjS5OLZ5J,,,
1382,Process,Flowchart Shapes/Containers,2,,,,,,,,?????,,,,,,,,,,,,,,,,,,,,,,,,,,,,,,,,,,,,,,,,,,,,,,,,,,,,,,,,,,,,,,,,,,,,,,,,,,,,,,,,,,,,,,,,,,,,,,,,,cRXHgeLtf6c5,,,
1383,Process,Flowchart Shapes/Containers,2,,,,,,,,"Product Recommendation
Storytelling
Sales pitch",,,,,,,,,,,,,,,,,,,,,,,,,,,,,,,,,,,,,,,,,,,,,,,,,,,,,,,,,,,,,,,,,,,,,,,,,,,,,,,,,,,,,,,,,,,,,,,,,8XXHu3cukKje,,,
1384,Sticky note,Sticky Notes,2,,,,,,,,"Walk-in- browsing
Intent Planning
??",,,,,,,,,,,,,,,,,,,,,,,,,,,,,,,,,,,,,,,,,,,,,,,,,,,,,,,,,,,,,,,,,,,,,,,,,,,,,,,,,,,,,,,,,,,,,,,,,LYXHg5PWfr0b,,,
1385,Decision,Flowchart Shapes/Containers,2,,,,,,,,Check Customer Confidence ,,,,,,,,,,,,,,,,,,,,,,,,,,,,,,,,,,,,,,,,,,,,,,,,,,,,,,,,,,,,,,,,,,,,,,,,,,,,,,,,,,,,,,,,,,,,,,,,,M3XHWl_j.tWV,,,
1386,Terminator,Flowchart Shapes/Containers,2,,,,,,,,Terminate process,,,,,,,,,,,,,,,,,,,,,,,,,,,,,,,,,,,,,,,,,,,,,,,,,,,,,,,,,,,,,,,,,,,,,,,,,,,,,,,,,,,,,,,,,,,,,,,,,d6XHQbS1DJYu,,,
1387,Process,Flowchart Shapes/Containers,2,,,,,,,,"Re-explain
Re-work on pitch",,,,,,,,,,,,,,,,,,,,,,,,,,,,,,,,,,,,,,,,,,,,,,,,,,,,,,,,,,,,,,,,,,,,,,,,,,,,,,,,,,,,,,,,,,,,,,,,,L6XH3QnV6pSO,,,
1388,Decision,Flowchart Shapes/Containers,2,33,,,,,,,Placement as per plan? ,,,,,,,,,,,,,,,,,,,,,,,,,,,,,,,,,,,,,,,,,,,,,,,,,,,,,,,,,,,,,,,,,,,,,,,,,,,,,,,,,,,,,,,,,,,,,,,,,kccIl9MP-Njh,,,
1389,Terminator,Flowchart Shapes/Containers,2,33,,,,,,,Terminate Process,,,,,,,,,,,,,,,,,,,,,,,,,,,,,,,,,,,,,,,,,,,,,,,,,,,,,,,,,,,,,,,,,,,,,,,,,,,,,,,,,,,,,,,,,,,,,,,,,BdcIkrqcT5pD,,,
1390,Process,Flowchart Shapes/Containers,2,33,,,,,,,Click pictures & send to AM,,,,,,,,,,,,,,,,,,,,,,,,,,,,,,,,,,,,,,,,,,,,,,,,,,,,,,,,,,,,,,,,,,,,,,,,,,,,,,,,,,,,,,,,,,,,,,,,,7qcI3AoiCO4r,,,
1391,Terminator,Flowchart Shapes/Containers,2,33,,,,,,,Terminate process,,,,,,,,,,,,,,,,,,,,,,,,,,,,,,,,,,,,,,,,,,,,,,,,,,,,,,,,,,,,,,,,,,,,,,,,,,,,,,,,,,,,,,,,,,,,,,,,,NrcI~q7pcIMt,,,
1392,Sticky note,Sticky Notes,2,33,,,,,,,"Offer clearly mapped to product  
 Customer knows “which product → which offer”",,,,,,,,,,,,,,,,,,,,,,,,,,,,,,,,,,,,,,,,,,,,,,,,,,,,,,,,,,,,,,,,,,,,,,,,,,,,,,,,,,,,,,,,,,,,,,,,,uJVHv9.qzfFH,,,
1393,Process,Flowchart Shapes/Containers,2,33,,,,,,,Re-arrange ,,,,,,,,,,,,,,,,,,,,,,,,,,,,,,,,,,,,,,,,,,,,,,,,,,,,,,,,,,,,,,,,,,,,,,,,,,,,,,,,,,,,,,,,,,,,,,,,,sscI07uTU81O,,,
1394,Process,Flowchart Shapes/Containers,2,33,,,,,,,Check by Supervisor ,,,,,,,,,,,,,,,,,,,,,,,,,,,,,,,,,,,,,,,,,,,,,,,,,,,,,,,,,,,,,,,,,,,,,,,,,,,,,,,,,,,,,,,,,,,,,,,,,sscIS4XE34EB,,,
1395,Process,Flowchart Shapes/Containers,2,,,,,,,,Re work Placement,,,,,,,,,,,,,,,,,,,,,,,,,,,,,,,,,,,,,,,,,,,,,,,,,,,,,,,,,,,,,,,,,,,,,,,,,,,,,,,,,,,,,,,,,,,,,,,,,GxcIHBUczzh1,,,
1396,Process,Flowchart Shapes/Containers,2,,,,,,,,Align with VM guidelines,,,,,,,,,,,,,,,,,,,,,,,,,,,,,,,,,,,,,,,,,,,,,,,,,,,,,,,,,,,,,,,,,,,,,,,,,,,,,,,,,,,,,,,,,,,,,,,,,GxcI4PM5f-PR,,,
1397,Process,Flowchart Shapes/Containers,2,,,,,,,,Re-check,,,,,,,,,,,,,,,,,,,,,,,,,,,,,,,,,,,,,,,,,,,,,,,,,,,,,,,,,,,,,,,,,,,,,,,,,,,,,,,,,,,,,,,,,,,,,,,,,GxcIJ1Xt.2Xk,,,
1398,Process,Flowchart Shapes/Containers,2,,,,,,,,Communication Visually  Clear to Customer ,,,,,,,,,,,,,,,,,,,,,,,,,,,,,,,,,,,,,,,,,,,,,,,,,,,,,,,,,,,,,,,,,,,,,,,,,,,,,,,,,,,,,,,,,,,,,,,,,GxcI3f8OR.5x,,,
1399,Sticky note,Sticky Notes,2,,,,,,,,"Easy to Understand 
Message Understandable 3-5 Sec
Not  Cluttered",,,,,,,,,,,,,,,,,,,,,,,,,,,,,,,,,,,,,,,,,,,,,,,,,,,,,,,,,,,,,,,,,,,,,,,,,,,,,,,,,,,,,,,,,,,,,,,,,GxcIY8SUILdC,,,
1400,Process,Flowchart Shapes/Containers,2,,,,,,,,Is there over-communication?,,,,,,,,,,,,,,,,,,,,,,,,,,,,,,,,,,,,,,,,,,,,,,,,,,,,,,,,,,,,,,,,,,,,,,,,,,,,,,,,,,,,,,,,,,,,,,,,,GxcI5oeBlrde,,,
1401,Process,Flowchart Shapes/Containers,2,,,,,,,,Reduce communication clutter  Keep 1 –2 strong messages ,,,,,,,,,,,,,,,,,,,,,,,,,,,,,,,,,,,,,,,,,,,,,,,,,,,,,,,,,,,,,,,,,,,,,,,,,,,,,,,,,,,,,,,,,,,,,,,,,GxcIb-5fH3Rf,,,
1402,Process,Flowchart Shapes/Containers,2,,,,,,,,"Check: 
 Too many danglers? 
 Too many messages? 
 Customer confusion?",,,,,,,,,,,,,,,,,,,,,,,,,,,,,,,,,,,,,,,,,,,,,,,,,,,,,,,,,,,,,,,,,,,,,,,,,,,,,,,,,,,,,,,,,,,,,,,,,GxcIN6.Kgnmc,,,
1403,Terminator,Flowchart Shapes/Containers,2,,,,,,,,Terminate  Process,,,,,,,,,,,,,,,,,,,,,,,,,,,,,,,,,,,,,,,,,,,,,,,,,,,,,,,,,,,,,,,,,,,,,,,,,,,,,,,,,,,,,,,,,,,,,,,,,GxcI2ABzC~yn,,,
1404,Process,Flowchart Shapes/Containers,2,33,,,,,,,Annual idea Target Minimum 6+ taken from NPD & social team,,,,,,,,,,,,,,,,,,,,,,,,,,,,,,,,,,,,,,,,,,,,,,,,,,,,,,,,,,,,,,,,,,,,,,,,,,,,,,,,,,,,,,,,,,,,,,,,,ZxcIQZRtwZE3,,,
1405,Decision,Flowchart Shapes/Containers,2,33,,,,,,,Check monthly  implementation,,,,,,,,,,,,,,,,,,,,,,,,,,,,,,,,,,,,,,,,,,,,,,,,,,,,,,,,,,,,,,,,,,,,,,,,,,,,,,,,,,,,,,,,,,,,,,,,,dEcIGY7JR32e,,,
1406,Process,Flowchart Shapes/Containers,2,33,,,,,,,AM to Escalate to AGM,,,,,,,,,,,,,,,,,,,,,,,,,,,,,,,,,,,,,,,,,,,,,,,,,,,,,,,,,,,,,,,,,,,,,,,,,,,,,,,,,,,,,,,,,,,,,,,,,iLcIndohEfKV,,,
1407,Process,Flowchart Shapes/Containers,2,33,,,,,,,Click Pictures & send to AM,,,,,,,,,,,,,,,,,,,,,,,,,,,,,,,,,,,,,,,,,,,,,,,,,,,,,,,,,,,,,,,,,,,,,,,,,,,,,,,,,,,,,,,,,,,,,,,,,HPcIE7I1~-NM,,,
1408,Decision,Flowchart Shapes/Containers,2,33,,,,,,,Placement as per plan? ,,,,,,,,,,,,,,,,,,,,,,,,,,,,,,,,,,,,,,,,,,,,,,,,,,,,,,,,,,,,,,,,,,,,,,,,,,,,,,,,,,,,,,,,,,,,,,,,,HPcIp.BUfWqB,,,
1409,Terminator,Flowchart Shapes/Containers,2,33,,,,,,,Terminate Process,,,,,,,,,,,,,,,,,,,,,,,,,,,,,,,,,,,,,,,,,,,,,,,,,,,,,,,,,,,,,,,,,,,,,,,,,,,,,,,,,,,,,,,,,,,,,,,,,HPcI8X1.hJs5,,,
1410,Process,Flowchart Shapes/Containers,2,33,,,,,,,Check by supervisor,,,,,,,,,,,,,,,,,,,,,,,,,,,,,,,,,,,,,,,,,,,,,,,,,,,,,,,,,,,,,,,,,,,,,,,,,,,,,,,,,,,,,,,,,,,,,,,,,dUcIsdULpc~D,,,
1411,Process,Flowchart Shapes/Containers,2,33,,,,,,,Re-arrange ,,,,,,,,,,,,,,,,,,,,,,,,,,,,,,,,,,,,,,,,,,,,,,,,,,,,,,,,,,,,,,,,,,,,,,,,,,,,,,,,,,,,,,,,,,,,,,,,,HPcIfdpHP7lI,,,
1412,Process,Flowchart Shapes/Containers,2,33,,,,,,,Arrange from NPD / design team,,,,,,,,,,,,,,,,,,,,,,,,,,,,,,,,,,,,,,,,,,,,,,,,,,,,,,,,,,,,,,,,,,,,,,,,,,,,,,,,,,,,,,,,,,,,,,,,,m6cIUFREvSXo,,,
1413,Process,Flowchart Shapes/Containers,2,31,,,,,,,Connect  with Area Manager,,,,,,,,,,,,,,,,,,,,,,,,,,,,,,,,,,,,,,,,,,,,,,,,,,,,,,,,,,,,,,,,,,,,,,,,,,,,,,,,,,,,,,,,,,,,,,,,,QmdIF-2WcOfy,,,
1414,LinkUnfurlBlock,,2,31,,,,,,,Brand Staff SOP.pdf,,,,,,,,,,,,,,,,,,,,,,,,,,,,,,,,,,,,,,,,,,,,,,,,,,,,,,,,,,,,,,,,,,,,,,,,,,,,,,,,,,,,,,,,,,,,,,,,,uleI09X.JImY,,,
1415,Sticky note,Sticky Notes,2,31,,,,,,,"Assign specific areas to improve
Set timelines to improve",,,,,,,,,,,,,,,,,,,,,,,,,,,,,,,,,,,,,,,,,,,,,,,,,,,,,,,,,,,,,,,,,,,,,,,,,,,,,,,,,,,,,,,,,,,,,,,,,1J7Fa5LOSx6W,,,
1416,Sticky note,Sticky Notes,2,31,,,,,,,"Identify gaps basis of training specific performance: 
Product Knowledge 
Communication 
Confidence 
Sales skills
Hygeine",,,,,,,,,,,,,,,,,,,,,,,,,,,,,,,,,,,,,,,,,,,,,,,,,,,,,,,,,,,,,,,,,,,,,,,,,,,,,,,,,,,,,,,,,,,,,,,,,OE7F5ug5KQIV,,,
1417,Sticky note,Sticky Notes,2,31,,,,,,,"Product Knowledge Test
 Sales  Pitch Test",,,,,,,,,,,,,,,,,,,,,,,,,,,,,,,,,,,,,,,,,,,,,,,,,,,,,,,,,,,,,,,,,,,,,,,,,,,,,,,,,,,,,,,,,,,,,,,,,VFHGDYKSglNf,,,
1418,Sticky note,Sticky Notes,2,31,,,,,,,"7 is not good, 8 requires conitnuous improvement, 9 and above is ok",,,,,,,,,,,,,,,,,,,,,,,,,,,,,,,,,,,,,,,,,,,,,,,,,,,,,,,,,,,,,,,,,,,,,,,,,,,,,,,,,,,,,,,,,,,,,,,,,vxGG2_ukVXZT,,,
1419,Decision,Flowchart Shapes/Containers,2,31,,,,,,,Satisfactory Rating in 45 days ? ,,,,,,,,,,,,,,,,,,,,,,,,,,,,,,,,,,,,,,,,,,,,,,,,,,,,,,,,,,,,,,,,,,,,,,,,,,,,,,,,,,,,,,,,,,,,,,,,,wReI2JgEKy5W,,,
1420,Terminator,Flowchart Shapes/Containers,2,31,,,,,,,Inform HR for termination,,,,,,,,,,,,,,,,,,,,,,,,,,,,,,,,,,,,,,,,,,,,,,,,,,,,,,,,,,,,,,,,,,,,,,,,,,,,,,,,,,,,,,,,,,,,,,,,,_ReIxsv1m6.J,,,
1421,Process,Flowchart Shapes/Containers,2,29,,,,,,,Deals Construct Provide by Partner,,,,,,,,,,,,,,,,,,,,,,,,,,,,,,,,,,,,,,,,,,,,,,,,,,,,,,,,,,,,,,,,,,,,,,,,,,,,,,,,,,,,,,,,,,,,,,,,,_cQI8yBdTesh,,,
1422,Sticky note,Sticky Notes,2,29,,,,,,,Attach deals  price calculation Excel sheet,,,,,,,,,,,,,,,,,,,,,,,,,,,,,,,,,,,,,,,,,,,,,,,,,,,,,,,,,,,,,,,,,,,,,,,,,,,,,,,,,,,,,,,,,,,,,,,,,mhQI-HVbip.j,,,
1423,Process,Flowchart Shapes/Containers,2,29,,,,,,,Check Deals with Platform Partner ,,,,,,,,,,,,,,,,,,,,,,,,,,,,,,,,,,,,,,,,,,,,,,,,,,,,,,,,,,,,,,,,,,,,,,,,,,,,,,,,,,,,,,,,,,,,,,,,,bnQIfBv8JPVD,,,
1424,Process,Flowchart Shapes/Containers,2,29,,,,,,,Check Deals Construct:,,,,,,,,,,,,,,,,,,,,,,,,,,,,,,,,,,,,,,,,,,,,,,,,,,,,,,,,,,,,,,,,,,,,,,,,,,,,,,,,,,,,,,,,,,,,,,,,,OxQIHOmRJjpM,,,
1425,Sticky note,Sticky Notes,2,29,,,,,,,"Deal Pricing Strategy & Discount Calculation Framework  Find below the structured approach for evaluating and executing deal pricing across SKUs: 
Deal Constructs to be Evaluated
Under 199 pricing 
BOGO( Buy One Get One) 
Minimum 50% off
Flash Sale @99 
Event-based pricing (e.g T20 Deals @Rs 20
2. Target Price Feasibility 
Assess if pricing can be optimized to key psychological price points: 
 ₹69 / ₹79 / ₹99 
Evaluate margin impact and viability before finalizing  
3.  Deal Price Calculation 
 Attach detailed Excel with: 

4. Competition Prices
 Analyze current market pricing for each SKU 
 Identify L1 (lowest price) across platforms 
 Evaluate if additional discounting can: 
 Undercut L1 pricing 
 Align with partner/platform expectations 
5. SKU-Level Discount Communication 
Share SKU-wise absolute discount values via email  
Example: 
BAU SP: ₹100 
Deal Price: ₹49 
Absolute Discount: ₹51 
Discount %: 51%  
6. Deliverables   
Deals pricing Excel (attached) with complete calculations ",,,,,,,,,,,,,,,,,,,,,,,,,,,,,,,,,,,,,,,,,,,,,,,,,,,,,,,,,,,,,,,,,,,,,,,,,,,,,,,,,,,,,,,,,,,,,,,,,YBQI.-xC5iMR,,,
1426,Process,Flowchart Shapes/Containers,2,23|34,,,,,,,????,,,,,,,,,,,,,,,,,,,,,,,,,,,,,,,,,,,,,,,,,,,,,,,,,,,,,,,,,,,,,,,,,,,,,,,,,,,,,,,,,,,,,,,,,,,,,,,,,cUYJJarB.hwg,,COLUMN,ROW
1427,Process,Flowchart Shapes/Containers,2,23|34,,,,,,,SLA -   Alternative days  within 45 mins,,,,,,,,,,,,,,,,,,,,,,,,,,,,,,,,,,,,,,,,,,,,,,,,,,,,,,,,,,,,,,,,,,,,,,,,,,,,,,,,,,,,,,,,,,,,,,,,,nUYJteIflKk~,,,
1428,Process,Flowchart Shapes/Containers,2,23|34,,,,,,,Screening & Evaluation,,,,,,,,,,,,,,,,,,,,,,,,,,,,,,,,,,,,,,,,,,,,,,,,,,,,,,,,,,,,,,,,,,,,,,,,,,,,,,,,,,,,,,,,,,,,,,,,,8VYJ5LCpbWnA,,,
1429,Process,Flowchart Shapes/Containers,2,23|34,,,,,,,Market Demand,,,,,,,,,,,,,,,,,,,,,,,,,,,,,,,,,,,,,,,,,,,,,,,,,,,,,,,,,,,,,,,,,,,,,,,,,,,,,,,,,,,,,,,,,,,,,,,,,6WYJUrBacrhG,,,
1430,Process,Flowchart Shapes/Containers,2,23|34,,,,,,,Sales Potential	,,,,,,,,,,,,,,,,,,,,,,,,,,,,,,,,,,,,,,,,,,,,,,,,,,,,,,,,,,,,,,,,,,,,,,,,,,,,,,,,,,,,,,,,,,,,,,,,,3ZYJU0kx1z1C,,,
1431,Process,Flowchart Shapes/Containers,2,23|34,,,,,,,Competition,,,,,,,,,,,,,,,,,,,,,,,,,,,,,,,,,,,,,,,,,,,,,,,,,,,,,,,,,,,,,,,,,,,,,,,,,,,,,,,,,,,,,,,,,,,,,,,,,A1YJ-LuWsYJJ,,,
1432,Process,Flowchart Shapes/Containers,2,23|34,,,,,,,Pricing,,,,,,,,,,,,,,,,,,,,,,,,,,,,,,,,,,,,,,,,,,,,,,,,,,,,,,,,,,,,,,,,,,,,,,,,,,,,,,,,,,,,,,,,,,,,,,,,,B3YJi4TbWNmI,,,
1433,Process,Flowchart Shapes/Containers,2,23|34,,,,,,,Margins,,,,,,,,,,,,,,,,,,,,,,,,,,,,,,,,,,,,,,,,,,,,,,,,,,,,,,,,,,,,,,,,,,,,,,,,,,,,,,,,,,,,,,,,,,,,,,,,,​-3YJShmmjY1t,,,
1434,Process,Flowchart Shapes/Containers,2,23|34,,,,,,,Seasonality,,,,,,,,,,,,,,,,,,,,,,,,,,,,,,,,,,,,,,,,,,,,,,,,,,,,,,,,,,,,,,,,,,,,,,,,,,,,,,,,,,,,,,,,,,,,,,,,,E5YJG0uR51rr,,,
1435,Process,Flowchart Shapes/Containers,2,23|34,,,,,,,Total addressable market (TAM) through deep research as per category,,,,,,,,,,,,,,,,,,,,,,,,,,,,,,,,,,,,,,,,,,,,,,,,,,,,,,,,,,,,,,,,,,,,,,,,,,,,,,,,,,,,,,,,,,,,,,,,,i7YJNwvaSXL9,,,
1436,Sticky note,Sticky Notes,2,23|34,,,,,,,"Total Addressable Market (TAM) refers to the total revenue opportunity available for a product or service if it captures 100% of the market demand within a defined category, geography, and customer segment.",,,,,,,,,,,,,,,,,,,,,,,,,,,,,,,,,,,,,,,,,,,,,,,,,,,,,,,,,,,,,,,,,,,,,,,,,,,,,,,,,,,,,,,,,,,,,,,,,RlZJofSFJFkc,,,
1437,Process,Flowchart Shapes/Containers,2,23|34,,,,,,,Product level market reserach as per gobal trend to establish leaders & trends,,,,,,,,,,,,,,,,,,,,,,,,,,,,,,,,,,,,,,,,,,,,,,,,,,,,,,,,,,,,,,,,,,,,,,,,,,,,,,,,,,,,,,,,,,,,,,,,,HtZJDTr7~_J_,,,
1438,Decision,Flowchart Shapes/Containers,2,23|34,,,,,,,Is it already being sourced/produced in India ?,,,,,,,,,,,,,,,,,,,,,,,,,,,,,,,,,,,,,,,,,,,,,,,,,,,,,,,,,,,,,,,,,,,,,,,,,,,,,,,,,,,,,,,,,,,,,,,,,rwZJBEhWI3wT,,,
1439,Process,Flowchart Shapes/Containers,2,23|34,,,,,,,"Decide: 
If existing product has potential or innovate as per need",,,,,,,,,,,,,,,,,,,,,,,,,,,,,,,,,,,,,,,,,,,,,,,,,,,,,,,,,,,,,,,,,,,,,,,,,,,,,,,,,,,,,,,,,,,,,,,,,TxZJTAeSqkTv,,,
1440,Process,Flowchart Shapes/Containers,2,23|34,,,,,,,Identify market leaders if existing product,,,,,,,,,,,,,,,,,,,,,,,,,,,,,,,,,,,,,,,,,,,,,,,,,,,,,,,,,,,,,,,,,,,,,,,,,,,,,,,,,,,,,,,,,,,,,,,,,qFZJWrpXgyX_,,,
1441,Process,Flowchart Shapes/Containers,2,23|34,,,,,,,Identify Sourcing Channels,,,,,,,,,,,,,,,,,,,,,,,,,,,,,,,,,,,,,,,,,,,,,,,,,,,,,,,,,,,,,,,,,,,,,,,,,,,,,,,,,,,,,,,,,,,,,,,,,4HZJ4sXl8x_Q,,,
1442,Process,Flowchart Shapes/Containers,2,23|34,,,,,,,Products are perishable in nature,,,,,,,,,,,,,,,,,,,,,,,,,,,,,,,,,,,,,,,,,,,,,,,,,,,,,,,,,,,,,,,,,,,,,,,,,,,,,,,,,,,,,,,,,,,,,,,,,YJZJ3ifhc6c7,,,
1443,Process,Flowchart Shapes/Containers,2,23|34,,,,,,,"Check Sales Trend on leading  platform (HC, AMZ, BLT)",,,,,,,,,,,,,,,,,,,,,,,,,,,,,,,,,,,,,,,,,,,,,,,,,,,,,,,,,,,,,,,,,,,,,,,,,,,,,,,,,,,,,,,,,,,,,,,,,61ZJLi~Dhr11,,,
1444,Process,Flowchart Shapes/Containers,2,23|34,,,,,,,Check SP & estimated CM	,,,,,,,,,,,,,,,,,,,,,,,,,,,,,,,,,,,,,,,,,,,,,,,,,,,,,,,,,,,,,,,,,,,,,,,,,,,,,,,,,,,,,,,,,,,,,,,,,o.ZJYiR80dc5,,,
1445,Process,Flowchart Shapes/Containers,2,23|34,,,,,,,COGS should be 25%of SP,,,,,,,,,,,,,,,,,,,,,,,,,,,,,,,,,,,,,,,,,,,,,,,,,,,,,,,,,,,,,,,,,,,,,,,,,,,,,,,,,,,,,,,,,,,,,,,,,e~ZJmZlxnvxx,,,
1446,Process,Flowchart Shapes/Containers,2,23|34,,,,,,,Proceed to design,,,,,,,,,,,,,,,,,,,,,,,,,,,,,,,,,,,,,,,,,,,,,,,,,,,,,,,,,,,,,,,,,,,,,,,,,,,,,,,,,,,,,,,,,,,,,,,,,F~ZJee0xkqCJ,,,
1447,Process,Flowchart Shapes/Containers,2,23|34,,,,,,,Shelf,,,,,,,,,,,,,,,,,,,,,,,,,,,,,,,,,,,,,,,,,,,,,,,,,,,,,,,,,,,,,,,,,,,,,,,,,,,,,,,,,,,,,,,,,,,,,,,,,na0JK4yksne3,,,
1448,Process,Flowchart Shapes/Containers,2,23|34,,,,,,,Check if Product launch timelines are geographically suitable for GTM,,,,,,,,,,,,,,,,,,,,,,,,,,,,,,,,,,,,,,,,,,,,,,,,,,,,,,,,,,,,,,,,,,,,,,,,,,,,,,,,,,,,,,,,,,,,,,,,,zd0JCGQ181UB,,,
1449,Process,Flowchart Shapes/Containers,2,30,,,,,,,Provide alternate or arrange stock,,,,,,,,,,,,,,,,,,,,,,,,,,,,,,,,,,,,,,,,,,,,,,,,,,,,,,,,,,,,,,,,,,,,,,,,,,,,,,,,,,,,,,,,,,,,,,,,,tO0J-kK5dpG-,,,
1450,Decision,Flowchart Shapes/Containers,2,32,,,,,,,daily check SLA,,,,,,,,,,,,,,,,,,,,,,,,,,,,,,,,,,,,,,,,,,,,,,,,,,,,,,,,,,,,,,,,,,,,,,,,,,,,,,,,,,,,,,,,,,,,,,,,,kk1JSopoeZFQ,,,
1451,Process,Flowchart Shapes/Containers,2,32,,,,,,,action as per pciture not received  or incorrect VM,,,,,,,,,,,,,,,,,,,,,,,,,,,,,,,,,,,,,,,,,,,,,,,,,,,,,,,,,,,,,,,,,,,,,,,,,,,,,,,,,,,,,,,,,,,,,,,,,ro1Jn3gCWhWT,,,
1452,Text,Standard,2,33,,,,,,,7 days reslution SLA,,,,,,,,,,,,,,,,,,,,,,,,,,,,,,,,,,,,,,,,,,,,,,,,,,,,,,,,,,,,,,,,,,,,,,,,,,,,,,,,,,,,,,,,,,,,,,,,,9v1JSItETn8J,,,
1453,Process,Flowchart Shapes/Containers,2,33,,,,,,,escalate to CEO 15 days SLA,,,,,,,,,,,,,,,,,,,,,,,,,,,,,,,,,,,,,,,,,,,,,,,,,,,,,,,,,,,,,,,,,,,,,,,,,,,,,,,,,,,,,,,,,,,,,,,,,Dy1JwhLIo8mX,,,
1454,Process,Flowchart Shapes/Containers,2,33,,,,,,,"via O2O, plant family level",,,,,,,,,,,,,,,,,,,,,,,,,,,,,,,,,,,,,,,,,,,,,,,,,,,,,,,,,,,,,,,,,,,,,,,,,,,,,,,,,,,,,,,,,,,,,,,,,dB1J9ysqUqm7,,,
1455,Process,Flowchart Shapes/Containers,2,30,,,,,,,Check MDQ,,,,,,,,,,,,,,,,,,,,,,,,,,,,,,,,,,,,,,,,,,,,,,,,,,,,,,,,,,,,,,,,,,,,,,,,,,,,,,,,,,,,,,,,,,,,,,,,,7t2JJMoPq3Wf,,,
1456,Process,Flowchart Shapes/Containers,2,30,,,,,,,Check Sales trend at DRR,,,,,,,,,,,,,,,,,,,,,,,,,,,,,,,,,,,,,,,,,,,,,,,,,,,,,,,,,,,,,,,,,,,,,,,,,,,,,,,,,,,,,,,,,,,,,,,,,FA2JbzCilfkg,,,
1457,Process,Flowchart Shapes/Containers,2,30,,,,,,,Calculate DOC,,,,,,,,,,,,,,,,,,,,,,,,,,,,,,,,,,,,,,,,,,,,,,,,,,,,,,,,,,,,,,,,,,,,,,,,,,,,,,,,,,,,,,,,,,,,,,,,,lC2JCfz.ZU3g,,,
1458,Sticky note,Sticky Notes,2,30,,,,,,,Formula: DOC=SOS/ DRR,,,,,,,,,,,,,,,,,,,,,,,,,,,,,,,,,,,,,,,,,,,,,,,,,,,,,,,,,,,,,,,,,,,,,,,,,,,,,,,,,,,,,,,,,,,,,,,,,yD2Jdpg73fQE,,,
1459,Process,Flowchart Shapes/Containers,2,30,,,,,,,Attach Store level MDQ list,,,,,,,,,,,,,,,,,,,,,,,,,,,,,,,,,,,,,,,,,,,,,,,,,,,,,,,,,,,,,,,,,,,,,,,,,,,,,,,,,,,,,,,,,,,,,,,,,ZD2JQ0duX1ki,,,
1460,Block,Standard,2,30,,,,,,,Reviewed monthly/ quarterly,,,,,,,,,,,,,,,,,,,,,,,,,,,,,,,,,,,,,,,,,,,,,,,,,,,,,,,,,,,,,,,,,,,,,,,,,,,,,,,,,,,,,,,,,,,,,,,,,x52J_fNem6Dz,,,
1461,Process,Flowchart Shapes/Containers,2,23,,,,,,,Ready  for  GTM,,,,,,,,,,,,,,,,,,,,,,,,,,,,,,,,,,,,,,,,,,,,,,,,,,,,,,,,,,,,,,,,,,,,,,,,,,,,,,,,,,,,,,,,,,,,,,,,,xf4JbLbd-Zwf,,,
1462,Process,Flowchart Shapes/Containers,2,35,,,,,,,Keyword Ranking,,,,,,,,,,,,,,,,,,,,,,,,,,,,,,,,,,,,,,,,,,,,,,,,,,,,,,,,,,,,,,,,,,,,,,,,,,,,,,,,,,,,,,,,,,,,,,,,,4keKlk_UHigW,,,
1463,Process,Flowchart Shapes/Containers,2,35,,,,,,,Cross Category tagging,,,,,,,,,,,,,,,,,,,,,,,,,,,,,,,,,,,,,,,,,,,,,,,,,,,,,,,,,,,,,,,,,,,,,,,,,,,,,,,,,,,,,,,,,,,,,,,,,MleKGGKDdYoT,,,
1464,Process,Flowchart Shapes/Containers,2,35,,,,,,,FOC visibilty by partner,,,,,,,,,,,,,,,,,,,,,,,,,,,,,,,,,,,,,,,,,,,,,,,,,,,,,,,,,,,,,,,,,,,,,,,,,,,,,,,,,,,,,,,,,,,,,,,,,SleKqrPoCoM9,,,
1465,Sticky note,Sticky Notes,2,35,,,,,,,"Ensure product is tagged across: 
 Indoor plants 
 Gifting 
 Air purifying 
 Home decor",,,,,,,,,,,,,,,,,,,,,,,,,,,,,,,,,,,,,,,,,,,,,,,,,,,,,,,,,,,,,,,,,,,,,,,,,,,,,,,,,,,,,,,,,,,,,,,,,mAeKBOdFmIe1,,,
1466,Process,Flowchart Shapes/Containers,2,35,,,,,,,"Monitor  
Check manually on partner apps
Extra checks during: 
Events (Diwali, Valentine’s, etc.) 
 Sale days",,,,,,,,,,,,,,,,,,,,,,,,,,,,,,,,,,,,,,,,,,,,,,,,,,,,,,,,,,,,,,,,,,,,,,,,,,,,,,,,,,,,,,,,,,,,,,,,,r6eK_Lqkb0s2,,,
1467,Decision,Flowchart Shapes/Containers,2,35,,,,,,,"Track: 
Impressions 
Listing placement 
Click visibility",,,,,,,,,,,,,,,,,,,,,,,,,,,,,,,,,,,,,,,,,,,,,,,,,,,,,,,,,,,,,,,,,,,,,,,,,,,,,,,,,,,,,,,,,,,,,,,,,3wfKjICk7IYI,,,
1468,Decision,Flowchart Shapes/Containers,2,35,,,,,,,"Manual Validation: 
Search product in relevant categories/pages 
Confirm visibility placement",,,,,,,,,,,,,,,,,,,,,,,,,,,,,,,,,,,,,,,,,,,,,,,,,,,,,,,,,,,,,,,,,,,,,,,,,,,,,,,,,,,,,,,,,,,,,,,,,O2fKB0ZLL_IK,,,
1469,Process,Flowchart Shapes/Containers,2,35,,,,,,,Continue Monitoring,,,,,,,,,,,,,,,,,,,,,,,,,,,,,,,,,,,,,,,,,,,,,,,,,,,,,,,,,,,,,,,,,,,,,,,,,,,,,,,,,,,,,,,,,,,,,,,,,l4fKAHmt34PW,,,
1470,Process,Flowchart Shapes/Containers,2,35,,,,,,,Re-tag & Optimize Category Mapping,,,,,,,,,,,,,,,,,,,,,,,,,,,,,,,,,,,,,,,,,,,,,,,,,,,,,,,,,,,,,,,,,,,,,,,,,,,,,,,,,,,,,,,,,,,,,,,,,34fK7mYnmgl2,,,
1471,Process,Flowchart Shapes/Containers,2,35,,,,,,,Follow up with partner,,,,,,,,,,,,,,,,,,,,,,,,,,,,,,,,,,,,,,,,,,,,,,,,,,,,,,,,,,,,,,,,,,,,,,,,,,,,,,,,,,,,,,,,,,,,,,,,,g7fKOzuWzbiO,,,
1472,Process,Flowchart Shapes/Containers,2,35,,,,,,,"Focus: 
Improve keyword ranking 
Strengthen category presence 
Increase organic impressions",,,,,,,,,,,,,,,,,,,,,,,,,,,,,,,,,,,,,,,,,,,,,,,,,,,,,,,,,,,,,,,,,,,,,,,,,,,,,,,,,,,,,,,,,,,,,,,,,AmgKa_QbN-UJ,,,
1473,Terminator,Flowchart Shapes/Containers,2,35,,,,,,,"Optimized Organic Visibility:
 Top search results 
 Relevant categories 
 Partner visibility sections",,,,,,,,,,,,,,,,,,,,,,,,,,,,,,,,,,,,,,,,,,,,,,,,,,,,,,,,,,,,,,,,,,,,,,,,,,,,,,,,,,,,,,,,,,,,,,,,,iogKzSLhaX6x,,,
1474,Block,Standard,2,35,,,,,,,Weekly/ During Campaigns /events,,,,,,,,,,,,,,,,,,,,,,,,,,,,,,,,,,,,,,,,,,,,,,,,,,,,,,,,,,,,,,,,,,,,,,,,,,,,,,,,,,,,,,,,,,,,,,,,,fpgKGYPOR9bQ,,,
1475,Process,Flowchart Shapes/Containers,2,35,,,,,,,SLA-,,,,,,,,,,,,,,,,,,,,,,,,,,,,,,,,,,,,,,,,,,,,,,,,,,,,,,,,,,,,,,,,,,,,,,,,,,,,,,,,,,,,,,,,,,,,,,,,,GtgKXQt3zn_2,,,
1476,Process,Flowchart Shapes/Containers,2,35,,,,,,,Primary Responsibility -     I  Secondary  Responsibility -,,,,,,,,,,,,,,,,,,,,,,,,,,,,,,,,,,,,,,,,,,,,,,,,,,,,,,,,,,,,,,,,,,,,,,,,,,,,,,,,,,,,,,,,,,,,,,,,,XtgKPxCh~fqV,,,
1477,Block,Standard,2,35,,,,,,,Weekly/ During Campaigns /events,,,,,,,,,,,,,,,,,,,,,,,,,,,,,,,,,,,,,,,,,,,,,,,,,,,,,,,,,,,,,,,,,,,,,,,,,,,,,,,,,,,,,,,,,,,,,,,,,gwgKbyapupPl,,,
1478,Process,Flowchart Shapes/Containers,2,36,,,,,,,discuss with annu,,,,,,,,,,,,,,,,,,,,,,,,,,,,,,,,,,,,,,,,,,,,,,,,,,,,,,,,,,,,,,,,,,,,,,,,,,,,,,,,,,,,,,,,,,,,,,,,,bTgKaEpoKaZu,,,
1479,Decision,Flowchart Shapes/Containers,2,29,,,,,,,Approve by AGM / CEO,,,,,,,,,,,,,,,,,,,,,,,,,,,,,,,,,,,,,,,,,,,,,,,,,,,,,,,,,,,,,,,,,,,,,,,,,,,,,,,,,,,,,,,,,,,,,,,,,xjiKsAqqLaZX,,,
1480,Process,Flowchart Shapes/Containers,2,29,,,,,,,Move to Upload,,,,,,,,,,,,,,,,,,,,,,,,,,,,,,,,,,,,,,,,,,,,,,,,,,,,,,,,,,,,,,,,,,,,,,,,,,,,,,,,,,,,,,,,,,,,,,,,,SDiK3eyZ6y6U,,,
1481,Process,Flowchart Shapes/Containers,2,29,,,,,,,Re-work,,,,,,,,,,,,,,,,,,,,,,,,,,,,,,,,,,,,,,,,,,,,,,,,,,,,,,,,,,,,,,,,,,,,,,,,,,,,,,,,,,,,,,,,,,,,,,,,,4DiKmyGTlFSE,,,
1482,Process,Flowchart Shapes/Containers,2,29,,,,,,,Share with Partner,,,,,,,,,,,,,,,,,,,,,,,,,,,,,,,,,,,,,,,,,,,,,,,,,,,,,,,,,,,,,,,,,,,,,,,,,,,,,,,,,,,,,,,,,,,,,,,,,SEiK~OQEQekU,,,
1483,Process,Flowchart Shapes/Containers,2,29,,,,,,,Partner to Approve,,,,,,,,,,,,,,,,,,,,,,,,,,,,,,,,,,,,,,,,,,,,,,,,,,,,,,,,,,,,,,,,,,,,,,,,,,,,,,,,,,,,,,,,,,,,,,,,,wJiKXsr2YZd4,,,
1484,Process,Flowchart Shapes/Containers,2,29,,,,,,,NG Curates,,,,,,,,,,,,,,,,,,,,,,,,,,,,,,,,,,,,,,,,,,,,,,,,,,,,,,,,,,,,,,,,,,,,,,,,,,,,,,,,,,,,,,,,,,,,,,,,,pOiKpJr9cbO-,,,
1485,Process,Flowchart Shapes/Containers,2,29,,,,,,,"Check CM, SP, TP, Customer likeness after Competition Mapping",,,,,,,,,,,,,,,,,,,,,,,,,,,,,,,,,,,,,,,,,,,,,,,,,,,,,,,,,,,,,,,,,,,,,,,,,,,,,,,,,,,,,,,,,,,,,,,,,MQiKq53cKb8R,,,
1486,Process,Flowchart Shapes/Containers,2,29,,,,,,,Check if discount from TP can be absorbed within marketing / ads budget,,,,,,,,,,,,,,,,,,,,,,,,,,,,,,,,,,,,,,,,,,,,,,,,,,,,,,,,,,,,,,,,,,,,,,,,,,,,,,,,,,,,,,,,,,,,,,,,,gRiK4QQ2GNe4,,,
1487,Decision,Flowchart Shapes/Containers,2,29,,,,,,,Approve by AGM / CEO,,,,,,,,,,,,,,,,,,,,,,,,,,,,,,,,,,,,,,,,,,,,,,,,,,,,,,,,,,,,,,,,,,,,,,,,,,,,,,,,,,,,,,,,,,,,,,,,,mRiK4dtQrG9.,,,
1488,Process,Flowchart Shapes/Containers,2,29,,,,,,,Re-work ,,,,,,,,,,,,,,,,,,,,,,,,,,,,,,,,,,,,,,,,,,,,,,,,,,,,,,,,,,,,,,,,,,,,,,,,,,,,,,,,,,,,,,,,,,,,,,,,,DSiKwyy22G2z,,,
1489,Process,Flowchart Shapes/Containers,2,29,,,,,,,Share with Partner,,,,,,,,,,,,,,,,,,,,,,,,,,,,,,,,,,,,,,,,,,,,,,,,,,,,,,,,,,,,,,,,,,,,,,,,,,,,,,,,,,,,,,,,,,,,,,,,,pTiKFkHhVuzF,,,
1490,Process,Flowchart Shapes/Containers,2,29,,,,,,,Partner to Approve,,,,,,,,,,,,,,,,,,,,,,,,,,,,,,,,,,,,,,,,,,,,,,,,,,,,,,,,,,,,,,,,,,,,,,,,,,,,,,,,,,,,,,,,,,,,,,,,,ETiKbsEqWMHS,,,
1491,Process,Flowchart Shapes/Containers,2,29,,,,,,,Discount Upload,,,,,,,,,,,,,,,,,,,,,,,,,,,,,,,,,,,,,,,,,,,,,,,,,,,,,,,,,,,,,,,,,,,,,,,,,,,,,,,,,,,,,,,,,,,,,,,,,_TiKX1UuuTnq,,,
1492,Process,Flowchart Shapes/Containers,2,29,,,,,,,Sir yeh dono steps samaj nahi aaye???,,,,,,,,,,,,,,,,,,,,,,,,,,,,,,,,,,,,,,,,,,,,,,,,,,,,,,,,,,,,,,,,,,,,,,,,,,,,,,,,,,,,,,,,,,,,,,,,,OXiKS3zbsjrj,,,
1493,Process,Flowchart Shapes/Containers,2,29,,,,,,,Insta Mart,,,,,,,,,,,,,,,,,,,,,,,,,,,,,,,,,,,,,,,,,,,,,,,,,,,,,,,,,,,,,,,,,,,,,,,,,,,,,,,,,,,,,,,,,,,,,,,,,00iKCCLumCWC,,,
1494,Process,Flowchart Shapes/Containers,2,29,,,,,,,Blinkit,,,,,,,,,,,,,,,,,,,,,,,,,,,,,,,,,,,,,,,,,,,,,,,,,,,,,,,,,,,,,,,,,,,,,,,,,,,,,,,,,,,,,,,,,,,,,,,,,s1iK50..iKY3,,,
1495,Process,Flowchart Shapes/Containers,2,29,,,,,,,Zepto,,,,,,,,,,,,,,,,,,,,,,,,,,,,,,,,,,,,,,,,,,,,,,,,,,,,,,,,,,,,,,,,,,,,,,,,,,,,,,,,,,,,,,,,,,,,,,,,,I1iKa0D.ySQR,,,
1496,Process,Flowchart Shapes/Containers,2,29,,,,,,,Bigbasket,,,,,,,,,,,,,,,,,,,,,,,,,,,,,,,,,,,,,,,,,,,,,,,,,,,,,,,,,,,,,,,,,,,,,,,,,,,,,,,,,,,,,,,,,,,,,,,,,M1iKSWhoJgZT,,,
1497,Process,Flowchart Shapes/Containers,2,29,,,,,,,Directly Mail   to POC,,,,,,,,,,,,,,,,,,,,,,,,,,,,,,,,,,,,,,,,,,,,,,,,,,,,,,,,,,,,,,,,,,,,,,,,,,,,,,,,,,,,,,,,,,,,,,,,,29iKehb-bRsD,,,
1498,Process,Flowchart Shapes/Containers,2,37,,,,,,,Listing Performance Monitoring,,,,,,,,,,,,,,,,,,,,,,,,,,,,,,,,,,,,,,,,,,,,,,,,,,,,,,,,,,,,,,,,,,,,,,,,,,,,,,,,,,,,,,,,,,,,,,,,,eUjKlzymFL2q,,COLUMN,ROW
1499,Decision,Flowchart Shapes/Containers,2,37,,,,,,,Is complaint % > 2% ,,,,,,,,,,,,,,,,,,,,,,,,,,,,,,,,,,,,,,,,,,,,,,,,,,,,,,,,,,,,,,,,,,,,,,,,,,,,,,,,,,,,,,,,,,,,,,,,,p8pKe0lXfkyy,,COLUMN,ROW
1500,Terminator,Flowchart Shapes/Containers,2,37,,,,,,,Continue Monitoring,,,,,,,,,,,,,,,,,,,,,,,,,,,,,,,,,,,,,,,,,,,,,,,,,,,,,,,,,,,,,,,,,,,,,,,,,,,,,,,,,,,,,,,,,,,,,,,,,A-pKOTuHNAli,,COLUMN,ROW
1501,Process,Flowchart Shapes/Containers,2,37,,,,,,,Go for RCA,,,,,,,,,,,,,,,,,,,,,,,,,,,,,,,,,,,,,,,,,,,,,,,,,,,,,,,,,,,,,,,,,,,,,,,,,,,,,,,,,,,,,,,,,,,,,,,,,.-pKQWLITT3b,,COLUMN,ROW
1502,Block,Standard,2,37,,,,,,,Weekly ,,,,,,,,,,,,,,,,,,,,,,,,,,,,,,,,,,,,,,,,,,,,,,,,,,,,,,,,,,,,,,,,,,,,,,,,,,,,,,,,,,,,,,,,,,,,,,,,,IaqKd_dmxgdh,,COLUMN,ROW
1503,Process,Flowchart Shapes/Containers,2,37,,,,,,,Po trend Analysis,,,,,,,,,,,,,,,,,,,,,,,,,,,,,,,,,,,,,,,,,,,,,,,,,,,,,,,,,,,,,,,,,,,,,,,,,,,,,,,,,,,,,,,,,,,,,,,,,keqKGouKMjDi,,COLUMN,ROW
1504,Decision,Flowchart Shapes/Containers,2,37,,,,,,,PO being generated?,,,,,,,,,,,,,,,,,,,,,,,,,,,,,,,,,,,,,,,,,,,,,,,,,,,,,,,,,,,,,,,,,,,,,,,,,,,,,,,,,,,,,,,,,,,,,,,,,8eqKBwsmkv1y,,COLUMN,ROW
1505,Process,Flowchart Shapes/Containers,2,37,,,,,,,Escalate to partner,,,,,,,,,,,,,,,,,,,,,,,,,,,,,,,,,,,,,,,,,,,,,,,,,,,,,,,,,,,,,,,,,,,,,,,,,,,,,,,,,,,,,,,,,,,,,,,,,qgqK3aUo3DZV,,COLUMN,ROW
1506,Process,Flowchart Shapes/Containers,2,37,,,,,,,PO available,,,,,,,,,,,,,,,,,,,,,,,,,,,,,,,,,,,,,,,,,,,,,,,,,,,,,,,,,,,,,,,,,,,,,,,,,,,,,,,,,,,,,,,,,,,,,,,,,tgqKrEyV2nT_,,COLUMN,ROW
1507,Process,Flowchart Shapes/Containers,2,37,,,,,,,"Check for Tech Glitch at Partner End 
If all metrics are fine but issue persists 
Raise technical issue with partner",,,,,,,,,,,,,,,,,,,,,,,,,,,,,,,,,,,,,,,,,,,,,,,,,,,,,,,,,,,,,,,,,,,,,,,,,,,,,,,,,,,,,,,,,,,,,,,,,pnqKIjw_LGb.,,COLUMN,ROW
1508,Sticky note,Sticky Notes,2,37,,,,,,,Do RCA ??? How & Discuss with partner  ,,,,,,,,,,,,,,,,,,,,,,,,,,,,,,,,,,,,,,,,,,,,,,,,,,,,,,,,,,,,,,,,,,,,,,,,,,,,,,,,,,,,,,,,,,,,,,,,,FiqKI8nwpHzp,,COLUMN,ROW
1509,Decision,Flowchart Shapes/Containers,2,37,,,,,,,If FR Consistently Low?,,,,,,,,,,,,,,,,,,,,,,,,,,,,,,,,,,,,,,,,,,,,,,,,,,,,,,,,,,,,,,,,,,,,,,,,,,,,,,,,,,,,,,,,,,,,,,,,,zpqK6Oz9TqLL,,COLUMN,ROW
1510,Process,Flowchart Shapes/Containers,2,37,,,,,,,Check PO for Previous Week,,,,,,,,,,,,,,,,,,,,,,,,,,,,,,,,,,,,,,,,,,,,,,,,,,,,,,,,,,,,,,,,,,,,,,,,,,,,,,,,,,,,,,,,,,,,,,,,,nuqKY~FTu-sd,,COLUMN,ROW
1511,Block,Standard,2,37,,,,,,,Weekly,,,,,,,,,,,,,,,,,,,,,,,,,,,,,,,,,,,,,,,,,,,,,,,,,,,,,,,,,,,,,,,,,,,,,,,,,,,,,,,,,,,,,,,,,,,,,,,,,lxqKqlB0_RrX,,COLUMN,ROW
1512,Process,Flowchart Shapes/Containers,2,37,,,,,,,SLA-??????????????????,,,,,,,,,,,,,,,,,,,,,,,,,,,,,,,,,,,,,,,,,,,,,,,,,,,,,,,,,,,,,,,,,,,,,,,,,,,,,,,,,,,,,,,,,,,,,,,,,2CqKyAm.yRya,,COLUMN,ROW
1513,Process,Flowchart Shapes/Containers,2,37,,,,,,,Primary Responsibility - Manager ()   I  Secondary  Responsibility - AGM (Online) (),,,,,,,,,,,,,,,,,,,,,,,,,,,,,,,,,,,,,,,,,,,,,,,,,,,,,,,,,,,,,,,,,,,,,,,,,,,,,,,,,,,,,,,,,,,,,,,,,fDqKUjkhyZHo,,,
1514,Sticky note,Sticky Notes,2,37,,,,,,,"SKU level  
 Warehouse (WH) level  
 Partner level",,,,,,,,,,,,,,,,,,,,,,,,,,,,,,,,,,,,,,,,,,,,,,,,,,,,,,,,,,,,,,,,,,,,,,,,,,,,,,,,,,,,,,,,,,,,,,,,,L.pKk0cU5e17,,COLUMN,ROW
1515,Process,Flowchart Shapes/Containers,2,38,,,,,,,Reach out to platform partner,,,,,,,,,,,,,,,,,,,,,,,,,,,,,,,,,,,,,,,,,,,,,,,,,,,,,,,,,,,,,,,,,,,,,,,,,,,,,,,,,,,,,,,,,,,,,,,,,aXyKT3Z05f~5,,,
1516,Block,Standard,2,38,,,,,,,Deals,,,,,,,,,,,,,,,,,,,,,,,,,,,,,,,,,,,,,,,,,,,,,,,,,,,,,,,,,,,,,,,,,,,,,,,,,,,,,,,,,,,,,,,,,,,,,,,,,o4yK-.fRoFOG,,,
1517,Block,Standard,2,38,,,,,,,Ads ,,,,,,,,,,,,,,,,,,,,,,,,,,,,,,,,,,,,,,,,,,,,,,,,,,,,,,,,,,,,,,,,,,,,,,,,,,,,,,,,,,,,,,,,,,,,,,,,,F4yKU32x2N.9,,,
1518,Block,Standard,2,38,,,,,,,On app (Blinkit /Zepto/ Instamart),,,,,,,,,,,,,,,,,,,,,,,,,,,,,,,,,,,,,,,,,,,,,,,,,,,,,,,,,,,,,,,,,,,,,,,,,,,,,,,,,,,,,,,,,,,,,,,,,T5yKpck8N9n1,,,
1519,Block,Standard,2,38,,,,,,,Off app (Meta/ Instagram),,,,,,,,,,,,,,,,,,,,,,,,,,,,,,,,,,,,,,,,,,,,,,,,,,,,,,,,,,,,,,,,,,,,,,,,,,,,,,,,,,,,,,,,,,,,,,,,,.5yKaFhGE0lm,,,
1520,Process,Flowchart Shapes/Containers,2,37,,,,,,,Discuss with partner,,,,,,,,,,,,,,,,,,,,,,,,,,,,,,,,,,,,,,,,,,,,,,,,,,,,,,,,,,,,,,,,,,,,,,,,,,,,,,,,,,,,,,,,,,,,,,,,,.4RKh33jvufo,,COLUMN,ROW
1521,Decision,Flowchart Shapes/Containers,2,37,,,,,,,Check PO trend ,,,,,,,,,,,,,,,,,,,,,,,,,,,,,,,,,,,,,,,,,,,,,,,,,,,,,,,,,,,,,,,,,,,,,,,,,,,,,,,,,,,,,,,,,,,,,,,,,~9RKsIXYh7b_,,COLUMN,ROW
1522,Process,Flowchart Shapes/Containers,2,37,,,,,,,Escalate to Partner for Activation & Corrective action ,,,,,,,,,,,,,,,,,,,,,,,,,,,,,,,,,,,,,,,,,,,,,,,,,,,,,,,,,,,,,,,,,,,,,,,,,,,,,,,,,,,,,,,,,,,,,,,,,5-RK9Y2o~f4R,,COLUMN,ROW
1523,Terminator,Flowchart Shapes/Containers,2,37,,,,,,,Terminate Process,,,,,,,,,,,,,,,,,,,,,,,,,,,,,,,,,,,,,,,,,,,,,,,,,,,,,,,,,,,,,,,,,,,,,,,,,,,,,,,,,,,,,,,,,,,,,,,,,o.RKgkwl_7xh,,COLUMN,ROW
1524,Block,Standard,2,37,,,,,,,"Identify: 
Warehouse inefficieny
Inventory mismatch
Supply Issue",,,,,,,,,,,,,,,,,,,,,,,,,,,,,,,,,,,,,,,,,,,,,,,,,,,,,,,,,,,,,,,,,,,,,,,,,,,,,,,,,,,,,,,,,,,,,,,,,n~RKS_PwIjGZ,,COLUMN,ROW
1525,Process,Flowchart Shapes/Containers,2,29,,,,,,,Refer this video ,,,,,,,,,,,,,,,,,,,,,,,,,,,,,,,,,,,,,,,,,,,,,,,,,,,,,,,,,,,,,,,,,,,,,,,,,,,,,,,,,,,,,,,,,,,,,,,,,~fTKCI2E-Iz0,,,
1526,Block,Standard,2,29,,,,,,,Refer this PDF,,,,,,,,,,,,,,,,,,,,,,,,,,,,,,,,,,,,,,,,,,,,,,,,,,,,,,,,,,,,,,,,,,,,,,,,,,,,,,,,,,,,,,,,,,,,,,,,,opTKvVUUPe7e,,,
1527,Process,Flowchart Shapes/Containers,2,29,,,,,,,Link ,,,,,,,,,,,,,,,,,,,,,,,,,,,,,,,,,,,,,,,,,,,,,,,,,,,,,,,,,,,,,,,,,,,,,,,,,,,,,,,,,,,,,,,,,,,,,,,,,GITKRbWRH8L.,,,
1528,Block,Standard,2,29,,,,,,,No Discount Policy ,,,,,,,,,,,,,,,,,,,,,,,,,,,,,,,,,,,,,,,,,,,,,,,,,,,,,,,,,,,,,,,,,,,,,,,,,,,,,,,,,,,,,,,,,,,,,,,,,gLTKM8TXCOpN,,,
1529,LinkUnfurlBlock,,2,29,,,,,,,Blinkit discount upload .pdf,,,,,,,,,,,,,,,,,,,,,,,,,,,,,,,,,,,,,,,,,,,,,,,,,,,,,,,,,,,,,,,,,,,,,,,,,,,,,,,,,,,,,,,,,,,,,,,,,QxTKlH4KTw9A,,,
1530,Terminator,Flowchart Shapes/Containers,2,29,,,,,,,Terminate Process,,,,,,,,,,,,,,,,,,,,,,,,,,,,,,,,,,,,,,,,,,,,,,,,,,,,,,,,,,,,,,,,,,,,,,,,,,,,,,,,,,,,,,,,,,,,,,,,,​-MTKvtRl.G_t,,,
1531,Sticky note,Sticky Notes,2,29,,,,,,,"Negotiate with partner to pitch in part of discount expense from their end. 
Unit capping after fix discount amount",,,,,,,,,,,,,,,,,,,,,,,,,,,,,,,,,,,,,,,,,,,,,,,,,,,,,,,,,,,,,,,,,,,,,,,,,,,,,,,,,,,,,,,,,,,,,,,,,zGWKSI_V4nsh,,,
1532,Block,Standard,2,35,,,,,,,"Identify primary + secondary keywords (plant type, indoor plants, gifting plants, etc.)   Optimize: 
 Product title 
 Description 
 Backend keywords  
 Align with search trends & seasonal demand",,,,,,,,,,,,,,,,,,,,,,,,,,,,,,,,,,,,,,,,,,,,,,,,,,,,,,,,,,,,,,,,,,,,,,,,,,,,,,,,,,,,,,,,,,,,,,,,,TNWKU86.JqqD,,,
1533,Block,Standard,2,35,,,,,,,"Coordinate with partners for: 
 Banner placements 
 Featured sections
 Category boosts  ",,,,,,,,,,,,,,,,,,,,,,,,,,,,,,,,,,,,,,,,,,,,,,,,,,,,,,,,,,,,,,,,,,,,,,,,,,,,,,,,,,,,,,,,,,,,,,,,,ROWKl2yoMp2K,,,
1534,Process,Flowchart Shapes/Containers,2,38,,,,,,,SLA-,,,,,,,,,,,,,,,,,,,,,,,,,,,,,,,,,,,,,,,,,,,,,,,,,,,,,,,,,,,,,,,,,,,,,,,,,,,,,,,,,,,,,,,,,,,,,,,,,JBLLq6Iz1ziN,,,
1535,Process,Flowchart Shapes/Containers,2,38,,,,,,,Primary Responsibility -     I  Secondary  Responsibility -,,,,,,,,,,,,,,,,,,,,,,,,,,,,,,,,,,,,,,,,,,,,,,,,,,,,,,,,,,,,,,,,,,,,,,,,,,,,,,,,,,,,,,,,,,,,,,,,,2BLLN_IEz~E.,,,
1536,User Image,User Images,2,32,,,,,,,,,,,,,,,,,,,,,,,,,,,,,,,,,,,,,,,,,,,,,,,,,,,,,,,,,,,,,,,,,,,,,,,,,,,,,,,,,,,,,,,,,,,,,,,,,,,,,,,,JINL1MD0RIw8,,,
1537,Block,Standard,2,32,,,,,,,Within 1 day,,,,,,,,,,,,,,,,,,,,,,,,,,,,,,,,,,,,,,,,,,,,,,,,,,,,,,,,,,,,,,,,,,,,,,,,,,,,,,,,,,,,,,,,,,,,,,,,,MYNL1EXO~m0q,,,
1538,Process,Flowchart Shapes/Containers,2,23|26,,,,,,,Retain at NPD Room / CEO Home ,,,,,,,,,,,,,,,,,,,,,,,,,,,,,,,,,,,,,,,,,,,,,,,,,,,,,,,,,,,,,,,,,,,,,,,,,,,,,,,,,,,,,,,,,,,,,,,,,ME5Ll3hik_vj,,,
1539,Text,Standard,2,32,,,,,,,Sample planogram,,,,,,,,,,,,,,,,,,,,,,,,,,,,,,,,,,,,,,,,,,,,,,,,,,,,,,,,,,,,,,,,,,,,,,,,,,,,,,,,,,,,,,,,,,,,,,,,,2j7L2k818Lve,,,
1540,Process,Flowchart Shapes/Containers,2,35,,,,,,,Organic,,,,,,,,,,,,,,,,,,,,,,,,,,,,,,,,,,,,,,,,,,,,,,,,,,,,,,,,,,,,,,,,,,,,,,,,,,,,,,,,,,,,,,,,,,,,,,,,,HT7LPYdMk24T,,,
1541,Process,Flowchart Shapes/Containers,2,35,,,,,,,Visibility Keyword Check,,,,,,,,,,,,,,,,,,,,,,,,,,,,,,,,,,,,,,,,,,,,,,,,,,,,,,,,,,,,,,,,,,,,,,,,,,,,,,,,,,,,,,,,,,,,,,,,,6_7L7hjhPG.d,,,
1542,Sticky note,Sticky Notes,2,37,,,,,,,"Monitor SKU-level metrics: 
 Complaints % 
 Fill Rate (FR) 
 Purchase Orders (PO) 
 Stock availability (WareHouse level)",,,,,,,,,,,,,,,,,,,,,,,,,,,,,,,,,,,,,,,,,,,,,,,,,,,,,,,,,,,,,,,,,,,,,,,,,,,,,,,,,,,,,,,,,,,,,,,,,s3pKy4RLRxqs,,COLUMN,ROW
1543,Process,Flowchart Shapes/Containers,2,28,,,,,,,"Go to ""Working Online sheet""",,,,,,,,,,,,,,,,,,,,,,,,,,,,,,,,,,,,,,,,,,,,,,,,,,,,,,,,,,,,,,,,,,,,,,,,,,,,,,,,,,,,,,,,,,,,,,,,,Hl_L~XPKkORL,,,
1544,Preparation,Flowchart Shapes/Containers,2,28,,,,,,,Add Following Details,,,,,,,,,,,,,,,,,,,,,,,,,,,,,,,,,,,,,,,,,,,,,,,,,,,,,,,,,,,,,,,,,,,,,,,,,,,,,,,,,,,,,,,,,,,,,,,,,J-_L0wcky3X-,,,
1545,Process,Flowchart Shapes/Containers,2,28,,,,,,,Attach Master Pricing sheet - E.com ,,,,,,,,,,,,,,,,,,,,,,,,,,,,,,,,,,,,,,,,,,,,,,,,,,,,,,,,,,,,,,,,,,,,,,,,,,,,,,,,,,,,,,,,,,,,,,,,,​-h.LR1-Bm71v,,,
1546,Process,Flowchart Shapes/Containers,2,28,,,,,,,Compare pricing with other platforms/competitors by Manager,,,,,,,,,,,,,,,,,,,,,,,,,,,,,,,,,,,,,,,,,,,,,,,,,,,,,,,,,,,,,,,,,,,,,,,,,,,,,,,,,,,,,,,,,,,,,,,,,cqlM8zjsnJD5,,,
1547,Decision,Flowchart Shapes/Containers,2,28,,,,,,,Discuss with CEO/ AGM and make adjustment based on meeting,,,,,,,,,,,,,,,,,,,,,,,,,,,,,,,,,,,,,,,,,,,,,,,,,,,,,,,,,,,,,,,,,,,,,,,,,,,,,,,,,,,,,,,,,,,,,,,,,uvmM6T9CwC1Y,,,
1548,Process,Flowchart Shapes/Containers,2,28,,,,,,,Obtain final approval then Launch product  ,,,,,,,,,,,,,,,,,,,,,,,,,,,,,,,,,,,,,,,,,,,,,,,,,,,,,,,,,,,,,,,,,,,,,,,,,,,,,,,,,,,,,,,,,,,,,,,,,xymMFOX~N6SW,,,
1549,Process,Flowchart Shapes/Containers,2,28,,,,,,,"Go to ""MRP Sheet""",,,,,,,,,,,,,,,,,,,,,,,,,,,,,,,,,,,,,,,,,,,,,,,,,,,,,,,,,,,,,,,,,,,,,,,,,,,,,,,,,,,,,,,,,,,,,,,,,pAmM95-ZfGgX,,,
1550,Process,Flowchart Shapes/Containers,2,28,,,,,,,"Confirm: 
All product details are accurate 
 Required fields are complete",,,,,,,,,,,,,,,,,,,,,,,,,,,,,,,,,,,,,,,,,,,,,,,,,,,,,,,,,,,,,,,,,,,,,,,,,,,,,,,,,,,,,,,,,,,,,,,,,N4mMdOXFgZqk,,,
1551,Process,Flowchart Shapes/Containers,2,28,,,,,,,Share product information with NPD Head,,,,,,,,,,,,,,,,,,,,,,,,,,,,,,,,,,,,,,,,,,,,,,,,,,,,,,,,,,,,,,,,,,,,,,,,,,,,,,,,,,,,,,,,,,,,,,,,,L-mM1q9P6rJ7,,,
1552,Process,Flowchart Shapes/Containers,2,28,,,,,,,"Go to ""Comparison sheet"" ",,,,,,,,,,,,,,,,,,,,,,,,,,,,,,,,,,,,,,,,,,,,,,,,,,,,,,,,,,,,,,,,,,,,,,,,,,,,,,,,,,,,,,,,,,,,,,,,,vgnMvMRzSLO9,,,
1553,Process,Flowchart Shapes/Containers,2,28,,,,,,,Final Estimated selling price Prepared by Manager,,,,,,,,,,,,,,,,,,,,,,,,,,,,,,,,,,,,,,,,,,,,,,,,,,,,,,,,,,,,,,,,,,,,,,,,,,,,,,,,,,,,,,,,,,,,,,,,,KlnM-NE5qk9N,,,
1554,Process,Flowchart Shapes/Containers,2,28,,,,,,,Calculate MRP SP should be < MRP ,,,,,,,,,,,,,,,,,,,,,,,,,,,,,,,,,,,,,,,,,,,,,,,,,,,,,,,,,,,,,,,,,,,,,,,,,,,,,,,,,,,,,,,,,,,,,,,,,rtnMG1dUtVJg,,,
1555,Sticky note,Sticky Notes,2,28,,,,,,,"Add data into Columns:
Wastages
Wages
GST Reversal %
Tax%
Product Cost
Packaging Cost
Freight Inward
Packaging.L  (cm)
Packaging. W (cm)
Weight (gms)
Case Packaging
Master Carton L (cm)
Master Carton W (cm)
Master Carton H (cm)
Master Carton weight (gms)
Vol.  Weight (m. carton)
FO (max)
FO  North
FO  South  
FO Centre 
FO West 
FO East 

",,,,,,,,,,,,,,,,,,,,,,,,,,,,,,,,,,,,,,,,,,,,,,,,,,,,,,,,,,,,,,,,,,,,,,,,,,,,,,,,,,,,,,,,,,,,,,,,,4HnMsuTMlIZ~,,,
1556,Sticky note,Sticky Notes,2,28,,,,,,,"Add all cost components such as:
Status 
Platform 
Product Name
Add  PM%  Ads & SP data into all columns of New pricing 
Add Buffer stock for Wastages & RTV depending on Platform Partner
Amazon for NG Brand Add 3% Buffer 
Add data manually",,,,,,,,,,,,,,,,,,,,,,,,,,,,,,,,,,,,,,,,,,,,,,,,,,,,,,,,,,,,,,,,,,,,,,,,,,,,,,,,,,,,,,,,,,,,,,,,,lJnMn_mT~Tgu,,,
1557,Block,Standard,2,28,,,,,,,"Share Final data with: 
Online  Team 
Retain Team
Confirm readiness for product launch at finalized price",,,,,,,,,,,,,,,,,,,,,,,,,,,,,,,,,,,,,,,,,,,,,,,,,,,,,,,,,,,,,,,,,,,,,,,,,,,,,,,,,,,,,,,,,,,,,,,,,C3nMwJRPhGzr,,,
1558,Process,Flowchart Shapes/Containers,2,29,,,,,,,"Calculate absolute amount, apply discount amount sku wise to zepto panel",,,,,,,,,,,,,,,,,,,,,,,,,,,,,,,,,,,,,,,,,,,,,,,,,,,,,,,,,,,,,,,,,,,,,,,,,,,,,,,,,,,,,,,,,,,,,,,,,G4ZMcYV-HlOo,,,
1559,Delay,Flowchart Shapes/Containers,2,29,,,,,,,Wait  for reply,,,,,,,,,,,,,,,,,,,,,,,,,,,,,,,,,,,,,,,,,,,,,,,,,,,,,,,,,,,,,,,,,,,,,,,,,,,,,,,,,,,,,,,,,,,,,,,,,m6ZM8OFV9TW_,,,
1560,Decision,Flowchart Shapes/Containers,2,29,,,,,,,Reply Received?,,,,,,,,,,,,,,,,,,,,,,,,,,,,,,,,,,,,,,,,,,,,,,,,,,,,,,,,,,,,,,,,,,,,,,,,,,,,,,,,,,,,,,,,,,,,,,,,,O8ZMw8T7vrb4,,,
1561,Process,Flowchart Shapes/Containers,2,29,,,,,,,Working should be attach???,,,,,,,,,,,,,,,,,,,,,,,,,,,,,,,,,,,,,,,,,,,,,,,,,,,,,,,,,,,,,,,,,,,,,,,,,,,,,,,,,,,,,,,,,,,,,,,,,k-ZMcYt0mNqy,,,
1562,Decision,Flowchart Shapes/Containers,2,37,,,,,,,Is complaint % > 2% OR FR dropping OR PO declining? Only for Blinkit,,,,,,,,,,,,,,,,,,,,,,,,,,,,,,,,,,,,,,,,,,,,,,,,,,,,,,,,,,,,,,,,,,,,,,,,,,,,,,,,,,,,,,,,,,,,,,,,,la0MGYQ9MfK5,,COLUMN,ROW
1563,Process,Flowchart Shapes/Containers,2,29,,,,,,,"Calculate absolute amount, apply discount amount sku wise to blinkit panel",,,,,,,,,,,,,,,,,,,,,,,,,,,,,,,,,,,,,,,,,,,,,,,,,,,,,,,,,,,,,,,,,,,,,,,,,,,,,,,,,,,,,,,,,,,,,,,,,Qe0MFHfm~d2n,,,
1564,Block,Standard,2,37,,,,,,,"Track RCA 
PO trend
FR trend 
Complaint trend (increasing / stable) ",,,,,,,,,,,,,,,,,,,,,,,,,,,,,,,,,,,,,,,,,,,,,,,,,,,,,,,,,,,,,,,,,,,,,,,,,,,,,,,,,,,,,,,,,,,,,,,,,kn0MbVBhgDqn,,,
1565,Process,Flowchart Shapes/Containers,2,37,,,,,,,Check PO for Previous Week,,,,,,,,,,,,,,,,,,,,,,,,,,,,,,,,,,,,,,,,,,,,,,,,,,,,,,,,,,,,,,,,,,,,,,,,,,,,,,,,,,,,,,,,,,,,,,,,,my0MjOE6tb5j,,COLUMN,ROW
1566,Block,Standard,2,37,,,,,,,Weekly,,,,,,,,,,,,,,,,,,,,,,,,,,,,,,,,,,,,,,,,,,,,,,,,,,,,,,,,,,,,,,,,,,,,,,,,,,,,,,,,,,,,,,,,,,,,,,,,,my0Mr828YC9K,,COLUMN,ROW
1567,Process,Flowchart Shapes/Containers,2,37,,,,,,,Discuss with partner,,,,,,,,,,,,,,,,,,,,,,,,,,,,,,,,,,,,,,,,,,,,,,,,,,,,,,,,,,,,,,,,,,,,,,,,,,,,,,,,,,,,,,,,,,,,,,,,,my0MLZD~DSbu,,COLUMN,ROW
1568,Decision,Flowchart Shapes/Containers,2,37,,,,,,,Check PO trend ,,,,,,,,,,,,,,,,,,,,,,,,,,,,,,,,,,,,,,,,,,,,,,,,,,,,,,,,,,,,,,,,,,,,,,,,,,,,,,,,,,,,,,,,,,,,,,,,,my0M3vHEjx-h,,COLUMN,ROW
1569,Process,Flowchart Shapes/Containers,2,37,,,,,,,Escalate to Partner for Activation & Corrective action ,,,,,,,,,,,,,,,,,,,,,,,,,,,,,,,,,,,,,,,,,,,,,,,,,,,,,,,,,,,,,,,,,,,,,,,,,,,,,,,,,,,,,,,,,,,,,,,,,my0Mm4N_fPk~,,COLUMN,ROW
1570,Terminator,Flowchart Shapes/Containers,2,37,,,,,,,Terminate Process,,,,,,,,,,,,,,,,,,,,,,,,,,,,,,,,,,,,,,,,,,,,,,,,,,,,,,,,,,,,,,,,,,,,,,,,,,,,,,,,,,,,,,,,,,,,,,,,,my0MAIk4h~ap,,COLUMN,ROW
1571,Process,Flowchart Shapes/Containers,2,37,,,,,,,Proceed to FR analysis,,,,,,,,,,,,,,,,,,,,,,,,,,,,,,,,,,,,,,,,,,,,,,,,,,,,,,,,,,,,,,,,,,,,,,,,,,,,,,,,,,,,,,,,,,,,,,,,,uA0M5FqDqwzz,,COLUMN,ROW
1572,Process,Flowchart Shapes/Containers,2,37,,,,,,,Check FR at SKU level and   Warehouse level,,,,,,,,,,,,,,,,,,,,,,,,,,,,,,,,,,,,,,,,,,,,,,,,,,,,,,,,,,,,,,,,,,,,,,,,,,,,,,,,,,,,,,,,,,,,,,,,,uA0MPKFOvNwz,,COLUMN,ROW
1573,Sticky note,Sticky Notes,2,28,,,,,,,"Product name must be correct otherwise, data will not be fetched",,,,,,,,,,,,,,,,,,,,,,,,,,,,,,,,,,,,,,,,,,,,,,,,,,,,,,,,,,,,,,,,,,,,,,,,,,,,,,,,,,,,,,,,,,,,,,,,,j10Mp6Eu1-nX,,,
1574,Process,Flowchart Shapes/Containers,2,28,,,,,,,Go for the product live,,,,,,,,,,,,,,,,,,,,,,,,,,,,,,,,,,,,,,,,,,,,,,,,,,,,,,,,,,,,,,,,,,,,,,,,,,,,,,,,,,,,,,,,,,,,,,,,,e40MfZKlb63P,,,
1575,Sticky note,Sticky Notes,2,28,,,,,,,Maintain a 30% difference between MRP and SP,,,,,,,,,,,,,,,,,,,,,,,,,,,,,,,,,,,,,,,,,,,,,,,,,,,,,,,,,,,,,,,,,,,,,,,,,,,,,,,,,,,,,,,,,,,,,,,,,1e1MQ2yOYLX8,,,
1576,Process,Flowchart Shapes/Containers,2,39,,,,,,,Primary Responsibility - Manager (Siddharth)   I  Secondary  Responsibility - AGM (Online) (Sumit),,,,,,,,,,,,,,,,,,,,,,,,,,,,,,,,,,,,,,,,,,,,,,,,,,,,,,,,,,,,,,,,,,,,,,,,,,,,,,,,,,,,,,,,,,,,,,,,,yl1M2JrVR1bw,,,
1577,Process,Flowchart Shapes/Containers,2,39,,,,,,,Every alternative day and deal/special days. SLA - within 1 hour,,,,,,,,,,,,,,,,,,,,,,,,,,,,,,,,,,,,,,,,,,,,,,,,,,,,,,,,,,,,,,,,,,,,,,,,,,,,,,,,,,,,,,,,,,,,,,,,,Fl1MV8SgdNCL,,,
1578,Process,Flowchart Shapes/Containers,2,39,,,,,,,Go to Platform Partner,,,,,,,,,,,,,,,,,,,,,,,,,,,,,,,,,,,,,,,,,,,,,,,,,,,,,,,,,,,,,,,,,,,,,,,,,,,,,,,,,,,,,,,,,,,,,,,,,ho1MCq7zOH1t,,,
1579,Process,Flowchart Shapes/Containers,2,39,,,,,,,Check Price manually  for each Product,,,,,,,,,,,,,,,,,,,,,,,,,,,,,,,,,,,,,,,,,,,,,,,,,,,,,,,,,,,,,,,,,,,,,,,,,,,,,,,,,,,,,,,,,,,,,,,,,tq1MDZVOM-EB,,,
1580,Block,Standard,2,39,,,,,,,Weekly,,,,,,,,,,,,,,,,,,,,,,,,,,,,,,,,,,,,,,,,,,,,,,,,,,,,,,,,,,,,,,,,,,,,,,,,,,,,,,,,,,,,,,,,,,,,,,,,,hu1MF-R~~Gq2,,,
1581,Process,Flowchart Shapes/Containers,2,,,,,,,,E-com,,,,,,,,,,,,,,,,,,,,,,,,,,,,,,,,,,,,,,,,,,,,,,,,,,,,,,,,,,,,,,,,,,,,,,,,,,,,,,,,,,,,,,,,,,,,,,,,,pD1MAZDfHiA-,,,
1582,Text,Standard,2,29,,,,,,,"Attach 
Price Calculation Excel sheet With Date & Time",,,,,,,,,,,,,,,,,,,,,,,,,,,,,,,,,,,,,,,,,,,,,,,,,,,,,,,,,,,,,,,,,,,,,,,,,,,,,,,,,,,,,,,,,,,,,,,,,Hm3MjFH2_C_m,,,
1583,Process,Flowchart Shapes/Containers,2,38,,,,,,,Awarness Ads,,,,,,,,,,,,,,,,,,,,,,,,,,,,,,,,,,,,,,,,,,,,,,,,,,,,,,,,,,,,,,,,,,,,,,,,,,,,,,,,,,,,,,,,,,,,,,,,,hZSNvT8q0hDe,,,
1584,Process,Flowchart Shapes/Containers,2,38,,,,,,,Awareness,,,,,,,,,,,,,,,,,,,,,,,,,,,,,,,,,,,,,,,,,,,,,,,,,,,,,,,,,,,,,,,,,,,,,,,,,,,,,,,,,,,,,,,,,,,,,,,,,C5eOiP8LI2fh,,,
1585,Process,Flowchart Shapes/Containers,2,38,,,,,,,Performance,,,,,,,,,,,,,,,,,,,,,,,,,,,,,,,,,,,,,,,,,,,,,,,,,,,,,,,,,,,,,,,,,,,,,,,,,,,,,,,,,,,,,,,,,,,,,,,,,​-6eOuLvwz8cq,,,
1586,Process,Flowchart Shapes/Containers,2,38,,,,,,,Creative Requirement-  (Social Media),,,,,,,,,,,,,,,,,,,,,,,,,,,,,,,,,,,,,,,,,,,,,,,,,,,,,,,,,,,,,,,,,,,,,,,,,,,,,,,,,,,,,,,,,,,,,,,,,T-eODaeDOkk6,,,
1587,Process,Flowchart Shapes/Containers,2,38,,,,,,,"Go to Meta Dashboard- ""Meta Ads Managers""",,,,,,,,,,,,,,,,,,,,,,,,,,,,,,,,,,,,,,,,,,,,,,,,,,,,,,,,,,,,,,,,,,,,,,,,,,,,,,,,,,,,,,,,,,,,,,,,,q_eOWyF26pxQ,,,
1588,Process,Flowchart Shapes/Containers,2,38,,,,,,,"Track ads performance 
 Maintain Excel Sheet  by AGM",,,,,,,,,,,,,,,,,,,,,,,,,,,,,,,,,,,,,,,,,,,,,,,,,,,,,,,,,,,,,,,,,,,,,,,,,,,,,,,,,,,,,,,,,,,,,,,,,0_eO35-uolp6,,,
1589,Process,Flowchart Shapes/Containers,2,38,,,,,,,Optimize  data,,,,,,,,,,,,,,,,,,,,,,,,,,,,,,,,,,,,,,,,,,,,,,,,,,,,,,,,,,,,,,,,,,,,,,,,,,,,,,,,,,,,,,,,,,,,,,,,,K~eOix._1lwG,,,
1590,Process,Flowchart Shapes/Containers,2,38,,,,,,,Spotlight- Blinkit ,,,,,,,,,,,,,,,,,,,,,,,,,,,,,,,,,,,,,,,,,,,,,,,,,,,,,,,,,,,,,,,,,,,,,,,,,,,,,,,,,,,,,,,,,,,,,,,,,CSsOCv4_uSGB,,,
1591,Process,Flowchart Shapes/Containers,2,38,,,,,,,Steal deals- InstaMart,,,,,,,,,,,,,,,,,,,,,,,,,,,,,,,,,,,,,,,,,,,,,,,,,,,,,,,,,,,,,,,,,,,,,,,,,,,,,,,,,,,,,,,,,,,,,,,,,CSsORFz5y-TJ,,,
1592,Process,Flowchart Shapes/Containers,2,38,,,,,,,Rush hour deals- InstaMart Nonplant,,,,,,,,,,,,,,,,,,,,,,,,,,,,,,,,,,,,,,,,,,,,,,,,,,,,,,,,,,,,,,,,,,,,,,,,,,,,,,,,,,,,,,,,,,,,,,,,,CSsOVcD-WnjN,,,
1593,Process,Flowchart Shapes/Containers,2,38,,,,,,,Event Based Deals according to platform partner,,,,,,,,,,,,,,,,,,,,,,,,,,,,,,,,,,,,,,,,,,,,,,,,,,,,,,,,,,,,,,,,,,,,,,,,,,,,,,,,,,,,,,,,,,,,,,,,,CSsOY~tdBOHb,,,
1594,Terminator,Flowchart Shapes/Containers,2,38,,,,,,,Discount Process,,,,,,,,,,,,,,,,,,,,,,,,,,,,,,,,,,,,,,,,,,,,,,,,,,,,,,,,,,,,,,,,,,,,,,,,,,,,,,,,,,,,,,,,,,,,,,,,,CSsOSCYrauAR,,,
1595,Decision,Flowchart Shapes/Containers,2,38,,,,,,,Schedule meeting ,,,,,,,,,,,,,,,,,,,,,,,,,,,,,,,,,,,,,,,,,,,,,,,,,,,,,,,,,,,,,,,,,,,,,,,,,,,,,,,,,,,,,,,,,,,,,,,,,UVsOAHCm2Xd1,,,
1596,Process,Flowchart Shapes/Containers,2,38,,,,,,,Conduct Meeting ,,,,,,,,,,,,,,,,,,,,,,,,,,,,,,,,,,,,,,,,,,,,,,,,,,,,,,,,,,,,,,,,,,,,,,,,,,,,,,,,,,,,,,,,,,,,,,,,,9VsOciUZhp0~,,,
1597,Sticky note,Sticky Notes,2,38,,,,,,,"Discuss 
Paid Visibility Plan
Select Particular product for deals
Budget???",,,,,,,,,,,,,,,,,,,,,,,,,,,,,,,,,,,,,,,,,,,,,,,,,,,,,,,,,,,,,,,,,,,,,,,,,,,,,,,,,,,,,,,,,,,,,,,,,6WsOIW8UqDEA,,,
1598,Block,Standard,2,38,,,,,,,25th every month for the next month,,,,,,,,,,,,,,,,,,,,,,,,,,,,,,,,,,,,,,,,,,,,,,,,,,,,,,,,,,,,,,,,,,,,,,,,,,,,,,,,,,,,,,,,,,,,,,,,,50sOFHqXkaXU,,,
1599,Process,Flowchart Shapes/Containers,2,38,,,,,,,Select Deal Types,,,,,,,,,,,,,,,,,,,,,,,,,,,,,,,,,,,,,,,,,,,,,,,,,,,,,,,,,,,,,,,,,,,,,,,,,,,,,,,,,,,,,,,,,,,,,,,,,F2sOM~66l~0l,,,
1600,Text,Standard,2,38,,,,,,,Attach Excel sheet,,,,,,,,,,,,,,,,,,,,,,,,,,,,,,,,,,,,,,,,,,,,,,,,,,,,,,,,,,,,,,,,,,,,,,,,,,,,,,,,,,,,,,,,,,,,,,,,,L~sOcKCOOJHK,,,
1601,Sticky note,Sticky Notes,2,38,,,,,,,"Check Metrics: 
ROS
CPM  
Sales 
Total spend
ROAS 
Clicks imperession 
CTR ",,,,,,,,,,,,,,,,,,,,,,,,,,,,,,,,,,,,,,,,,,,,,,,,,,,,,,,,,,,,,,,,,,,,,,,,,,,,,,,,,,,,,,,,,,,,,,,,,.~sOvEgG9KLw,,,
1602,Process,Flowchart Shapes/Containers,2,38,,,,,,,Q.com,,,,,,,,,,,,,,,,,,,,,,,,,,,,,,,,,,,,,,,,,,,,,,,,,,,,,,,,,,,,,,,,,,,,,,,,,,,,,,,,,,,,,,,,,,,,,,,,,JftOGc0FvVoN,,,
1603,Process,Flowchart Shapes/Containers,2,38,,,,,,,PDF Guidelines for ads Send to NPD team,,,,,,,,,,,,,,,,,,,,,,,,,,,,,,,,,,,,,,,,,,,,,,,,,,,,,,,,,,,,,,,,,,,,,,,,,,,,,,,,,,,,,,,,,,,,,,,,,bptOcAOj28-E,,,
1604,Process,Flowchart Shapes/Containers,2,38,,,,,,,Identify Deals / Campaign Opportunities,,,,,,,,,,,,,,,,,,,,,,,,,,,,,,,,,,,,,,,,,,,,,,,,,,,,,,,,,,,,,,,,,,,,,,,,,,,,,,,,,,,,,,,,,,,,,,,,,bwtOMO2Q0Ezy,,,
1605,Decision,Flowchart Shapes/Containers,2,38,,,,,,,Discuss with AGM ,,,,,,,,,,,,,,,,,,,,,,,,,,,,,,,,,,,,,,,,,,,,,,,,,,,,,,,,,,,,,,,,,,,,,,,,,,,,,,,,,,,,,,,,,,,,,,,,,EX6OgRWpCKg3,,,
1606,Process,Flowchart Shapes/Containers,2,38,,,,,,,Choose Right Account ,,,,,,,,,,,,,,,,,,,,,,,,,,,,,,,,,,,,,,,,,,,,,,,,,,,,,,,,,,,,,,,,,,,,,,,,,,,,,,,,,,,,,,,,,,,,,,,,,m36OrY-yog41,,,
1607,Process,Flowchart Shapes/Containers,2,38,,,,,,,Self- Assessment ,,,,,,,,,,,,,,,,,,,,,,,,,,,,,,,,,,,,,,,,,,,,,,,,,,,,,,,,,,,,,,,,,,,,,,,,,,,,,,,,,,,,,,,,,,,,,,,,,ie0PmH8YpLar,,,
1608,Process,Flowchart Shapes/Containers,2,38,,,,,,,Handover To ,,,,,,,,,,,,,,,,,,,,,,,,,,,,,,,,,,,,,,,,,,,,,,,,,,,,,,,,,,,,,,,,,,,,,,,,,,,,,,,,,,,,,,,,,,,,,,,,,Wg0PLpaG9dYB,,,
1609,Process,Flowchart Shapes/Containers,2,38,,,,,,,Online Team,,,,,,,,,,,,,,,,,,,,,,,,,,,,,,,,,,,,,,,,,,,,,,,,,,,,,,,,,,,,,,,,,,,,,,,,,,,,,,,,,,,,,,,,,,,,,,,,,Ex0PM5GWLSiy,,,
1610,Process,Flowchart Shapes/Containers,2,38,,,,,,,NPD Team,,,,,,,,,,,,,,,,,,,,,,,,,,,,,,,,,,,,,,,,,,,,,,,,,,,,,,,,,,,,,,,,,,,,,,,,,,,,,,,,,,,,,,,,,,,,,,,,,aB0PgHTjJssR,,,
1611,Process,Flowchart Shapes/Containers,2,38,,,,,,,Create Campaigns ,,,,,,,,,,,,,,,,,,,,,,,,,,,,,,,,,,,,,,,,,,,,,,,,,,,,,,,,,,,,,,,,,,,,,,,,,,,,,,,,,,,,,,,,,,,,,,,,,NB0PZiL9_7pb,,,
1612,Process,Flowchart Shapes/Containers,2,38,,,,,,,Design ads on Canvas using  Creative Requirements,,,,,,,,,,,,,,,,,,,,,,,,,,,,,,,,,,,,,,,,,,,,,,,,,,,,,,,,,,,,,,,,,,,,,,,,,,,,,,,,,,,,,,,,,,,,,,,,,Ub1Pl1Q-O-hu,,,
1613,Process,Flowchart Shapes/Containers,2,38,,,,,,,"Create Report Using tools like- 
Chatgpt 
Youtube 
Pinterest
Research on Websites based Event",,,,,,,,,,,,,,,,,,,,,,,,,,,,,,,,,,,,,,,,,,,,,,,,,,,,,,,,,,,,,,,,,,,,,,,,,,,,,,,,,,,,,,,,,,,,,,,,,Xe1Pvqc9B.2-,,,
1614,Decision,Flowchart Shapes/Containers,2,38,,,,,,,Changes Required?,,,,,,,,,,,,,,,,,,,,,,,,,,,,,,,,,,,,,,,,,,,,,,,,,,,,,,,,,,,,,,,,,,,,,,,,,,,,,,,,,,,,,,,,,,,,,,,,,Gm1PnxgJFkl2,,,
1615,Process,Flowchart Shapes/Containers,2,38,,,,,,,Revise Creatives,,,,,,,,,,,,,,,,,,,,,,,,,,,,,,,,,,,,,,,,,,,,,,,,,,,,,,,,,,,,,,,,,,,,,,,,,,,,,,,,,,,,,,,,,,,,,,,,,vo1P7JreNLDk,,,
1616,Process,Flowchart Shapes/Containers,2,38,,,,,,,Reveiw by NPD Head,,,,,,,,,,,,,,,,,,,,,,,,,,,,,,,,,,,,,,,,,,,,,,,,,,,,,,,,,,,,,,,,,,,,,,,,,,,,,,,,,,,,,,,,,,,,,,,,,rw1P6Zy8TcXV,,,
1617,Decision,Flowchart Shapes/Containers,2,38,,,,,,,Approve by CEO/ AGM ,,,,,,,,,,,,,,,,,,,,,,,,,,,,,,,,,,,,,,,,,,,,,,,,,,,,,,,,,,,,,,,,,,,,,,,,,,,,,,,,,,,,,,,,,,,,,,,,,Cy1PMw8wdMtz,,,
1618,Process,Flowchart Shapes/Containers,2,38,,,,,,,Changes Requried based on discussion,,,,,,,,,,,,,,,,,,,,,,,,,,,,,,,,,,,,,,,,,,,,,,,,,,,,,,,,,,,,,,,,,,,,,,,,,,,,,,,,,,,,,,,,,,,,,,,,,1z1Pq-cVB7QJ,,,
1619,Process,Flowchart Shapes/Containers,2,38,,,,,,,Check  Parameters,,,,,,,,,,,,,,,,,,,,,,,,,,,,,,,,,,,,,,,,,,,,,,,,,,,,,,,,,,,,,,,,,,,,,,,,,,,,,,,,,,,,,,,,,,,,,,,,,TI1Poq0TUU5X,,,
1620,Process,Flowchart Shapes/Containers,2,38,,,,,,,Approve by CEO/ AGM,,,,,,,,,,,,,,,,,,,,,,,,,,,,,,,,,,,,,,,,,,,,,,,,,,,,,,,,,,,,,,,,,,,,,,,,,,,,,,,,,,,,,,,,,,,,,,,,,6N1PPalySLIt,,,
1621,Process,Flowchart Shapes/Containers,2,38,,,,,,,Create ads on Canvas using PDF,,,,,,,,,,,,,,,,,,,,,,,,,,,,,,,,,,,,,,,,,,,,,,,,,,,,,,,,,,,,,,,,,,,,,,,,,,,,,,,,,,,,,,,,,,,,,,,,,dO1PwSzIlP9c,,,
1622,Decision,Flowchart Shapes/Containers,2,38,,,,,,,Review by NPD Head ,,,,,,,,,,,,,,,,,,,,,,,,,,,,,,,,,,,,,,,,,,,,,,,,,,,,,,,,,,,,,,,,,,,,,,,,,,,,,,,,,,,,,,,,,,,,,,,,,hP1P2~zpTWdE,,,
1623,Process,Flowchart Shapes/Containers,2,38,,,,,,,Re-work according to Dicussion ,,,,,,,,,,,,,,,,,,,,,,,,,,,,,,,,,,,,,,,,,,,,,,,,,,,,,,,,,,,,,,,,,,,,,,,,,,,,,,,,,,,,,,,,,,,,,,,,,vR1PqETdHBn.,,,
1624,Process,Flowchart Shapes/Containers,2,38,,,,,,,Get Guidelines PDF from Platform Partner,,,,,,,,,,,,,,,,,,,,,,,,,,,,,,,,,,,,,,,,,,,,,,,,,,,,,,,,,,,,,,,,,,,,,,,,,,,,,,,,,,,,,,,,,,,,,,,,,4T1PjaAuGwg2,,,
1625,Sticky note,Sticky Notes,2,38,,,,,,,"Amount Spend
Impressions
Link Clicks
CTR
Purchase
ROAS",,,,,,,,,,,,,,,,,,,,,,,,,,,,,,,,,,,,,,,,,,,,,,,,,,,,,,,,,,,,,,,,,,,,,,,,,,,,,,,,,,,,,,,,,,,,,,,,,IW1P_QWP5gLZ,,,
1626,Text,Standard,2,38,,,,,,,Attach report,,,,,,,,,,,,,,,,,,,,,,,,,,,,,,,,,,,,,,,,,,,,,,,,,,,,,,,,,,,,,,,,,,,,,,,,,,,,,,,,,,,,,,,,,,,,,,,,,2k3Pp2zQDoBT,,,
1627,Process,Flowchart Shapes/Containers,2,38,,,,,,,Received,,,,,,,,,,,,,,,,,,,,,,,,,,,,,,,,,,,,,,,,,,,,,,,,,,,,,,,,,,,,,,,,,,,,,,,,,,,,,,,,,,,,,,,,,,,,,,,,,CT3PdxOfVjL7,,,
1628,Text,Standard,2,38,,,,,,,Attach PDF,,,,,,,,,,,,,,,,,,,,,,,,,,,,,,,,,,,,,,,,,,,,,,,,,,,,,,,,,,,,,,,,,,,,,,,,,,,,,,,,,,,,,,,,,,,,,,,,,Zh4PxjXPJ8tw,,,
1629,User Image,User Images,2,38,,,,,,,,,,,,,,,,,,,,,,,,,,,,,,,,,,,,,,,,,,,,,,,,,,,,,,,,,,,,,,,,,,,,,,,,,,,,,,,,,,,,,,,,,,,,,,,,,,,,,,,,xoEQuTu6IG6-,,,
1630,Process,Flowchart Shapes/Containers,2,38,,,,,,,Campaign Setup (Blinkit Ads),,,,,,,,,,,,,,,,,,,,,,,,,,,,,,,,,,,,,,,,,,,,,,,,,,,,,,,,,,,,,,,,,,,,,,,,,,,,,,,,,,,,,,,,,,,,,,,,,Y0.QqgF8rU.6,,,
1631,Process,Flowchart Shapes/Containers,2,38,,,,,,,Performance Track- Blinkit/ Instamart,,,,,,,,,,,,,,,,,,,,,,,,,,,,,,,,,,,,,,,,,,,,,,,,,,,,,,,,,,,,,,,,,,,,,,,,,,,,,,,,,,,,,,,,,,,,,,,,,jc~QWY7ACPS-,,,
1632,Process,Flowchart Shapes/Containers,2,38,,,,,,,Blinkit,,,,,,,,,,,,,,,,,,,,,,,,,,,,,,,,,,,,,,,,,,,,,,,,,,,,,,,,,,,,,,,,,,,,,,,,,,,,,,,,,,,,,,,,,,,,,,,,,.j~QcP0OrH-F,,,
1633,Process,Flowchart Shapes/Containers,2,38,,,,,,,InstaMart,,,,,,,,,,,,,,,,,,,,,,,,,,,,,,,,,,,,,,,,,,,,,,,,,,,,,,,,,,,,,,,,,,,,,,,,,,,,,,,,,,,,,,,,,,,,,,,,,Ak~QEQA8ROUE,,,
1634,Process,Flowchart Shapes/Containers,2,38,,,,,,,Planning & Forecasting,,,,,,,,,,,,,,,,,,,,,,,,,,,,,,,,,,,,,,,,,,,,,,,,,,,,,,,,,,,,,,,,,,,,,,,,,,,,,,,,,,,,,,,,,,,,,,,,,.r~QCNoUyk6b,,,
1635,Block,Standard,2,38,,,,,,,On Monthly Basis,,,,,,,,,,,,,,,,,,,,,,,,,,,,,,,,,,,,,,,,,,,,,,,,,,,,,,,,,,,,,,,,,,,,,,,,,,,,,,,,,,,,,,,,,,,,,,,,,Cs~QVh_o6O~f,,,
1636,Process,Flowchart Shapes/Containers,2,38,,,,,,,List Product,,,,,,,,,,,,,,,,,,,,,,,,,,,,,,,,,,,,,,,,,,,,,,,,,,,,,,,,,,,,,,,,,,,,,,,,,,,,,,,,,,,,,,,,,,,,,,,,,mv~Q0hK77dxE,,,
1637,Decision,Flowchart Shapes/Containers,2,38,,,,,,,If  Product is  Listed?,,,,,,,,,,,,,,,,,,,,,,,,,,,,,,,,,,,,,,,,,,,,,,,,,,,,,,,,,,,,,,,,,,,,,,,,,,,,,,,,,,,,,,,,,,,,,,,,,vx~QB.TA2IGd,,,
1638,Process,Flowchart Shapes/Containers,2,38,,,,,,,"Click- ""Create New Campaign""",,,,,,,,,,,,,,,,,,,,,,,,,,,,,,,,,,,,,,,,,,,,,,,,,,,,,,,,,,,,,,,,,,,,,,,,,,,,,,,,,,,,,,,,,,,,,,,,,V1~QgKEe07A3,,,
1639,Process,Flowchart Shapes/Containers,2,38,,,,,,,"Go to Blinkit Dashboard- ""Brand Central""/ ""Instamart for Business""",,,,,,,,,,,,,,,,,,,,,,,,,,,,,,,,,,,,,,,,,,,,,,,,,,,,,,,,,,,,,,,,,,,,,,,,,,,,,,,,,,,,,,,,,,,,,,,,,sAaRaIT~mbNM,,,
1640,Block,Standard,2,38,,,,,,,"Performance Analysis 
 Internal DRR 
 SOV tracking 
 Daily / Weekly review 
 Campaign performance",,,,,,,,,,,,,,,,,,,,,,,,,,,,,,,,,,,,,,,,,,,,,,,,,,,,,,,,,,,,,,,,,,,,,,,,,,,,,,,,,,,,,,,,,,,,,,,,,bPaR9aA_9y05,,,
1641,Text,Standard,2,38,,,,,,,Attach excel sheet blinkit Ads- Review sheet,,,,,,,,,,,,,,,,,,,,,,,,,,,,,,,,,,,,,,,,,,,,,,,,,,,,,,,,,,,,,,,,,,,,,,,,,,,,,,,,,,,,,,,,,,,,,,,,,SQaR_0La1Emv,,,
1642,Process,Flowchart Shapes/Containers,2,38,,,,,,,Download data from Dashboard,,,,,,,,,,,,,,,,,,,,,,,,,,,,,,,,,,,,,,,,,,,,,,,,,,,,,,,,,,,,,,,,,,,,,,,,,,,,,,,,,,,,,,,,,,,,,,,,,9-aR64JYRRS_,,,
1643,Process,Flowchart Shapes/Containers,2,38,,,,,,,"Analyze past data: 
ROAS 
SOV 
Sales 
CTR)",,,,,,,,,,,,,,,,,,,,,,,,,,,,,,,,,,,,,,,,,,,,,,,,,,,,,,,,,,,,,,,,,,,,,,,,,,,,,,,,,,,,,,,,,,,,,,,,,p~aR5sbSdycH,,,
1644,Process,Flowchart Shapes/Containers,2,38,,,,,,,"Create Monthly Plan:
Category split 
Sales forecast 
Paid marketing projection 
Campaign structure",,,,,,,,,,,,,,,,,,,,,,,,,,,,,,,,,,,,,,,,,,,,,,,,,,,,,,,,,,,,,,,,,,,,,,,,,,,,,,,,,,,,,,,,,,,,,,,,,qcbRJjw6IXlJ,,,
1645,Text,Standard,2,38,,,,,,,Attach Blinkit Plan Sheet,,,,,,,,,,,,,,,,,,,,,,,,,,,,,,,,,,,,,,,,,,,,,,,,,,,,,,,,,,,,,,,,,,,,,,,,,,,,,,,,,,,,,,,,,,,,,,,,,gebRwHMboAsY,,,
1646,Process,Flowchart Shapes/Containers,2,38,,,,,,,Monitoring & Tracking,,,,,,,,,,,,,,,,,,,,,,,,,,,,,,,,,,,,,,,,,,,,,,,,,,,,,,,,,,,,,,,,,,,,,,,,,,,,,,,,,,,,,,,,,,,,,,,,,jnbRfEYrs0o0,,,
1647,Process,Flowchart Shapes/Containers,2,38,,,,,,,Track via Blinkit Ads Dashboard,,,,,,,,,,,,,,,,,,,,,,,,,,,,,,,,,,,,,,,,,,,,,,,,,,,,,,,,,,,,,,,,,,,,,,,,,,,,,,,,,,,,,,,,,,,,,,,,,PnbRnITVOe7G,,,
1648,Process,Flowchart Shapes/Containers,2,38,,,,,,,"Export Data to Excel- ""Blinkit Ads-Review Sheet""",,,,,,,,,,,,,,,,,,,,,,,,,,,,,,,,,,,,,,,,,,,,,,,,,,,,,,,,,,,,,,,,,,,,,,,,,,,,,,,,,,,,,,,,,,,,,,,,,WnbR2-bS4D5r,,,
1649,Decision,Flowchart Shapes/Containers,2,38,,,,,,,Is Campaign Performing Well?,,,,,,,,,,,,,,,,,,,,,,,,,,,,,,,,,,,,,,,,,,,,,,,,,,,,,,,,,,,,,,,,,,,,,,,,,,,,,,,,,,,,,,,,,,,,,,,,,KpbRC~7yFkrP,,,
1650,Process,Flowchart Shapes/Containers,2,38,,,,,,,"Performance Criteria: 
Minimum 5 ROAS target 
Check SOV
If SOV <30% ",,,,,,,,,,,,,,,,,,,,,,,,,,,,,,,,,,,,,,,,,,,,,,,,,,,,,,,,,,,,,,,,,,,,,,,,,,,,,,,,,,,,,,,,,,,,,,,,,jfcR2cmTeMgQ,,,
1651,Terminator,Flowchart Shapes/Containers,2,38,,,,,,,"Awareness Ads 
 Stories 
 Brand tiles",,,,,,,,,,,,,,,,,,,,,,,,,,,,,,,,,,,,,,,,,,,,,,,,,,,,,,,,,,,,,,,,,,,,,,,,,,,,,,,,,,,,,,,,,,,,,,,,,wgcR5_AKovJo,,,
1652,Sticky note,Sticky Notes,2,38,,,,,,,"Configure Campaign Settings 
Campaign name
Objective (Performance) 
Duration 
Region targeting Select Products & Categories 
️ Keyword Targeting-
Add keywords 
Exact match bidding Set Budget & Bids 
Daily budget 
Bid strategy  
Launch Campaign",,,,,,,,,,,,,,,,,,,,,,,,,,,,,,,,,,,,,,,,,,,,,,,,,,,,,,,,,,,,,,,,,,,,,,,,,,,,,,,,,,,,,,,,,,,,,,,,,dhcRjaur__Nn,,,
1653,Terminator,Flowchart Shapes/Containers,2,38,,,,,,,Pause & optimize,,,,,,,,,,,,,,,,,,,,,,,,,,,,,,,,,,,,,,,,,,,,,,,,,,,,,,,,,,,,,,,,,,,,,,,,,,,,,,,,,,,,,,,,,,,,,,,,,gpcRLguz5omm,,,
1654,Block,Standard,2,38,,,,,,,25th of Every Month,,,,,,,,,,,,,,,,,,,,,,,,,,,,,,,,,,,,,,,,,,,,,,,,,,,,,,,,,,,,,,,,,,,,,,,,,,,,,,,,,,,,,,,,,,,,,,,,,oIcRoJt_~Guu,,,
1655,Process,Flowchart Shapes/Containers,2,38,,,,,,,"Scale campaign  
Increase budget on high-performing SKUs",,,,,,,,,,,,,,,,,,,,,,,,,,,,,,,,,,,,,,,,,,,,,,,,,,,,,,,,,,,,,,,,,,,,,,,,,,,,,,,,,,,,,,,,,,,,,,,,,V5cRflrYpEBe,,,
1656,Decision,Flowchart Shapes/Containers,2,38,,,,,,,Approve by AGM,,,,,,,,,,,,,,,,,,,,,,,,,,,,,,,,,,,,,,,,,,,,,,,,,,,,,,,,,,,,,,,,,,,,,,,,,,,,,,,,,,,,,,,,,,,,,,,,,hbdRKO4mskpi,,,
1657,Process,Flowchart Shapes/Containers,2,38,,,,,,,Rework,,,,,,,,,,,,,,,,,,,,,,,,,,,,,,,,,,,,,,,,,,,,,,,,,,,,,,,,,,,,,,,,,,,,,,,,,,,,,,,,,,,,,,,,,,,,,,,,,kfdRP4vcPFNz,,,
1658,Process,Flowchart Shapes/Containers,2,38,,,,,,,Objective & Planning Marketing ,,,,,,,,,,,,,,,,,,,,,,,,,,,,,,,,,,,,,,,,,,,,,,,,,,,,,,,,,,,,,,,,,,,,,,,,,,,,,,,,,,,,,,,,,,,,,,,,,U6lS~E3YPN-E,,,
1659,Process,Flowchart Shapes/Containers,2,38,,,,,,,Campaign Objective (Sales / Traffic / Awareness),,,,,,,,,,,,,,,,,,,,,,,,,,,,,,,,,,,,,,,,,,,,,,,,,,,,,,,,,,,,,,,,,,,,,,,,,,,,,,,,,,,,,,,,,,,,,,,,,l7lSSq~2rc2Y,,,
1660,Sticky note,Sticky Notes,2,38,,,,,,,"Define KPI:
(ROAS, CAC, CTR, CVR)
Budget allocation (daily/monthly)
Product selection (hero SKUs / combos)
Target ROAS 
Defined before launch
CAC ceiling decided (based on margins)
Budget split: Testing (20–30%) vs Scaling (70–80%)",,,,,,,,,,,,,,,,,,,,,,,,,,,,,,,,,,,,,,,,,,,,,,,,,,,,,,,,,,,,,,,,,,,,,,,,,,,,,,,,,,,,,,,,,,,,,,,,,J-lSCh86XPI8,,,
1661,Process,Flowchart Shapes/Containers,2,38,,,,,,,Audience Strategy,,,,,,,,,,,,,,,,,,,,,,,,,,,,,,,,,,,,,,,,,,,,,,,,,,,,,,,,,,,,,,,,,,,,,,,,,,,,,,,,,,,,,,,,,,,,,,,,,5_lSAxKOPGeQ,,,
1662,Sticky note,Sticky Notes,2,38,,,,,,,"Intent Planning:
Cold audience (interest/lookalike)
Warm audience (engagers, video viewers)
Hot audience (ATC, website visitors)
Audience overlap check (avoid cannibalization)
Exclude purchasers (unless upsell campaign)
Frequency cap monitoring",,,,,,,,,,,,,,,,,,,,,,,,,,,,,,,,,,,,,,,,,,,,,,,,,,,,,,,,,,,,,,,,,,,,,,,,,,,,,,,,,,,,,,,,,,,,,,,,,rEmSAGSQAc70,,,
1663,Sticky note,Sticky Notes,2,38,,,,,,,"Creative Requriement Guidelines: 
Occasion/ Event- ased Planning
Define ROI bjective 
Target Group (TG) identification 
Performance marketing alignment 
Approval from Sumit 
Number & type of creatives (static / video)",,,,,,,,,,,,,,,,,,,,,,,,,,,,,,,,,,,,,,,,,,,,,,,,,,,,,,,,,,,,,,,,,,,,,,,,,,,,,,,,,,,,,,,,,,,,,,,,,..ZPz5kPMI~8,,,
1664,Decision,Flowchart Shapes/Containers,2,38,,,,,,,Reporting ,,,,,,,,,,,,,,,,,,,,,,,,,,,,,,,,,,,,,,,,,,,,,,,,,,,,,,,,,,,,,,,,,,,,,,,,,,,,,,,,,,,,,,,,,,,,,,,,,QinSCCohuz1U,,,
1665,Process,Flowchart Shapes/Containers,2,38,,,,,,,Kill Underperforming Ads ,,,,,,,,,,,,,,,,,,,,,,,,,,,,,,,,,,,,,,,,,,,,,,,,,,,,,,,,,,,,,,,,,,,,,,,,,,,,,,,,,,,,,,,,,,,,,,,,,linSRZ2Y.WBZ,,,
1666,Block,Standard,2,38,,,,,,,"Kill Criteria: 
CTR < 1%
High CPC
No conversions after threshold spend
Avoid frequent budget shocks",,,,,,,,,,,,,,,,,,,,,,,,,,,,,,,,,,,,,,,,,,,,,,,,,,,,,,,,,,,,,,,,,,,,,,,,,,,,,,,,,,,,,,,,,,,,,,,,,5inSif_Gr3UN,,,
1667,Process,Flowchart Shapes/Containers,2,38,,,,,,,"Daily dashboard tracking
Weekly performance review
Insights extraction
KPIs:
ROAS
CAC
CTR
CVR
AOV",,,,,,,,,,,,,,,,,,,,,,,,,,,,,,,,,,,,,,,,,,,,,,,,,,,,,,,,,,,,,,,,,,,,,,,,,,,,,,,,,,,,,,,,,,,,,,,,,​-jnSs_6xULT8,,,
1668,Process,Flowchart Shapes/Containers,2,38,,,,,,,"Inventory Management

",,,,,,,,,,,,,,,,,,,,,,,,,,,,,,,,,,,,,,,,,,,,,,,,,,,,,,,,,,,,,,,,,,,,,,,,,,,,,,,,,,,,,,,,,,,,,,,,,8qnSLzvAL2lN,,,
1669,Process,Flowchart Shapes/Containers,2,38,,,,,,,"Product Titles
Images
Keywords
Guardrails:
First image = high clarity + benefit
Title includes keyword + USP
",,,,,,,,,,,,,,,,,,,,,,,,,,,,,,,,,,,,,,,,,,,,,,,,,,,,,,,,,,,,,,,,,,,,,,,,,,,,,,,,,,,,,,,,,,,,,,,,,irnSi4lWkPhk,,,
1670,Process,Flowchart Shapes/Containers,2,38,,,,,,,"Platform Ads

",,,,,,,,,,,,,,,,,,,,,,,,,,,,,,,,,,,,,,,,,,,,,,,,,,,,,,,,,,,,,,,,,,,,,,,,,,,,,,,,,,,,,,,,,,,,,,,,,zsnSeI1VW~sC,,,
1671,Process,Flowchart Shapes/Containers,2,38,,,,,,,"Pricing & Offers
Platform-specific pricing
Combo deals
Price parity vs D2C (or justified difference) 
Avoid deep discount wars
",,,,,,,,,,,,,,,,,,,,,,,,,,,,,,,,,,,,,,,,,,,,,,,,,,,,,,,,,,,,,,,,,,,,,,,,,,,,,,,,,,,,,,,,,,,,,,,,,OsnS8KXCdHtc,,,
1672,Process,Flowchart Shapes/Containers,2,38,,,,,,,"Ratings & Reviews:
Monitor reviews
Improve product experience
Rating > 4 minimum target
Address negative feedback quickly
",,,,,,,,,,,,,,,,,,,,,,,,,,,,,,,,,,,,,,,,,,,,,,,,,,,,,,,,,,,,,,,,,,,,,,,,,,,,,,,,,,,,,,,,,,,,,,,,,2snS-Ed9hXar,,,
1673,Process,Flowchart Shapes/Containers,2,38,,,,,,,"Cross- Functional
Budget vs Revenue tracking daily
 SKU-level profitability tracking
Attribution clarity (Meta vs platform sales)
 Creative fatigue tracking
Inventory sync with ads",,,,,,,,,,,,,,,,,,,,,,,,,,,,,,,,,,,,,,,,,,,,,,,,,,,,,,,,,,,,,,,,,,,,,,,,,,,,,,,,,,,,,,,,,,,,,,,,,ktnSvVM5bAOE,,,
1674,Sticky note,Sticky Notes,2,38,,,,,,,"Check:
Stock availability
Demand forecasting
Guardrails:
No stock-outs on hero SKUs
Minimum buffer stock maintained",,,,,,,,,,,,,,,,,,,,,,,,,,,,,,,,,,,,,,,,,,,,,,,,,,,,,,,,,,,,,,,,,,,,,,,,,,,,,,,,,,,,,,,,,,,,,,,,,wynSNY.q_swb,,,
1675,Block,Standard,2,38,,,,,,,"Sponsored listings
Banner placements
Focus on high-converting SKUs
Avoid spreading budget thin
",,,,,,,,,,,,,,,,,,,,,,,,,,,,,,,,,,,,,,,,,,,,,,,,,,,,,,,,,,,,,,,,,,,,,,,,,,,,,,,,,,,,,,,,,,,,,,,,,vAnSCOGcNPXl,,,
1676,Block,Standard,2,38,,,,,,,"Campaign type (Advantage+ / Manual)
Conversion event (Purchase)
Pixel check
Ad set budget allocation
Creative upload
Pixel firing correctly
Conversion API active (if possible)
Naming convention standard:
Campaign_Objective_Date
UTM tagging mandatory",,,,,,,,,,,,,,,,,,,,,,,,,,,,,,,,,,,,,,,,,,,,,,,,,,,,,,,,,,,,,,,,,,,,,,,,,,,,,,,,,,,,,,,,,,,,,,,,,6QnSNZeOS0dg,,,
1677,Sticky note,Sticky Notes,2,38,,,,,,,"Creative Requriement Guidelines: 
Minimum 3–5 creatives per ad set
First 3 sec hook mandatory
Clear CTA (Shop Now / Buy Now)
No misleading claims",,,,,,,,,,,,,,,,,,,,,,,,,,,,,,,,,,,,,,,,,,,,,,,,,,,,,,,,,,,,,,,,,,,,,,,,,,,,,,,,,,,,,,,,,,,,,,,,,0HmSjiMAeMdc,,,
1678,Line,,2,,,50,900,None,Arrow,,Pass,,,,,,,,,,,,,,,,,,,,,,,,,,,,,,,,,,,,,,,,,,,,,,,,,,,,,,,,,,,,,,,,,,,,,,,,,,,,,,,,,,,,,,,,,,,,,,,,,Yr79p3_5PzSi,,,
1679,Line,,2,,,54,61,None,Arrow,,,,,,,,,,,,,,,,,,,,,,,,,,,,,,,,,,,,,,,,,,,,,,,,,,,,,,,,,,,,,,,,,,,,,,,,,,,,,,,,,,,,,,,,,,,,,,,,,,,iC79qXfCRcwL,,,
1680,Line,,2,,,116,58,None,Equilateral Arrow,,,,,,,,,,,,,,,,,,,,,,,,,,,,,,,,,,,,,,,,,,,,,,,,,,,,,,,,,,,,,,,,,,,,,,,,,,,,,,,,,,,,,,,,,,,,,,,,,,,TO1~wEfXRPQX,,,
1681,Line,,2,,,116,59,None,Equilateral Arrow,,,,,,,,,,,,,,,,,,,,,,,,,,,,,,,,,,,,,,,,,,,,,,,,,,,,,,,,,,,,,,,,,,,,,,,,,,,,,,,,,,,,,,,,,,,,,,,,,,,WO1~9ZVuB_te,,,
1682,Line,,2,,,116,60,None,Equilateral Arrow,,,,,,,,,,,,,,,,,,,,,,,,,,,,,,,,,,,,,,,,,,,,,,,,,,,,,,,,,,,,,,,,,,,,,,,,,,,,,,,,,,,,,,,,,,,,,,,,,,,YO1~Blch~vsU,,,
1683,Line,,2,,,50,672,None,Equilateral Arrow,,Rejected,,,,,,,,,,,,,,,,,,,,,,,,,,,,,,,,,,,,,,,,,,,,,,,,,,,,,,,,,,,,,,,,,,,,,,,,,,,,,,,,,,,,,,,,,,,,,,,,,HEuaq_00pCP9,,,
1684,Line,,2,,,62,63,None,Equilateral Arrow,,,,,,,,,,,,,,,,,,,,,,,,,,,,,,,,,,,,,,,,,,,,,,,,,,,,,,,,,,,,,,,,,,,,,,,,,,,,,,,,,,,,,,,,,,,,,,,,,,,nSTaaCyEPkxP,,,
1685,Line,,2,,,62,64,None,None,,,,,,,,,,,,,,,,,,,,,,,,,,,,,,,,,,,,,,,,,,,,,,,,,,,,,,,,,,,,,,,,,,,,,,,,,,,,,,,,,,,,,,,,,,,,,,,,,,,OSTaUHkPgKsH,,,
1686,Line,,2,,,63,65,None,Equilateral Arrow,,,,,,,,,,,,,,,,,,,,,,,,,,,,,,,,,,,,,,,,,,,,,,,,,,,,,,,,,,,,,,,,,,,,,,,,,,,,,,,,,,,,,,,,,,,,,,,,,,,nTTahxIo3MW4,,,
1687,Line,,2,,,63,66,None,None,,,,,,,,,,,,,,,,,,,,,,,,,,,,,,,,,,,,,,,,,,,,,,,,,,,,,,,,,,,,,,,,,,,,,,,,,,,,,,,,,,,,,,,,,,,,,,,,,,,6TTa9pCi~osi,,,
1688,Line,,2,,,67,68,None,Equilateral Arrow,,Yes,,,,,,,,,,,,,,,,,,,,,,,,,,,,,,,,,,,,,,,,,,,,,,,,,,,,,,,,,,,,,,,,,,,,,,,,,,,,,,,,,,,,,,,,,,,,,,,,,2XTaNDmPsUJq,,,
1689,Line,,2,,,67,69,None,Equilateral Arrow,,No,,,,,,,,,,,,,,,,,,,,,,,,,,,,,,,,,,,,,,,,,,,,,,,,,,,,,,,,,,,,,,,,,,,,,,,,,,,,,,,,,,,,,,,,,,,,,,,,,8XTaZ~1xLe~w,,,
1690,Line,,2,,,68,70,None,Equilateral Arrow,,,,,,,,,,,,,,,,,,,,,,,,,,,,,,,,,,,,,,,,,,,,,,,,,,,,,,,,,,,,,,,,,,,,,,,,,,,,,,,,,,,,,,,,,,,,,,,,,,,~YTaTT_dTR.V,,,
1691,Line,,2,,,70,71,None,Equilateral Arrow,,Yes,,,,,,,,,,,,,,,,,,,,,,,,,,,,,,,,,,,,,,,,,,,,,,,,,,,,,,,,,,,,,,,,,,,,,,,,,,,,,,,,,,,,,,,,,,,,,,,,,QZTalCjeQKsU,,,
1692,Line,,2,,,65,67,None,Equilateral Arrow,,,,,,,,,,,,,,,,,,,,,,,,,,,,,,,,,,,,,,,,,,,,,,,,,,,,,,,,,,,,,,,,,,,,,,,,,,,,,,,,,,,,,,,,,,,,,,,,,,,Q.Ta7~lJvK3D,,,
1693,Line,,2,,,69,73,None,Equilateral Arrow,,No,NO,,,,,,,,,,,,,,,,,,,,,,,,,,,,,,,,,,,,,,,,,,,,,,,,,,,,,,,,,,,,,,,,,,,,,,,,,,,,,,,,,,,,,,,,,,,,,,,,sbabBl2CzF~R,,,
1694,Line,,2,,,73,74,None,Equilateral Arrow,,Yes,,,,,,,,,,,,,,,,,,,,,,,,,,,,,,,,,,,,,,,,,,,,,,,,,,,,,,,,,,,,,,,,,,,,,,,,,,,,,,,,,,,,,,,,,,,,,,,,,fcabFumVSngx,,,
1695,Line,,2,,,72,74,None,Equilateral Arrow,,Yes,,,,,,,,,,,,,,,,,,,,,,,,,,,,,,,,,,,,,,,,,,,,,,,,,,,,,,,,,,,,,,,,,,,,,,,,,,,,,,,,,,,,,,,,,,,,,,,,,ocabbx6u8u9A,,,
1696,Line,,2,,,70,73,None,Equilateral Arrow,,No,,,,,,,,,,,,,,,,,,,,,,,,,,,,,,,,,,,,,,,,,,,,,,,,,,,,,,,,,,,,,,,,,,,,,,,,,,,,,,,,,,,,,,,,,,,,,,,,,_cab5bAwN5Vk,,,
1697,Line,,2,,,70,72,None,Equilateral Arrow,,NO,No,,,,,,,,,,,,,,,,,,,,,,,,,,,,,,,,,,,,,,,,,,,,,,,,,,,,,,,,,,,,,,,,,,,,,,,,,,,,,,,,,,,,,,,,,,,,,,,,bdabYXN~lZ8z,,,
1698,Line,,2,,,74,75,None,Equilateral Arrow,,,,,,,,,,,,,,,,,,,,,,,,,,,,,,,,,,,,,,,,,,,,,,,,,,,,,,,,,,,,,,,,,,,,,,,,,,,,,,,,,,,,,,,,,,,,,,,,,,,meabG__sVBkl,,,
1699,Line,,2,,,75,76,None,None,,,,,,,,,,,,,,,,,,,,,,,,,,,,,,,,,,,,,,,,,,,,,,,,,,,,,,,,,,,,,,,,,,,,,,,,,,,,,,,,,,,,,,,,,,,,,,,,,,,jgabqC5a7zAB,,,
1700,Line,,2,,,75,77,None,Equilateral Arrow,,,,,,,,,,,,,,,,,,,,,,,,,,,,,,,,,,,,,,,,,,,,,,,,,,,,,,,,,,,,,,,,,,,,,,,,,,,,,,,,,,,,,,,,,,,,,,,,,,,KPbbG8m_YN26,,,
1701,Line,,2,,,78,79,None,Equilateral Arrow,,,,,,,,,,,,,,,,,,,,,,,,,,,,,,,,,,,,,,,,,,,,,,,,,,,,,,,,,,,,,,,,,,,,,,,,,,,,,,,,,,,,,,,,,,,,,,,,,,,Wpcbcwb~XeQz,,,
1702,Line,,2,,,78,80,None,Equilateral Arrow,,,,,,,,,,,,,,,,,,,,,,,,,,,,,,,,,,,,,,,,,,,,,,,,,,,,,,,,,,,,,,,,,,,,,,,,,,,,,,,,,,,,,,,,,,,,,,,,,,,Ypcby29-FZTZ,,,
1703,Line,,2,,,78,81,None,Equilateral Arrow,,,,,,,,,,,,,,,,,,,,,,,,,,,,,,,,,,,,,,,,,,,,,,,,,,,,,,,,,,,,,,,,,,,,,,,,,,,,,,,,,,,,,,,,,,,,,,,,,,,0pcbjqOXyo5c,,,
1704,Line,,2,,,78,82,None,Equilateral Arrow,,,,,,,,,,,,,,,,,,,,,,,,,,,,,,,,,,,,,,,,,,,,,,,,,,,,,,,,,,,,,,,,,,,,,,,,,,,,,,,,,,,,,,,,,,,,,,,,,,,1pcbNx6TEHII,,,
1705,Line,,2,,,79,83,None,Equilateral Arrow,,,,,,,,,,,,,,,,,,,,,,,,,,,,,,,,,,,,,,,,,,,,,,,,,,,,,,,,,,,,,,,,,,,,,,,,,,,,,,,,,,,,,,,,,,,,,,,,,,,ETcb5_P~OvCF,,,
1706,Line,,2,,,83,84,None,Equilateral Arrow,,,,,,,,,,,,,,,,,,,,,,,,,,,,,,,,,,,,,,,,,,,,,,,,,,,,,,,,,,,,,,,,,,,,,,,,,,,,,,,,,,,,,,,,,,,,,,,,,,,YTcbnvBSFL0e,,,
1707,Line,,2,,,85,86,None,Equilateral Arrow,,Yes,,,,,,,,,,,,,,,,,,,,,,,,,,,,,,,,,,,,,,,,,,,,,,,,,,,,,,,,,,,,,,,,,,,,,,,,,,,,,,,,,,,,,,,,,,,,,,,,,uAeb0PkI_Vhd,,,
1708,Line,,2,,,85,87,None,None,,,,,,,,,,,,,,,,,,,,,,,,,,,,,,,,,,,,,,,,,,,,,,,,,,,,,,,,,,,,,,,,,,,,,,,,,,,,,,,,,,,,,,,,,,,,,,,,,,,nFebS~Ui5vMe,,,
1709,Line,,2,,,94,88,None,None,,,,,,,,,,,,,,,,,,,,,,,,,,,,,,,,,,,,,,,,,,,,,,,,,,,,,,,,,,,,,,,,,,,,,,,,,,,,,,,,,,,,,,,,,,,,,,,,,,,2GebdV3--Y6w,,,
1710,Line,,2,,,86,89,None,Equilateral Arrow,,,,,,,,,,,,,,,,,,,,,,,,,,,,,,,,,,,,,,,,,,,,,,,,,,,,,,,,,,,,,,,,,,,,,,,,,,,,,,,,,,,,,,,,,,,,,,,,,,,_Kebzt9qqbSn,,,
1711,Line,,2,,,89,62,None,Equilateral Arrow,,,,,,,,,,,,,,,,,,,,,,,,,,,,,,,,,,,,,,,,,,,,,,,,,,,,,,,,,,,,,,,,,,,,,,,,,,,,,,,,,,,,,,,,,,,,,,,,,,,​-LebKwmWS_Fs,,,
1712,Line,,2,,,78,90,None,Equilateral Arrow,,,,,,,,,,,,,,,,,,,,,,,,,,,,,,,,,,,,,,,,,,,,,,,,,,,,,,,,,,,,,,,,,,,,,,,,,,,,,,,,,,,,,,,,,,,,,,,,,,,0MebxHIqodMw,,,
1713,Line,,2,,,78,91,None,Equilateral Arrow,,,,,,,,,,,,,,,,,,,,,,,,,,,,,,,,,,,,,,,,,,,,,,,,,,,,,,,,,,,,,,,,,,,,,,,,,,,,,,,,,,,,,,,,,,,,,,,,,,,2Mebkia2.vcP,,,
1714,Line,,2,,,78,92,None,Equilateral Arrow,,,,,,,,,,,,,,,,,,,,,,,,,,,,,,,,,,,,,,,,,,,,,,,,,,,,,,,,,,,,,,,,,,,,,,,,,,,,,,,,,,,,,,,,,,,,,,,,,,,4MebUduTXM9s,,,
1715,Line,,2,,,78,93,None,Equilateral Arrow,,,,,,,,,,,,,,,,,,,,,,,,,,,,,,,,,,,,,,,,,,,,,,,,,,,,,,,,,,,,,,,,,,,,,,,,,,,,,,,,,,,,,,,,,,,,,,,,,,,HNebz-wYQ9DL,,,
1716,Line,,2,,,84,94,None,Equilateral Arrow,,,,,,,,,,,,,,,,,,,,,,,,,,,,,,,,,,,,,,,,,,,,,,,,,,,,,,,,,,,,,,,,,,,,,,,,,,,,,,,,,,,,,,,,,,,,,,,,,,,PrpbWvJYSri4,,,
1717,Line,,2,,,94,85,None,Equilateral Arrow,,Yes,,,,,,,,,,,,,,,,,,,,,,,,,,,,,,,,,,,,,,,,,,,,,,,,,,,,,,,,,,,,,,,,,,,,,,,,,,,,,,,,,,,,,,,,,,,,,,,,,LspbILrmr08H,,,
1718,Line,,2,,,94,95,None,Equilateral Arrow,,No,,,,,,,,,,,,,,,,,,,,,,,,,,,,,,,,,,,,,,,,,,,,,,,,,,,,,,,,,,,,,,,,,,,,,,,,,,,,,,,,,,,,,,,,,,,,,,,,,4xpbkdBhnivW,,,
1719,Line,,2,,,95,96,None,Equilateral Arrow,,,,,,,,,,,,,,,,,,,,,,,,,,,,,,,,,,,,,,,,,,,,,,,,,,,,,,,,,,,,,,,,,,,,,,,,,,,,,,,,,,,,,,,,,,,,,,,,,,,XOpbn7Vjnh2w,,,
1720,Line,,2,,,80,97,None,Equilateral Arrow,,,,,,,,,,,,,,,,,,,,,,,,,,,,,,,,,,,,,,,,,,,,,,,,,,,,,,,,,,,,,,,,,,,,,,,,,,,,,,,,,,,,,,,,,,,,,,,,,,,qXpbJcFUEpsw,,,
1721,Line,,2,,,97,98,None,Equilateral Arrow,,,,,,,,,,,,,,,,,,,,,,,,,,,,,,,,,,,,,,,,,,,,,,,,,,,,,,,,,,,,,,,,,,,,,,,,,,,,,,,,,,,,,,,,,,,,,,,,,,,UhqbnzKeoqGK,,,
1722,Line,,2,,,99,94,None,Equilateral Arrow,,,,,,,,,,,,,,,,,,,,,,,,,,,,,,,,,,,,,,,,,,,,,,,,,,,,,,,,,,,,,,,,,,,,,,,,,,,,,,,,,,,,,,,,,,,,,,,,,,,piqbb1HBwZff,,,
1723,Line,,2,,,97,99,None,Equilateral Arrow,,,,,,,,,,,,,,,,,,,,,,,,,,,,,,,,,,,,,,,,,,,,,,,,,,,,,,,,,,,,,,,,,,,,,,,,,,,,,,,,,,,,,,,,,,,,,,,,,,,0uqb6zGNQI_S,,,
1724,Line,,2,,,92,100,None,Equilateral Arrow,,,,,,,,,,,,,,,,,,,,,,,,,,,,,,,,,,,,,,,,,,,,,,,,,,,,,,,,,,,,,,,,,,,,,,,,,,,,,,,,,,,,,,,,,,,,,,,,,,,y4sba7H-Fm7A,,,
1725,Line,,2,,,100,101,None,Equilateral Arrow,,,,,,,,,,,,,,,,,,,,,,,,,,,,,,,,,,,,,,,,,,,,,,,,,,,,,,,,,,,,,,,,,,,,,,,,,,,,,,,,,,,,,,,,,,,,,,,,,,,Eatb4IxBhfbT,,,
1726,Line,,2,,,100,102,None,Equilateral Arrow,,,,,,,,,,,,,,,,,,,,,,,,,,,,,,,,,,,,,,,,,,,,,,,,,,,,,,,,,,,,,,,,,,,,,,,,,,,,,,,,,,,,,,,,,,,,,,,,,,,gdtbc8ExeFu.,,,
1727,Line,,2,,,101,103,None,Equilateral Arrow,,,,,,,,,,,,,,,,,,,,,,,,,,,,,,,,,,,,,,,,,,,,,,,,,,,,,,,,,,,,,,,,,,,,,,,,,,,,,,,,,,,,,,,,,,,,,,,,,,,Fhtbt12tFv1l,,,
1728,Line,,2,,,103,104,None,Equilateral Arrow,,,,,,,,,,,,,,,,,,,,,,,,,,,,,,,,,,,,,,,,,,,,,,,,,,,,,,,,,,,,,,,,,,,,,,,,,,,,,,,,,,,,,,,,,,,,,,,,,,,LuubrTAkdO9q,,,
1729,Line,,2,,,104,105,None,Equilateral Arrow,,,,,,,,,,,,,,,,,,,,,,,,,,,,,,,,,,,,,,,,,,,,,,,,,,,,,,,,,,,,,,,,,,,,,,,,,,,,,,,,,,,,,,,,,,,,,,,,,,,QyubaEVOIkqA,,,
1730,Line,,2,,,105,106,None,Equilateral Arrow,,,,,,,,,,,,,,,,,,,,,,,,,,,,,,,,,,,,,,,,,,,,,,,,,,,,,,,,,,,,,,,,,,,,,,,,,,,,,,,,,,,,,,,,,,,,,,,,,,,UyubOYzwzlFC,,,
1731,Line,,2,,,107,108,None,Equilateral Arrow,,,,,,,,,,,,,,,,,,,,,,,,,,,,,,,,,,,,,,,,,,,,,,,,,,,,,,,,,,,,,,,,,,,,,,,,,,,,,,,,,,,,,,,,,,,,,,,,,,,MK6c_U-NuefB,,,
1732,Line,,2,,,108,109,None,Equilateral Arrow,,,,,,,,,,,,,,,,,,,,,,,,,,,,,,,,,,,,,,,,,,,,,,,,,,,,,,,,,,,,,,,,,,,,,,,,,,,,,,,,,,,,,,,,,,,,,,,,,,,2K6c_Y7iYMi~,,,
1733,Line,,2,,,108,110,None,Equilateral Arrow,,,,,,,,,,,,,,,,,,,,,,,,,,,,,,,,,,,,,,,,,,,,,,,,,,,,,,,,,,,,,,,,,,,,,,,,,,,,,,,,,,,,,,,,,,,,,,,,,,,MM6c-UYc.Fa-,,,
1734,Line,,2,,,108,111,None,Equilateral Arrow,,,,,,,,,,,,,,,,,,,,,,,,,,,,,,,,,,,,,,,,,,,,,,,,,,,,,,,,,,,,,,,,,,,,,,,,,,,,,,,,,,,,,,,,,,,,,,,,,,,NM6cZR~2_q-N,,,
1735,Line,,2,,,110,112,None,Equilateral Arrow,,,,,,,,,,,,,,,,,,,,,,,,,,,,,,,,,,,,,,,,,,,,,,,,,,,,,,,,,,,,,,,,,,,,,,,,,,,,,,,,,,,,,,,,,,,,,,,,,,,7N6cJK~YHoA2,,,
1736,Line,,2,,,112,113,None,Equilateral Arrow,,,,,,,,,,,,,,,,,,,,,,,,,,,,,,,,,,,,,,,,,,,,,,,,,,,,,,,,,,,,,,,,,,,,,,,,,,,,,,,,,,,,,,,,,,,,,,,,,,,iP6cknvPGWqb,,,
1737,Line,,2,,,113,114,None,Equilateral Arrow,,,,,,,,,,,,,,,,,,,,,,,,,,,,,,,,,,,,,,,,,,,,,,,,,,,,,,,,,,,,,,,,,,,,,,,,,,,,,,,,,,,,,,,,,,,,,,,,,,,CRcdfZBPxaWN,,,
1738,Line,,2,,,112,115,None,Equilateral Arrow,,,,,,,,,,,,,,,,,,,,,,,,,,,,,,,,,,,,,,,,,,,,,,,,,,,,,,,,,,,,,,,,,,,,,,,,,,,,,,,,,,,,,,,,,,,,,,,,,,,TRcd3mIZT-qv,,,
1739,Line,,2,,,116,117,None,Equilateral Arrow,,,,,,,,,,,,,,,,,,,,,,,,,,,,,,,,,,,,,,,,,,,,,,,,,,,,,,,,,,,,,,,,,,,,,,,,,,,,,,,,,,,,,,,,,,,,,,,,,,,ijue8Uamm~sl,,,
1740,Line,,2,,,119,122,None,Equilateral Arrow,,,,,,,,,,,,,,,,,,,,,,,,,,,,,,,,,,,,,,,,,,,,,,,,,,,,,,,,,,,,,,,,,,,,,,,,,,,,,,,,,,,,,,,,,,,,,,,,,,,UmDfzqgAKdw0,,,
1741,Line,,2,,,122,121,None,Equilateral Arrow,,,,,,,,,,,,,,,,,,,,,,,,,,,,,,,,,,,,,,,,,,,,,,,,,,,,,,,,,,,,,,,,,,,,,,,,,,,,,,,,,,,,,,,,,,,,,,,,,,,fpDfaFWDw161,,,
1742,Line,,2,,,121,123,None,Equilateral Arrow,,,,,,,,,,,,,,,,,,,,,,,,,,,,,,,,,,,,,,,,,,,,,,,,,,,,,,,,,,,,,,,,,,,,,,,,,,,,,,,,,,,,,,,,,,,,,,,,,,,3pDfGF~ohusX,,,
1743,Line,,2,,,123,124,None,None,,,,,,,,,,,,,,,,,,,,,,,,,,,,,,,,,,,,,,,,,,,,,,,,,,,,,,,,,,,,,,,,,,,,,,,,,,,,,,,,,,,,,,,,,,,,,,,,,,,fqDfuyWAaix8,,,
1744,Line,,2,,,123,120,None,Equilateral Arrow,,,,,,,,,,,,,,,,,,,,,,,,,,,,,,,,,,,,,,,,,,,,,,,,,,,,,,,,,,,,,,,,,,,,,,,,,,,,,,,,,,,,,,,,,,,,,,,,,,,jrDfT4vl5dku,,,
1745,Line,,2,,,120,125,None,Equilateral Arrow,,,,,,,,,,,,,,,,,,,,,,,,,,,,,,,,,,,,,,,,,,,,,,,,,,,,,,,,,,,,,,,,,,,,,,,,,,,,,,,,,,,,,,,,,,,,,,,,,,,~HDffH_UDtz3,,,
1746,Line,,2,,,124,126,None,None,,,,,,,,,,,,,,,,,,,,,,,,,,,,,,,,,,,,,,,,,,,,,,,,,,,,,,,,,,,,,,,,,,,,,,,,,,,,,,,,,,,,,,,,,,,,,,,,,,,MvDfth~whx8m,,,
1747,Line,,2,,,125,127,None,None,,,,,,,,,,,,,,,,,,,,,,,,,,,,,,,,,,,,,,,,,,,,,,,,,,,,,,,,,,,,,,,,,,,,,,,,,,,,,,,,,,,,,,,,,,,,,,,,,,,lEDfXHP5lZuh,,,
1748,Line,,2,,,129,130,None,Equilateral Arrow,,,,,,,,,,,,,,,,,,,,,,,,,,,,,,,,,,,,,,,,,,,,,,,,,,,,,,,,,,,,,,,,,,,,,,,,,,,,,,,,,,,,,,,,,,,,,,,,,,,qRDfoMku~Lzp,,,
1749,Line,,2,,,130,131,None,Equilateral Arrow,,Yes,,,,,,,,,,,,,,,,,,,,,,,,,,,,,,,,,,,,,,,,,,,,,,,,,,,,,,,,,,,,,,,,,,,,,,,,,,,,,,,,,,,,,,,,,,,,,,,,,KSDfjk6zps~n,,,
1750,Line,,2,,,130,137,None,Equilateral Arrow,,No,,,,,,,,,,,,,,,,,,,,,,,,,,,,,,,,,,,,,,,,,,,,,,,,,,,,,,,,,,,,,,,,,,,,,,,,,,,,,,,,,,,,,,,,,,,,,,,,,NSDf-vDrwMy5,,,
1751,Line,,2,,,137,131,None,Equilateral Arrow,,,,,,,,,,,,,,,,,,,,,,,,,,,,,,,,,,,,,,,,,,,,,,,,,,,,,,,,,,,,,,,,,,,,,,,,,,,,,,,,,,,,,,,,,,,,,,,,,,,kYDf~fVv4Lrw,,,
1752,Line,,2,,,131,132,None,None,,,,,,,,,,,,,,,,,,,,,,,,,,,,,,,,,,,,,,,,,,,,,,,,,,,,,,,,,,,,,,,,,,,,,,,,,,,,,,,,,,,,,,,,,,,,,,,,,,,OWDfK-wZ5Cvq,,,
1753,Line,,2,,,136,131,None,Equilateral Arrow,,,,,,,,,,,,,,,,,,,,,,,,,,,,,,,,,,,,,,,,,,,,,,,,,,,,,,,,,,,,,,,,,,,,,,,,,,,,,,,,,,,,,,,,,,,,,,,,,,,uaEfn176xQ4a,,,
1754,Line,,2,,,160,133,None,Equilateral Arrow,,,,,,,,,,,,,,,,,,,,,,,,,,,,,,,,,,,,,,,,,,,,,,,,,,,,,,,,,,,,,,,,,,,,,,,,,,,,,,,,,,,,,,,,,,,,,,,,,,,DbGf.R4VOLH1,,,
1755,Line,,2,,,131,160,None,Equilateral Arrow,,,,,,,,,,,,,,,,,,,,,,,,,,,,,,,,,,,,,,,,,,,,,,,,,,,,,,,,,,,,,,,,,,,,,,,,,,,,,,,,,,,,,,,,,,,,,,,,,,,lZDfgbr2.7z8,,,
1756,Line,,2,,,133,134,None,Equilateral Arrow,,Yes,,,,,,,,,,,,,,,,,,,,,,,,,,,,,,,,,,,,,,,,,,,,,,,,,,,,,,,,,,,,,,,,,,,,,,,,,,,,,,,,,,,,,,,,,,,,,,,,,p0DfYv~VUta7,,,
1757,Line,,2,,,125,135,None,Equilateral Arrow,,,,,,,,,,,,,,,,,,,,,,,,,,,,,,,,,,,,,,,,,,,,,,,,,,,,,,,,,,,,,,,,,,,,,,,,,,,,,,,,,,,,,,,,,,,,,,,,,,,d.DfUqC~s_Pa,,,
1758,Line,,2,,,135,136,None,Equilateral Arrow,,Yes,,,,,,,,,,,,,,,,,,,,,,,,,,,,,,,,,,,,,,,,,,,,,,,,,,,,,,,,,,,,,,,,,,,,,,,,,,,,,,,,,,,,,,,,,,,,,,,,,2.DfUUk-J1u4,,,
1759,Line,,2,,,135,129,None,Equilateral Arrow,,No,,,,,,,,,,,,,,,,,,,,,,,,,,,,,,,,,,,,,,,,,,,,,,,,,,,,,,,,,,,,,,,,,,,,,,,,,,,,,,,,,,,,,,,,,,,,,,,,,3.Df7HMQ4kNO,,,
1760,Line,,2,,,133,138,None,Equilateral Arrow,,No,,,,,,,,,,,,,,,,,,,,,,,,,,,,,,,,,,,,,,,,,,,,,,,,,,,,,,,,,,,,,,,,,,,,,,,,,,,,,,,,,,,,,,,,,,,,,,,,,WcEfUzYfqj~8,,,
1761,Line,,2,,,134,139,None,Equilateral Arrow,,,,,,,,,,,,,,,,,,,,,,,,,,,,,,,,,,,,,,,,,,,,,,,,,,,,,,,,,,,,,,,,,,,,,,,,,,,,,,,,,,,,,,,,,,,,,,,,,,,8fEfpzEFe88i,,,
1762,Line,,2,,,139,140,None,None,,,,,,,,,,,,,,,,,,,,,,,,,,,,,,,,,,,,,,,,,,,,,,,,,,,,,,,,,,,,,,,,,,,,,,,,,,,,,,,,,,,,,,,,,,,,,,,,,,,.hEf-63JIAkZ,,,
1763,Line,,2,,,139,141,None,Equilateral Arrow,,,,,,,,,,,,,,,,,,,,,,,,,,,,,,,,,,,,,,,,,,,,,,,,,,,,,,,,,,,,,,,,,,,,,,,,,,,,,,,,,,,,,,,,,,,,,,,,,,,jmEfLTsTBEMr,,,
1764,Line,,2,,,141,142,None,Equilateral Arrow,,,,,,,,,,,,,,,,,,,,,,,,,,,,,,,,,,,,,,,,,,,,,,,,,,,,,,,,,,,,,,,,,,,,,,,,,,,,,,,,,,,,,,,,,,,,,,,,,,,xmEfkynl2tc_,,,
1765,Line,,2,,,142,143,None,Equilateral Arrow,,Yes,,,,,,,,,,,,,,,,,,,,,,,,,,,,,,,,,,,,,,,,,,,,,,,,,,,,,,,,,,,,,,,,,,,,,,,,,,,,,,,,,,,,,,,,,,,,,,,,,pnEf9kVlA2hq,,,
1766,Line,,2,,,142,144,None,Equilateral Arrow,,No,,,,,,,,,,,,,,,,,,,,,,,,,,,,,,,,,,,,,,,,,,,,,,,,,,,,,,,,,,,,,,,,,,,,,,,,,,,,,,,,,,,,,,,,,,,,,,,,,rnEf9eWtNxSR,,,
1767,Line,,2,,,143,145,None,Equilateral Arrow,,Yes,,,,,,,,,,,,,,,,,,,,,,,,,,,,,,,,,,,,,,,,,,,,,,,,,,,,,,,,,,,,,,,,,,,,,,,,,,,,,,,,,,,,,,,,,,,,,,,,,moEf6Mfm5tYh,,,
1768,Line,,2,,,143,139,None,Equilateral Arrow,,No,,,,,,,,,,,,,,,,,,,,,,,,,,,,,,,,,,,,,,,,,,,,,,,,,,,,,,,,,,,,,,,,,,,,,,,,,,,,,,,,,,,,,,,,,,,,,,,,,roEf4K9zlJLm,,,
1769,Line,,2,,,144,142,None,Equilateral Arrow,,,,,,,,,,,,,,,,,,,,,,,,,,,,,,,,,,,,,,,,,,,,,,,,,,,,,,,,,,,,,,,,,,,,,,,,,,,,,,,,,,,,,,,,,,,,,,,,,,,kvEfrxm7cxHM,,,
1770,Line,,2,,,146,149,None,Equilateral Arrow,,,,,,,,,,,,,,,,,,,,,,,,,,,,,,,,,,,,,,,,,,,,,,,,,,,,,,,,,,,,,,,,,,,,,,,,,,,,,,,,,,,,,,,,,,,,,,,,,,,GdFf9xqzkLWq,,,
1771,Line,,2,,,149,148,None,Equilateral Arrow,,,,,,,,,,,,,,,,,,,,,,,,,,,,,,,,,,,,,,,,,,,,,,,,,,,,,,,,,,,,,,,,,,,,,,,,,,,,,,,,,,,,,,,,,,,,,,,,,,,GdFfiQBo-qDt,,,
1772,Line,,2,,,148,147,None,Equilateral Arrow,,,,,,,,,,,,,,,,,,,,,,,,,,,,,,,,,,,,,,,,,,,,,,,,,,,,,,,,,,,,,,,,,,,,,,,,,,,,,,,,,,,,,,,,,,,,,,,,,,,4qFfty899us4,,,
1773,Line,,2,,,150,152,None,None,,,,,,,,,,,,,,,,,,,,,,,,,,,,,,,,,,,,,,,,,,,,,,,,,,,,,,,,,,,,,,,,,,,,,,,,,,,,,,,,,,,,,,,,,,,,,,,,,,,urFf1b-~QUk8,,,
1774,Line,,2,,,147,154,None,Equilateral Arrow,,,,,,,,,,,,,,,,,,,,,,,,,,,,,,,,,,,,,,,,,,,,,,,,,,,,,,,,,,,,,,,,,,,,,,,,,,,,,,,,,,,,,,,,,,,,,,,,,,,ysFffHX7idUj,,,
1775,Line,,2,,,154,153,None,None,,,,,,,,,,,,,,,,,,,,,,,,,,,,,,,,,,,,,,,,,,,,,,,,,,,,,,,,,,,,,,,,,,,,,,,,,,,,,,,,,,,,,,,,,,,,,,,,,,,1sFfdm9AXXB4,,,
1776,Line,,2,,,154,150,None,Equilateral Arrow,,,,,,,,,,,,,,,,,,,,,,,,,,,,,,,,,,,,,,,,,,,,,,,,,,,,,,,,,,,,,,,,,,,,,,,,,,,,,,,,,,,,,,,,,,,,,,,,,,,8sFf7VdJ6JIS,,,
1777,Line,,2,,,150,155,None,Equilateral Arrow,,,,,,,,,,,,,,,,,,,,,,,,,,,,,,,,,,,,,,,,,,,,,,,,,,,,,,,,,,,,,,,,,,,,,,,,,,,,,,,,,,,,,,,,,,,,,,,,,,,fuFftHLuCEg.,,,
1778,Line,,2,,,156,157,None,Equilateral Arrow,,Yes,,,,,,,,,,,,,,,,,,,,,,,,,,,,,,,,,,,,,,,,,,,,,,,,,,,,,,,,,,,,,,,,,,,,,,,,,,,,,,,,,,,,,,,,,,,,,,,,,Y6FfdaP~a91h,,,
1779,Line,,2,,,156,158,None,Equilateral Arrow,,No,,,,,,,,,,,,,,,,,,,,,,,,,,,,,,,,,,,,,,,,,,,,,,,,,,,,,,,,,,,,,,,,,,,,,,,,,,,,,,,,,,,,,,,,,,,,,,,,,Y6FfRpP00SQJ,,,
1780,Line,,2,,,155,156,None,Equilateral Arrow,,,,,,,,,,,,,,,,,,,,,,,,,,,,,,,,,,,,,,,,,,,,,,,,,,,,,,,,,,,,,,,,,,,,,,,,,,,,,,,,,,,,,,,,,,,,,,,,,,,a7Ffb01RhfDn,,,
1781,Line,,2,,,157,159,None,Equilateral Arrow,,,,,,,,,,,,,,,,,,,,,,,,,,,,,,,,,,,,,,,,,,,,,,,,,,,,,,,,,,,,,,,,,,,,,,,,,,,,,,,,,,,,,,,,,,,,,,,,,,,​-9FfyEyvm6wP,,,
1782,Line,,2,,,156,161,None,None,,,,,,,,,,,,,,,,,,,,,,,,,,,,,,,,,,,,,,,,,,,,,,,,,,,,,,,,,,,,,,,,,,,,,,,,,,,,,,,,,,,,,,,,,,,,,,,,,,,QfGfRr5NflQM,,,
1783,Line,,2,,,163,162,None,Equilateral Arrow,,,,,,,,,,,,,,,,,,,,,,,,,,,,,,,,,,,,,,,,,,,,,,,,,,,,,,,,,,,,,,,,,,,,,,,,,,,,,,,,,,,,,,,,,,,,,,,,,,,QrGfrw_Qf-ec,,,
1784,Line,,2,,,41,163,None,Equilateral Arrow,,,,,,,,,,,,,,,,,,,,,,,,,,,,,,,,,,,,,,,,,,,,,,,,,,,,,,,,,,,,,,,,,,,,,,,,,,,,,,,,,,,,,,,,,,,,,,,,,,,llGf7Woqn1eD,,,
1785,Line,,2,,,162,165,None,None,,,,,,,,,,,,,,,,,,,,,,,,,,,,,,,,,,,,,,,,,,,,,,,,,,,,,,,,,,,,,,,,,,,,,,,,,,,,,,,,,,,,,,,,,,,,,,,,,,,gmGf~ASDzPtD,,,
1786,Line,,2,,,162,164,None,Equilateral Arrow,,,,,,,,,,,,,,,,,,,,,,,,,,,,,,,,,,,,,,,,,,,,,,,,,,,,,,,,,,,,,,,,,,,,,,,,,,,,,,,,,,,,,,,,,,,,,,,,,,,9vGfqEKfcx5k,,,
1787,Line,,2,,,164,166,None,None,,,,,,,,,,,,,,,,,,,,,,,,,,,,,,,,,,,,,,,,,,,,,,,,,,,,,,,,,,,,,,,,,,,,,,,,,,,,,,,,,,,,,,,,,,,,,,,,,,,qBGfVczIXr1j,,,
1788,Line,,2,,,164,167,None,Equilateral Arrow,,,,,,,,,,,,,,,,,,,,,,,,,,,,,,,,,,,,,,,,,,,,,,,,,,,,,,,,,,,,,,,,,,,,,,,,,,,,,,,,,,,,,,,,,,,,,,,,,,,WDGfhDf6gFqt,,,
1789,Line,,2,,,164,168,None,Equilateral Arrow,,,,,,,,,,,,,,,,,,,,,,,,,,,,,,,,,,,,,,,,,,,,,,,,,,,,,,,,,,,,,,,,,,,,,,,,,,,,,,,,,,,,,,,,,,,,,,,,,,,JEGfSJEGaEcb,,,
1790,Line,,2,,,164,169,None,Equilateral Arrow,,,,,,,,,,,,,,,,,,,,,,,,,,,,,,,,,,,,,,,,,,,,,,,,,,,,,,,,,,,,,,,,,,,,,,,,,,,,,,,,,,,,,,,,,,,,,,,,,,,KEGfmlOb4P7Z,,,
1791,Line,,2,,,167,170,None,Equilateral Arrow,,,,,,,,,,,,,,,,,,,,,,,,,,,,,,,,,,,,,,,,,,,,,,,,,,,,,,,,,,,,,,,,,,,,,,,,,,,,,,,,,,,,,,,,,,,,,,,,,,,HFGfviKgTh~O,,,
1792,Line,,2,,,168,171,None,Equilateral Arrow,,Lower             Priority,,,,,,,,,,,,,,,,,,,,,,,,,,,,,,,,,,,,,,,,,,,,,,,,,,,,,,,,,,,,,,,,,,,,,,,,,,,,,,,,,,,,,,,,,,,,,,,,,NFGfv~6Zip~T,,,
1793,Line,,2,,,171,172,None,Equilateral Arrow,,Inventory Issue,,,,,,,,,,,,,,,,,,,,,,,,,,,,,,,,,,,,,,,,,,,,,,,,,,,,,,,,,,,,,,,,,,,,,,,,,,,,,,,,,,,,,,,,,,,,,,,,,nJGfcHRREQD2,,,
1794,Line,,2,,,171,174,None,Equilateral Arrow,,Technical glitch,,,,,,,,,,,,,,,,,,,,,,,,,,,,,,,,,,,,,,,,,,,,,,,,,,,,,,,,,,,,,,,,,,,,,,,,,,,,,,,,,,,,,,,,,,,,,,,,,oJGfYt.J5Jwn,,,
1795,Line,,2,,,171,173,None,None,,,,,,,,,,,,,,,,,,,,,,,,,,,,,,,,,,,,,,,,,,,,,,,,,,,,,,,,,,,,,,,,,,,,,,,,,,,,,,,,,,,,,,,,,,,,,,,,,,,lKGfdot5ngDp,,,
1796,Line,,2,,,174,175,None,Equilateral Arrow,,,,,,,,,,,,,,,,,,,,,,,,,,,,,,,,,,,,,,,,,,,,,,,,,,,,,,,,,,,,,,,,,,,,,,,,,,,,,,,,,,,,,,,,,,,,,,,,,,,kLGfbrb4dHe_,,,
1797,Line,,2,,,175,176,None,Equilateral Arrow,,,,,,,,,,,,,,,,,,,,,,,,,,,,,,,,,,,,,,,,,,,,,,,,,,,,,,,,,,,,,,,,,,,,,,,,,,,,,,,,,,,,,,,,,,,,,,,,,,,kLGfPEwwcXEA,,,
1798,Line,,2,,,176,177,None,Equilateral Arrow,,Yes,,,,,,,,,,,,,,,,,,,,,,,,,,,,,,,,,,,,,,,,,,,,,,,,,,,,,,,,,,,,,,,,,,,,,,,,,,,,,,,,,,,,,,,,,,,,,,,,,kLGflcK7232U,,,
1799,Line,,2,,,176,178,None,Equilateral Arrow,,No,,,,,,,,,,,,,,,,,,,,,,,,,,,,,,,,,,,,,,,,,,,,,,,,,,,,,,,,,,,,,,,,,,,,,,,,,,,,,,,,,,,,,,,,,,,,,,,,,kLGfT89-jxRB,,,
1800,Line,,2,,,177,179,None,Equilateral Arrow,,Yes,,,,,,,,,,,,,,,,,,,,,,,,,,,,,,,,,,,,,,,,,,,,,,,,,,,,,,,,,,,,,,,,,,,,,,,,,,,,,,,,,,,,,,,,,,,,,,,,,kLGfm_4kQmTN,,,
1801,Line,,2,,,177,174,None,Equilateral Arrow,,No,,,,,,,,,,,,,,,,,,,,,,,,,,,,,,,,,,,,,,,,,,,,,,,,,,,,,,,,,,,,,,,,,,,,,,,,,,,,,,,,,,,,,,,,,,,,,,,,,kLGfEWNwoiH0,,,
1802,Line,,2,,,178,176,None,Equilateral Arrow,,,,,,,,,,,,,,,,,,,,,,,,,,,,,,,,,,,,,,,,,,,,,,,,,,,,,,,,,,,,,,,,,,,,,,,,,,,,,,,,,,,,,,,,,,,,,,,,,,,kLGfgmnY4KGi,,,
1803,Line,,2,,,169,171,None,Equilateral Arrow,,Higher Priority,,,,,,,,,,,,,,,,,,,,,,,,,,,,,,,,,,,,,,,,,,,,,,,,,,,,,,,,,,,,,,,,,,,,,,,,,,,,,,,,,,,,,,,,,,,,,,,,,iNGfBxa2jo16,,,
1804,Line,,2,,,172,180,None,Equilateral Arrow,,No (B2B),,,,,,,,,,,,,,,,,,,,,,,,,,,,,,,,,,,,,,,,,,,,,,,,,,,,,,,,,,,,,,,,,,,,,,,,,,,,,,,,,,,,,,,,,,,,,,,,,18GfxfLP-3zF,,,
1805,Line,,2,,,172,181,None,Equilateral Arrow,,YES,,,,,,,,,,,,,,,,,,,,,,,,,,,,,,,,,,,,,,,,,,,,,,,,,,,,,,,,,,,,,,,,,,,,,,,,,,,,,,,,,,,,,,,,,,,,,,,,,28GfllVmbDKB,,,
1806,Line,,2,,,180,182,None,Equilateral Arrow,,,,,,,,,,,,,,,,,,,,,,,,,,,,,,,,,,,,,,,,,,,,,,,,,,,,,,,,,,,,,,,,,,,,,,,,,,,,,,,,,,,,,,,,,,,,,,,,,,,zRagswSAe-o-,,,
1807,Line,,2,,,184,187,None,Equilateral Arrow,,,,,,,,,,,,,,,,,,,,,,,,,,,,,,,,,,,,,,,,,,,,,,,,,,,,,,,,,,,,,,,,,,,,,,,,,,,,,,,,,,,,,,,,,,,,,,,,,,,rocgy_Yxgafx,,,
1808,Line,,2,,,187,186,None,Equilateral Arrow,,,,,,,,,,,,,,,,,,,,,,,,,,,,,,,,,,,,,,,,,,,,,,,,,,,,,,,,,,,,,,,,,,,,,,,,,,,,,,,,,,,,,,,,,,,,,,,,,,,rocgREc8zHyc,,,
1809,Line,,2,,,186,188,None,Equilateral Arrow,,,,,,,,,,,,,,,,,,,,,,,,,,,,,,,,,,,,,,,,,,,,,,,,,,,,,,,,,,,,,,,,,,,,,,,,,,,,,,,,,,,,,,,,,,,,,,,,,,,rocg459cF1Xv,,,
1810,Line,,2,,,188,189,None,None,,,,,,,,,,,,,,,,,,,,,,,,,,,,,,,,,,,,,,,,,,,,,,,,,,,,,,,,,,,,,,,,,,,,,,,,,,,,,,,,,,,,,,,,,,,,,,,,,,,rocgZ6FkgLr-,,,
1811,Line,,2,,,185,193,None,Equilateral Arrow,,,,,,,,,,,,,,,,,,,,,,,,,,,,,,,,,,,,,,,,,,,,,,,,,,,,,,,,,,,,,,,,,,,,,,,,,,,,,,,,,,,,,,,,,,,,,,,,,,,rocgirj7RHrT,,,
1812,Line,,2,,,188,185,None,Equilateral Arrow,,,,,,,,,,,,,,,,,,,,,,,,,,,,,,,,,,,,,,,,,,,,,,,,,,,,,,,,,,,,,,,,,,,,,,,,,,,,,,,,,,,,,,,,,,,,,,,,,,,rocggf3Ns-Jt,,,
1813,Line,,2,,,189,190,None,None,,,,,,,,,,,,,,,,,,,,,,,,,,,,,,,,,,,,,,,,,,,,,,,,,,,,,,,,,,,,,,,,,,,,,,,,,,,,,,,,,,,,,,,,,,,,,,,,,,,rocgV5uDc4Zu,,,
1814,Line,,2,,,185,192,None,None,,,,,,,,,,,,,,,,,,,,,,,,,,,,,,,,,,,,,,,,,,,,,,,,,,,,,,,,,,,,,,,,,,,,,,,,,,,,,,,,,,,,,,,,,,,,,,,,,,,FIcg1N~JWjR5,,,
1815,Line,,2,,,193,241,None,Equilateral Arrow,,,,,,,,,,,,,,,,,,,,,,,,,,,,,,,,,,,,,,,,,,,,,,,,,,,,,,,,,,,,,,,,,,,,,,,,,,,,,,,,,,,,,,,,,,,,,,,,,,,lWcg9zCDYUeJ,,,
1816,Line,,2,,,194,197,None,Equilateral Arrow,,,,,,,,,,,,,,,,,,,,,,,,,,,,,,,,,,,,,,,,,,,,,,,,,,,,,,,,,,,,,,,,,,,,,,,,,,,,,,,,,,,,,,,,,,,,,,,,,,,7WfgVxkBwYyl,,,
1817,Line,,2,,,197,195,None,Equilateral Arrow,,,,,,,,,,,,,,,,,,,,,,,,,,,,,,,,,,,,,,,,,,,,,,,,,,,,,,,,,,,,,,,,,,,,,,,,,,,,,,,,,,,,,,,,,,,,,,,,,,,_9fgPXaj_sRm,,,
1818,Line,,2,,,195,196,None,Equilateral Arrow,,,,,,,,,,,,,,,,,,,,,,,,,,,,,,,,,,,,,,,,,,,,,,,,,,,,,,,,,,,,,,,,,,,,,,,,,,,,,,,,,,,,,,,,,,,,,,,,,,,d-fgwBvypJGF,,,
1819,Line,,2,,,196,200,None,Equilateral Arrow,,,,,,,,,,,,,,,,,,,,,,,,,,,,,,,,,,,,,,,,,,,,,,,,,,,,,,,,,,,,,,,,,,,,,,,,,,,,,,,,,,,,,,,,,,,,,,,,,,,f-fglIhrktZ1,,,
1820,Line,,2,,,195,199,None,None,,,,,,,,,,,,,,,,,,,,,,,,,,,,,,,,,,,,,,,,,,,,,,,,,,,,,,,,,,,,,,,,,,,,,,,,,,,,,,,,,,,,,,,,,,,,,,,,,,,7~fg0vvNz9.g,,,
1821,Line,,2,,,200,201,None,None,,,,,,,,,,,,,,,,,,,,,,,,,,,,,,,,,,,,,,,,,,,,,,,,,,,,,,,,,,,,,,,,,,,,,,,,,,,,,,,,,,,,,,,,,,,,,,,,,,,ncgg-CnbtR5W,,,
1822,Line,,2,,,200,202,None,Equilateral Arrow,,"Y or ""-""",,,,,,,,,,,,,,,,,,,,,,,,,,,,,,,,,,,,,,,,,,,,,,,,,,,,,,,,,,,,,,,,,,,,,,,,,,,,,,,,,,,,,,,,,,,,,,,,,IegguRP7KXXb,,,
1823,Line,,2,,,200,203,None,Equilateral Arrow,,N,,,,,,,,,,,,,,,,,,,,,,,,,,,,,,,,,,,,,,,,,,,,,,,,,,,,,,,,,,,,,,,,,,,,,,,,,,,,,,,,,,,,,,,,,,,,,,,,,KeggV~udc9-o,,,
1824,Line,,2,,,203,204,None,Equilateral Arrow,,,,,,,,,,,,,,,,,,,,,,,,,,,,,,,,,,,,,,,,,,,,,,,,,,,,,,,,,,,,,,,,,,,,,,,,,,,,,,,,,,,,,,,,,,,,,,,,,,,sigg8c-FJ4Xn,,,
1825,Line,,2,,,204,205,None,Equilateral Arrow,,,,,,,,,,,,,,,,,,,,,,,,,,,,,,,,,,,,,,,,,,,,,,,,,,,,,,,,,,,,,,,,,,,,,,,,,,,,,,,,,,,,,,,,,,,,,,,,,,,siggcPUkrgbH,,,
1826,Line,,2,,,205,206,None,Equilateral Arrow,,,,,,,,,,,,,,,,,,,,,,,,,,,,,,,,,,,,,,,,,,,,,,,,,,,,,,,,,,,,,,,,,,,,,,,,,,,,,,,,,,,,,,,,,,,,,,,,,,,siggLqEIlJu5,,,
1827,Line,,2,,,206,207,None,Equilateral Arrow,,Yes,,,,,,,,,,,,,,,,,,,,,,,,,,,,,,,,,,,,,,,,,,,,,,,,,,,,,,,,,,,,,,,,,,,,,,,,,,,,,,,,,,,,,,,,,,,,,,,,,siggzgGhohqa,,,
1828,Line,,2,,,206,208,None,Equilateral Arrow,,No,,,,,,,,,,,,,,,,,,,,,,,,,,,,,,,,,,,,,,,,,,,,,,,,,,,,,,,,,,,,,,,,,,,,,,,,,,,,,,,,,,,,,,,,,,,,,,,,,sigg0oPcBk0h,,,
1829,Line,,2,,,207,209,None,Equilateral Arrow,,Yes,,,,,,,,,,,,,,,,,,,,,,,,,,,,,,,,,,,,,,,,,,,,,,,,,,,,,,,,,,,,,,,,,,,,,,,,,,,,,,,,,,,,,,,,,,,,,,,,,siggbf_zhozv,,,
1830,Line,,2,,,207,204,None,Equilateral Arrow,,No,,,,,,,,,,,,,,,,,,,,,,,,,,,,,,,,,,,,,,,,,,,,,,,,,,,,,,,,,,,,,,,,,,,,,,,,,,,,,,,,,,,,,,,,,,,,,,,,,siggZKf.uwWi,,,
1831,Line,,2,,,208,206,None,Equilateral Arrow,,,,,,,,,,,,,,,,,,,,,,,,,,,,,,,,,,,,,,,,,,,,,,,,,,,,,,,,,,,,,,,,,,,,,,,,,,,,,,,,,,,,,,,,,,,,,,,,,,,sigg96AGjBCo,,,
1832,Line,,2,,,210,211,None,Equilateral Arrow,,,,,,,,,,,,,,,,,,,,,,,,,,,,,,,,,,,,,,,,,,,,,,,,,,,,,,,,,,,,,,,,,,,,,,,,,,,,,,,,,,,,,,,,,,,,,,,,,,,TCugJ4Jwv1W1,,,
1833,Line,,2,,,211,212,None,Equilateral Arrow,,,,,,,,,,,,,,,,,,,,,,,,,,,,,,,,,,,,,,,,,,,,,,,,,,,,,,,,,,,,,,,,,,,,,,,,,,,,,,,,,,,,,,,,,,,,,,,,,,,lDugEs0Y4gtu,,,
1834,Line,,2,,,212,213,None,None,,,,,,,,,,,,,,,,,,,,,,,,,,,,,,,,,,,,,,,,,,,,,,,,,,,,,,,,,,,,,,,,,,,,,,,,,,,,,,,,,,,,,,,,,,,,,,,,,,,AGugsDmt-T7P,,,
1835,Line,,2,,,212,214,None,Equilateral Arrow,,,,,,,,,,,,,,,,,,,,,,,,,,,,,,,,,,,,,,,,,,,,,,,,,,,,,,,,,,,,,,,,,,,,,,,,,,,,,,,,,,,,,,,,,,,,,,,,,,,VKugxIq3q85N,,,
1836,Line,,2,,,214,215,None,Equilateral Arrow,,,,,,,,,,,,,,,,,,,,,,,,,,,,,,,,,,,,,,,,,,,,,,,,,,,,,,,,,,,,,,,,,,,,,,,,,,,,,,,,,,,,,,,,,,,,,,,,,,,EMugyS-0Flft,,,
1837,Line,,2,,,214,216,None,None,,,,,,,,,,,,,,,,,,,,,,,,,,,,,,,,,,,,,,,,,,,,,,,,,,,,,,,,,,,,,,,,,,,,,,,,,,,,,,,,,,,,,,,,,,,,,,,,,,,VUug1ORfiIYF,,,
1838,Line,,2,,,215,217,None,Equilateral Arrow,,Yes,,,,,,,,,,,,,,,,,,,,,,,,,,,,,,,,,,,,,,,,,,,,,,,,,,,,,,,,,,,,,,,,,,,,,,,,,,,,,,,,,,,,,,,,,,,,,,,,,UZug.8tFL~M5,,,
1839,Line,,2,,,215,218,None,Equilateral Arrow,,No,Pass?,,,,,,,,,,,,,,,,,,,,,,,,,,,,,,,,,,,,,,,,,,,,,,,,,,,,,,,,,,,,,,,,,,,,,,,,,,,,,,,,,,,,,,,,,,,,,,,,XZugCyLh2ngL,,,
1840,Line,,2,,,218,219,None,Equilateral Arrow,,Yes,,,,,,,,,,,,,,,,,,,,,,,,,,,,,,,,,,,,,,,,,,,,,,,,,,,,,,,,,,,,,,,,,,,,,,,,,,,,,,,,,,,,,,,,,,,,,,,,,90ugXXt1zcEe,,,
1841,Line,,2,,,218,220,None,Equilateral Arrow,,No,,,,,,,,,,,,,,,,,,,,,,,,,,,,,,,,,,,,,,,,,,,,,,,,,,,,,,,,,,,,,,,,,,,,,,,,,,,,,,,,,,,,,,,,,,,,,,,,,~0ugro5H78gt,,,
1842,Line,,2,,,219,215,None,Equilateral Arrow,,,,,,,,,,,,,,,,,,,,,,,,,,,,,,,,,,,,,,,,,,,,,,,,,,,,,,,,,,,,,,,,,,,,,,,,,,,,,,,,,,,,,,,,,,,,,,,,,,,S2ugLUaHBmIP,,,
1843,Line,,2,,,217,221,None,Equilateral Arrow,,,,,,,,,,,,,,,,,,,,,,,,,,,,,,,,,,,,,,,,,,,,,,,,,,,,,,,,,,,,,,,,,,,,,,,,,,,,,,,,,,,,,,,,,,,,,,,,,,,82ug6mH2qk4g,,,
1844,Line,,2,,,221,222,None,Equilateral Arrow,,,,,,,,,,,,,,,,,,,,,,,,,,,,,,,,,,,,,,,,,,,,,,,,,,,,,,,,,,,,,,,,,,,,,,,,,,,,,,,,,,,,,,,,,,,,,,,,,,,fwwg9rwQ9gdw,,,
1845,Line,,2,,,221,223,None,None,,,,,,,,,,,,,,,,,,,,,,,,,,,,,,,,,,,,,,,,,,,,,,,,,,,,,,,,,,,,,,,,,,,,,,,,,,,,,,,,,,,,,,,,,,,,,,,,,,,3DwgfSOHttlw,,,
1846,Line,,2,,,222,224,None,None,,,,,,,,,,,,,,,,,,,,,,,,,,,,,,,,,,,,,,,,,,,,,,,,,,,,,,,,,,,,,,,,,,,,,,,,,,,,,,,,,,,,,,,,,,,,,,,,,,,eLwgmgF5uLMi,,,
1847,Line,,2,,,225,226,None,Equilateral Arrow,,,,,,,,,,,,,,,,,,,,,,,,,,,,,,,,,,,,,,,,,,,,,,,,,,,,,,,,,,,,,,,,,,,,,,,,,,,,,,,,,,,,,,,,,,,,,,,,,,,aYwgl8-QTx5o,,,
1848,Line,,2,,,226,227,None,None,,,,,,,,,,,,,,,,,,,,,,,,,,,,,,,,,,,,,,,,,,,,,,,,,,,,,,,,,,,,,,,,,,,,,,,,,,,,,,,,,,,,,,,,,,,,,,,,,,,TYwgwutrKua4,,,
1849,Line,,2,,,226,228,None,Equilateral Arrow,,,,,,,,,,,,,,,,,,,,,,,,,,,,,,,,,,,,,,,,,,,,,,,,,,,,,,,,,,,,,,,,,,,,,,,,,,,,,,,,,,,,,,,,,,,,,,,,,,,0Wxge8IvVv6D,,,
1850,Line,,2,,,228,229,None,Equilateral Arrow,,,,,,,,,,,,,,,,,,,,,,,,,,,,,,,,,,,,,,,,,,,,,,,,,,,,,,,,,,,,,,,,,,,,,,,,,,,,,,,,,,,,,,,,,,,,,,,,,,,WYxgiTqm40oA,,,
1851,Line,,2,,,230,231,None,Equilateral Arrow,,No,,,,,,,,,,,,,,,,,,,,,,,,,,,,,,,,,,,,,,,,,,,,,,,,,,,,,,,,,,,,,,,,,,,,,,,,,,,,,,,,,,,,,,,,,,,,,,,,,AZxgBpusPns3,,,
1852,Line,,2,,,230,232,None,Equilateral Arrow,,Yes,,,,,,,,,,,,,,,,,,,,,,,,,,,,,,,,,,,,,,,,,,,,,,,,,,,,,,,,,,,,,,,,,,,,,,,,,,,,,,,,,,,,,,,,,,,,,,,,,AZxgF4J4Z7hf,,,
1853,Line,,2,,,231,233,None,Equilateral Arrow,,,,,,,,,,,,,,,,,,,,,,,,,,,,,,,,,,,,,,,,,,,,,,,,,,,,,,,,,,,,,,,,,,,,,,,,,,,,,,,,,,,,,,,,,,,,,,,,,,,AZxgJF8jD1PQ,,,
1854,Line,,2,,,233,234,None,Equilateral Arrow,,,,,,,,,,,,,,,,,,,,,,,,,,,,,,,,,,,,,,,,,,,,,,,,,,,,,,,,,,,,,,,,,,,,,,,,,,,,,,,,,,,,,,,,,,,,,,,,,,,AZxg80gQZyOH,,,
1855,Line,,2,,,234,235,None,Equilateral Arrow,,,,,,,,,,,,,,,,,,,,,,,,,,,,,,,,,,,,,,,,,,,,,,,,,,,,,,,,,,,,,,,,,,,,,,,,,,,,,,,,,,,,,,,,,,,,,,,,,,,AZxggg5llFFc,,,
1856,Line,,2,,,235,236,None,Equilateral Arrow,,Yes,,,,,,,,,,,,,,,,,,,,,,,,,,,,,,,,,,,,,,,,,,,,,,,,,,,,,,,,,,,,,,,,,,,,,,,,,,,,,,,,,,,,,,,,,,,,,,,,,AZxgZhkDmnwA,,,
1857,Line,,2,,,235,237,None,Equilateral Arrow,,No,,,,,,,,,,,,,,,,,,,,,,,,,,,,,,,,,,,,,,,,,,,,,,,,,,,,,,,,,,,,,,,,,,,,,,,,,,,,,,,,,,,,,,,,,,,,,,,,,AZxg44gmei5A,,,
1858,Line,,2,,,236,238,None,Equilateral Arrow,,Yes,,,,,,,,,,,,,,,,,,,,,,,,,,,,,,,,,,,,,,,,,,,,,,,,,,,,,,,,,,,,,,,,,,,,,,,,,,,,,,,,,,,,,,,,,,,,,,,,,AZxgHsIvKVee,,,
1859,Line,,2,,,236,233,None,Equilateral Arrow,,No,,,,,,,,,,,,,,,,,,,,,,,,,,,,,,,,,,,,,,,,,,,,,,,,,,,,,,,,,,,,,,,,,,,,,,,,,,,,,,,,,,,,,,,,,,,,,,,,,AZxgnwEJvmY4,,,
1860,Line,,2,,,237,235,None,Equilateral Arrow,,,,,,,,,,,,,,,,,,,,,,,,,,,,,,,,,,,,,,,,,,,,,,,,,,,,,,,,,,,,,,,,,,,,,,,,,,,,,,,,,,,,,,,,,,,,,,,,,,,AZxg2Lf6wjYI,,,
1861,Line,,2,,,229,230,None,Equilateral Arrow,,,,,,,,,,,,,,,,,,,,,,,,,,,,,,,,,,,,,,,,,,,,,,,,,,,,,,,,,,,,,,,,,,,,,,,,,,,,,,,,,,,,,,,,,,,,,,,,,,,UZxgjQyObRAf,,,
1862,Line,,2,,,240,242,None,Equilateral Arrow,,,,,,,,,,,,,,,,,,,,,,,,,,,,,,,,,,,,,,,,,,,,,,,,,,,,,,,,,,,,,,,,,,,,,,,,,,,,,,,,,,,,,,,,,,,,,,,,,,,ciCgM2qWlTp-,,,
1863,Line,,2,,,240,243,None,Equilateral Arrow,,,,,,,,,,,,,,,,,,,,,,,,,,,,,,,,,,,,,,,,,,,,,,,,,,,,,,,,,,,,,,,,,,,,,,,,,,,,,,,,,,,,,,,,,,,,,,,,,,,giCgfY6P9iyR,,,
1864,Line,,2,,,240,244,None,Equilateral Arrow,,,,,,,,,,,,,,,,,,,,,,,,,,,,,,,,,,,,,,,,,,,,,,,,,,,,,,,,,,,,,,,,,,,,,,,,,,,,,,,,,,,,,,,,,,,,,,,,,,,TiCg6yOZDL0f,,,
1865,Line,,2,,,240,245,None,Equilateral Arrow,,,,,,,,,,,,,,,,,,,,,,,,,,,,,,,,,,,,,,,,,,,,,,,,,,,,,,,,,,,,,,,,,,,,,,,,,,,,,,,,,,,,,,,,,,,,,,,,,,,1iCg3zBsAJcn,,,
1866,Line,,2,,,245,246,None,Equilateral Arrow,,,,,,,,,,,,,,,,,,,,,,,,,,,,,,,,,,,,,,,,,,,,,,,,,,,,,,,,,,,,,,,,,,,,,,,,,,,,,,,,,,,,,,,,,,,,,,,,,,,7lCgOeNsRgUI,,,
1867,Line,,2,,,242,247,None,Equilateral Arrow,,,,,,,,,,,,,,,,,,,,,,,,,,,,,,,,,,,,,,,,,,,,,,,,,,,,,,,,,,,,,,,,,,,,,,,,,,,,,,,,,,,,,,,,,,,,,,,,,,,9lCgwv.AWYzM,,,
1868,Line,,2,,,243,248,None,Equilateral Arrow,,,,,,,,,,,,,,,,,,,,,,,,,,,,,,,,,,,,,,,,,,,,,,,,,,,,,,,,,,,,,,,,,,,,,,,,,,,,,,,,,,,,,,,,,,,,,,,,,,,​-lCg3UgZu.kj,,,
1869,Line,,2,,,250,251,None,Arrow,,,,,,,,,,,,,,,,,,,,,,,,,,,,,,,,,,,,,,,,,,,,,,,,,,,,,,,,,,,,,,,,,,,,,,,,,,,,,,,,,,,,,,,,,,,,,,,,,,,ZQPgiz3kaK8K,,,
1870,Line,,2,,,252,253,None,Arrow,,No,,,,,,,,,,,,,,,,,,,,,,,,,,,,,,,,,,,,,,,,,,,,,,,,,,,,,,,,,,,,,,,,,,,,,,,,,,,,,,,,,,,,,,,,,,,,,,,,,ZQPgNzN8qTMW,,,
1871,Line,,2,,,253,254,None,Arrow,,Yes,,,,,,,,,,,,,,,,,,,,,,,,,,,,,,,,,,,,,,,,,,,,,,,,,,,,,,,,,,,,,,,,,,,,,,,,,,,,,,,,,,,,,,,,,,,,,,,,,ZQPgmVRnsY7L,,,
1872,Line,,2,,,253,255,None,Arrow,,No,,,,,,,,,,,,,,,,,,,,,,,,,,,,,,,,,,,,,,,,,,,,,,,,,,,,,,,,,,,,,,,,,,,,,,,,,,,,,,,,,,,,,,,,,,,,,,,,,ZQPgWwK__Hpo,,,
1873,Line,,2,,,249,250,None,Arrow,,,,,,,,,,,,,,,,,,,,,,,,,,,,,,,,,,,,,,,,,,,,,,,,,,,,,,,,,,,,,,,,,,,,,,,,,,,,,,,,,,,,,,,,,,,,,,,,,,,ZQPgAoRFmCnY,,,
1874,Line,,2,,,250,257,None,Arrow,,,,,,,,,,,,,,,,,,,,,,,,,,,,,,,,,,,,,,,,,,,,,,,,,,,,,,,,,,,,,,,,,,,,,,,,,,,,,,,,,,,,,,,,,,,,,,,,,,,ZQPg_pbcDZzG,,,
1875,Line,,2,,,257,252,None,Arrow,,,,,,,,,,,,,,,,,,,,,,,,,,,,,,,,,,,,,,,,,,,,,,,,,,,,,,,,,,,,,,,,,,,,,,,,,,,,,,,,,,,,,,,,,,,,,,,,,,,ZQPgVJDeaULX,,,
1876,Line,,2,,,258,256,None,Arrow,,Yes,,,,,,,,,,,,,,,,,,,,,,,,,,,,,,,,,,,,,,,,,,,,,,,,,,,,,,,,,,,,,,,,,,,,,,,,,,,,,,,,,,,,,,,,,,,,,,,,,ZQPgIK2G6oYc,,,
1877,Line,,2,,,258,255,None,Arrow,,No,,,,,,,,,,,,,,,,,,,,,,,,,,,,,,,,,,,,,,,,,,,,,,,,,,,,,,,,,,,,,,,,,,,,,,,,,,,,,,,,,,,,,,,,,,,,,,,,,ZQPg7vkZ7mI~,,,
1878,Line,,2,,,252,256,None,Arrow,,Yes,,,,,,,,,,,,,,,,,,,,,,,,,,,,,,,,,,,,,,,,,,,,,,,,,,,,,,,,,,,,,,,,,,,,,,,,,,,,,,,,,,,,,,,,,,,,,,,,,ZQPgxHlbroXr,,,
1879,Line,,2,,,256,259,None,Arrow,,,,,,,,,,,,,,,,,,,,,,,,,,,,,,,,,,,,,,,,,,,,,,,,,,,,,,,,,,,,,,,,,,,,,,,,,,,,,,,,,,,,,,,,,,,,,,,,,,,ZQPgC1qGbes7,,,
1880,Line,,2,,,254,,None,Arrow,,,,,,,,,,,,,,,,,,,,,,,,,,,,,,,,,,,,,,,,,,,,,,,,,,,,,,,,,,,,,,,,,,,,,,,,,,,,,,,,,,,,,,,,,,,,,,,,,,,ZQPgZe9itZDD,,,
1881,Line,,2,,,249,316,None,None,,,,,,,,,,,,,,,,,,,,,,,,,,,,,,,,,,,,,,,,,,,,,,,,,,,,,,,,,,,,,,,,,,,,,,,,,,,,,,,,,,,,,,,,,,,,,,,,,,,ZQPgcJE7WZAe,,,
1882,Line,,2,,,260,261,None,Arrow,,,,,,,,,,,,,,,,,,,,,,,,,,,,,,,,,,,,,,,,,,,,,,,,,,,,,,,,,,,,,,,,,,,,,,,,,,,,,,,,,,,,,,,,,,,,,,,,,,,0QPg2zO9hOek,,,
1883,Line,,2,,,261,262,None,Arrow,,,,,,,,,,,,,,,,,,,,,,,,,,,,,,,,,,,,,,,,,,,,,,,,,,,,,,,,,,,,,,,,,,,,,,,,,,,,,,,,,,,,,,,,,,,,,,,,,,,0QPgczo6dsUb,,,
1884,Line,,2,,,264,266,None,Arrow,,No,,,,,,,,,,,,,,,,,,,,,,,,,,,,,,,,,,,,,,,,,,,,,,,,,,,,,,,,,,,,,,,,,,,,,,,,,,,,,,,,,,,,,,,,,,,,,,,,,0QPgnUzW~oSW,,,
1885,Line,,2,,,267,268,None,Arrow,,Yes,,,,,,,,,,,,,,,,,,,,,,,,,,,,,,,,,,,,,,,,,,,,,,,,,,,,,,,,,,,,,,,,,,,,,,,,,,,,,,,,,,,,,,,,,,,,,,,,,0QPgfRmHzkEe,,,
1886,Line,,2,,,267,269,None,Arrow,,No,,,,,,,,,,,,,,,,,,,,,,,,,,,,,,,,,,,,,,,,,,,,,,,,,,,,,,,,,,,,,,,,,,,,,,,,,,,,,,,,,,,,,,,,,,,,,,,,,0QPgW92Euc0h,,,
1887,Line,,2,,,262,265,None,Arrow,,,,,,,,,,,,,,,,,,,,,,,,,,,,,,,,,,,,,,,,,,,,,,,,,,,,,,,,,,,,,,,,,,,,,,,,,,,,,,,,,,,,,,,,,,,,,,,,,,,0QPgVe9BYNUX,,,
1888,Line,,2,,,265,267,None,Arrow,,,,,,,,,,,,,,,,,,,,,,,,,,,,,,,,,,,,,,,,,,,,,,,,,,,,,,,,,,,,,,,,,,,,,,,,,,,,,,,,,,,,,,,,,,,,,,,,,,,0QPgf-HGr4E6,,,
1889,Line,,2,,,268,270,None,None,,,,,,,,,,,,,,,,,,,,,,,,,,,,,,,,,,,,,,,,,,,,,,,,,,,,,,,,,,,,,,,,,,,,,,,,,,,,,,,,,,,,,,,,,,,,,,,,,,,0QPgx0ZS5dE3,,,
1890,Line,,2,,,268,264,None,Arrow,,,,,,,,,,,,,,,,,,,,,,,,,,,,,,,,,,,,,,,,,,,,,,,,,,,,,,,,,,,,,,,,,,,,,,,,,,,,,,,,,,,,,,,,,,,,,,,,,,,0QPgRYZB5wS4,,,
1891,Line,,2,,,264,271,None,Arrow,,Yes,,,,,,,,,,,,,,,,,,,,,,,,,,,,,,,,,,,,,,,,,,,,,,,,,,,,,,,,,,,,,,,,,,,,,,,,,,,,,,,,,,,,,,,,,,,,,,,,,0QPgrLu1sjbW,,,
1892,Line,,2,,,271,272,None,Arrow,,Yes,,,,,,,,,,,,,,,,,,,,,,,,,,,,,,,,,,,,,,,,,,,,,,,,,,,,,,,,,,,,,,,,,,,,,,,,,,,,,,,,,,,,,,,,,,,,,,,,,0QPgvr82gP1I,,,
1893,Line,,2,,,272,273,None,Arrow,,,,,,,,,,,,,,,,,,,,,,,,,,,,,,,,,,,,,,,,,,,,,,,,,,,,,,,,,,,,,,,,,,,,,,,,,,,,,,,,,,,,,,,,,,,,,,,,,,,0QPg.xFxI_Ut,,,
1894,Line,,2,,,273,276,None,Arrow,,Yes,,,,,,,,,,,,,,,,,,,,,,,,,,,,,,,,,,,,,,,,,,,,,,,,,,,,,,,,,,,,,,,,,,,,,,,,,,,,,,,,,,,,,,,,,,,,,,,,,0QPgGzOQm9ql,,,
1895,Line,,2,,,271,276,None,Arrow,,No Pass purchase order directly,,,,,,,,,,,,,,,,,,,,,,,,,,,,,,,,,,,,,,,,,,,,,,,,,,,,,,,,,,,,,,,,,,,,,,,,,,,,,,,,,,,,,,,,,,,,,,,,,0QPgRh0ugBQb,,,
1896,Line,,2,,,263,274,None,Arrow,,,,,,,,,,,,,,,,,,,,,,,,,,,,,,,,,,,,,,,,,,,,,,,,,,,,,,,,,,,,,,,,,,,,,,,,,,,,,,,,,,,,,,,,,,,,,,,,,,,0QPgmxSnpqj1,,,
1897,Line,,2,,,276,281,None,Arrow,,,,,,,,,,,,,,,,,,,,,,,,,,,,,,,,,,,,,,,,,,,,,,,,,,,,,,,,,,,,,,,,,,,,,,,,,,,,,,,,,,,,,,,,,,,,,,,,,,,0QPg02Mjl4AQ,,,
1898,Line,,2,,,281,263,None,Arrow,,,,,,,,,,,,,,,,,,,,,,,,,,,,,,,,,,,,,,,,,,,,,,,,,,,,,,,,,,,,,,,,,,,,,,,,,,,,,,,,,,,,,,,,,,,,,,,,,,,0QPgA-oMYcS7,,,
1899,Line,,2,,,274,275,None,Arrow,,Yes,,,,,,,,,,,,,,,,,,,,,,,,,,,,,,,,,,,,,,,,,,,,,,,,,,,,,,,,,,,,,,,,,,,,,,,,,,,,,,,,,,,,,,,,,,,,,,,,,0QPgzZ~Zvc~U,,,
1900,Line,,2,,,274,277,None,Arrow,,No,,,,,,,,,,,,,,,,,,,,,,,,,,,,,,,,,,,,,,,,,,,,,,,,,,,,,,,,,,,,,,,,,,,,,,,,,,,,,,,,,,,,,,,,,,,,,,,,,0QPgLKNym07W,,,
1901,Line,,2,,,277,278,None,Arrow,,,,,,,,,,,,,,,,,,,,,,,,,,,,,,,,,,,,,,,,,,,,,,,,,,,,,,,,,,,,,,,,,,,,,,,,,,,,,,,,,,,,,,,,,,,,,,,,,,,0QPgE2isytwY,,,
1902,Line,,2,,,278,275,None,Arrow,,Yes,,,,,,,,,,,,,,,,,,,,,,,,,,,,,,,,,,,,,,,,,,,,,,,,,,,,,,,,,,,,,,,,,,,,,,,,,,,,,,,,,,,,,,,,,,,,,,,,,0QPgE~hONkui,,,
1903,Line,,2,,,278,279,None,Arrow,,No,,,,,,,,,,,,,,,,,,,,,,,,,,,,,,,,,,,,,,,,,,,,,,,,,,,,,,,,,,,,,,,,,,,,,,,,,,,,,,,,,,,,,,,,,,,,,,,,,0QPgiu..7dlk,,,
1904,Line,,2,,,263,280,None,Arrow,,,,,,,,,,,,,,,,,,,,,,,,,,,,,,,,,,,,,,,,,,,,,,,,,,,,,,,,,,,,,,,,,,,,,,,,,,,,,,,,,,,,,,,,,,,,,,,,,,,0QPgqjdXZhiP,,,
1905,Line,,2,,,282,283,None,Equilateral Arrow,,,,,,,,,,,,,,,,,,,,,,,,,,,,,,,,,,,,,,,,,,,,,,,,,,,,,,,,,,,,,,,,,,,,,,,,,,,,,,,,,,,,,,,,,,,,,,,,,,,QbSgzqDtbBEX,,,
1906,Line,,2,,,284,285,None,Equilateral Arrow,,,,,,,,,,,,,,,,,,,,,,,,,,,,,,,,,,,,,,,,,,,,,,,,,,,,,,,,,,,,,,,,,,,,,,,,,,,,,,,,,,,,,,,,,,,,,,,,,,,hcSgpSPMUXMA,,,
1907,Line,,2,,,283,286,None,Equilateral Arrow,,,,,,,,,,,,,,,,,,,,,,,,,,,,,,,,,,,,,,,,,,,,,,,,,,,,,,,,,,,,,,,,,,,,,,,,,,,,,,,,,,,,,,,,,,,,,,,,,,,0cSgTsVv-j8t,,,
1908,Line,,2,,,284,287,None,Equilateral Arrow,,,,,,,,,,,,,,,,,,,,,,,,,,,,,,,,,,,,,,,,,,,,,,,,,,,,,,,,,,,,,,,,,,,,,,,,,,,,,,,,,,,,,,,,,,,,,,,,,,,IdSgJpFZt4cs,,,
1909,Line,,2,,,282,288,None,Equilateral Arrow,,,,,,,,,,,,,,,,,,,,,,,,,,,,,,,,,,,,,,,,,,,,,,,,,,,,,,,,,,,,,,,,,,,,,,,,,,,,,,,,,,,,,,,,,,,,,,,,,,,ffSgFfBIC39A,,,
1910,Line,,2,,,288,284,None,Equilateral Arrow,,,,,,,,,,,,,,,,,,,,,,,,,,,,,,,,,,,,,,,,,,,,,,,,,,,,,,,,,,,,,,,,,,,,,,,,,,,,,,,,,,,,,,,,,,,,,,,,,,,qfSgt2TdBP_o,,,
1911,Line,,2,,,285,45,None,Equilateral Arrow,,,,,,,,,,,,,,,,,,,,,,,,,,,,,,,,,,,,,,,,,,,,,,,,,,,,,,,,,,,,,,,,,,,,,,,,,,,,,,,,,,,,,,,,,,,,,,,,,,,SgSgfrB-bci_,,,
1912,Line,,2,,,288,289,None,Equilateral Arrow,,,,,,,,,,,,,,,,,,,,,,,,,,,,,,,,,,,,,,,,,,,,,,,,,,,,,,,,,,,,,,,,,,,,,,,,,,,,,,,,,,,,,,,,,,,,,,,,,,,olSgjCtVmXNf,,,
1913,Line,,2,,,289,290,None,Equilateral Arrow,,,,,,,,,,,,,,,,,,,,,,,,,,,,,,,,,,,,,,,,,,,,,,,,,,,,,,,,,,,,,,,,,,,,,,,,,,,,,,,,,,,,,,,,,,,,,,,,,,,1lSgQPYr19I6,,,
1914,Line,,2,,,289,291,None,Equilateral Arrow,,,,,,,,,,,,,,,,,,,,,,,,,,,,,,,,,,,,,,,,,,,,,,,,,,,,,,,,,,,,,,,,,,,,,,,,,,,,,,,,,,,,,,,,,,,,,,,,,,,5lSgBs0bRNDs,,,
1915,Line,,2,,,292,293,None,Equilateral Arrow,,,,,,,,,,,,,,,,,,,,,,,,,,,,,,,,,,,,,,,,,,,,,,,,,,,,,,,,,,,,,,,,,,,,,,,,,,,,,,,,,,,,,,,,,,,,,,,,,,,dmSg7k-wPpl5,,,
1916,Line,,2,,,292,294,None,Equilateral Arrow,,,,,,,,,,,,,,,,,,,,,,,,,,,,,,,,,,,,,,,,,,,,,,,,,,,,,,,,,,,,,,,,,,,,,,,,,,,,,,,,,,,,,,,,,,,,,,,,,,,dmSgxUTplz0.,,,
1917,Line,,2,,,283,295,None,Equilateral Arrow,,,,,,,,,,,,,,,,,,,,,,,,,,,,,,,,,,,,,,,,,,,,,,,,,,,,,,,,,,,,,,,,,,,,,,,,,,,,,,,,,,,,,,,,,,,,,,,,,,,muSg6VPP9Y8-,,,
1918,Line,,2,,,283,296,None,Equilateral Arrow,,,,,,,,,,,,,,,,,,,,,,,,,,,,,,,,,,,,,,,,,,,,,,,,,,,,,,,,,,,,,,,,,,,,,,,,,,,,,,,,,,,,,,,,,,,,,,,,,,,wuSga3QA7Zmh,,,
1919,Line,,2,,,297,298,None,Equilateral Arrow,,,,,,,,,,,,,,,,,,,,,,,,,,,,,,,,,,,,,,,,,,,,,,,,,,,,,,,,,,,,,,,,,,,,,,,,,,,,,,,,,,,,,,,,,,,,,,,,,,,qASg3qAMA6MJ,,,
1920,Line,,2,,,297,299,None,Equilateral Arrow,,,,,,,,,,,,,,,,,,,,,,,,,,,,,,,,,,,,,,,,,,,,,,,,,,,,,,,,,,,,,,,,,,,,,,,,,,,,,,,,,,,,,,,,,,,,,,,,,,,qASgzOJGbgZr,,,
1921,Line,,2,,,282,300,None,Equilateral Arrow,,,,,,,,,,,,,,,,,,,,,,,,,,,,,,,,,,,,,,,,,,,,,,,,,,,,,,,,,,,,,,,,,,,,,,,,,,,,,,,,,,,,,,,,,,,,,,,,,,,​-ASgT--QoGuH,,,
1922,Line,,2,,,300,301,None,Equilateral Arrow,,,,,,,,,,,,,,,,,,,,,,,,,,,,,,,,,,,,,,,,,,,,,,,,,,,,,,,,,,,,,,,,,,,,,,,,,,,,,,,,,,,,,,,,,,,,,,,,,,,bBSgZy5Q3ETl,,,
1923,Line,,2,,,300,302,None,Equilateral Arrow,,,,,,,,,,,,,,,,,,,,,,,,,,,,,,,,,,,,,,,,,,,,,,,,,,,,,,,,,,,,,,,,,,,,,,,,,,,,,,,,,,,,,,,,,,,,,,,,,,,VBSgpHSUBU6H,,,
1924,Line,,2,,,303,304,None,Equilateral Arrow,,,,,,,,,,,,,,,,,,,,,,,,,,,,,,,,,,,,,,,,,,,,,,,,,,,,,,,,,,,,,,,,,,,,,,,,,,,,,,,,,,,,,,,,,,,,,,,,,,,_JSgeWAoXy9l,,,
1925,Line,,2,,,303,305,None,Equilateral Arrow,,,,,,,,,,,,,,,,,,,,,,,,,,,,,,,,,,,,,,,,,,,,,,,,,,,,,,,,,,,,,,,,,,,,,,,,,,,,,,,,,,,,,,,,,,,,,,,,,,,_JSgx3KYbLqg,,,
1926,Line,,2,,,304,4,None,Equilateral Arrow,,,,,,,,,,,,,,,,,,,,,,,,,,,,,,,,,,,,,,,,,,,,,,,,,,,,,,,,,,,,,,,,,,,,,,,,,,,,,,,,,,,,,,,,,,,,,,,,,,,oLSgKwMZ_B6M,,,
1927,Line,,2,,,288,292,None,Equilateral Arrow,,,,,,,,,,,,,,,,,,,,,,,,,,,,,,,,,,,,,,,,,,,,,,,,,,,,,,,,,,,,,,,,,,,,,,,,,,,,,,,,,,,,,,,,,,,,,,,,,,,ARSgIb-db0-5,,,
1928,Line,,2,,,288,297,None,Equilateral Arrow,,,,,,,,,,,,,,,,,,,,,,,,,,,,,,,,,,,,,,,,,,,,,,,,,,,,,,,,,,,,,,,,,,,,,,,,,,,,,,,,,,,,,,,,,,,,,,,,,,,GRSgGRdQ530C,,,
1929,Line,,2,,,288,303,None,Equilateral Arrow,,,,,,,,,,,,,,,,,,,,,,,,,,,,,,,,,,,,,,,,,,,,,,,,,,,,,,,,,,,,,,,,,,,,,,,,,,,,,,,,,,,,,,,,,,,,,,,,,,,MRSggZm2QHaA,,,
1930,Line,,2,,,306,307,None,Equilateral Arrow,,,,,,,,,,,,,,,,,,,,,,,,,,,,,,,,,,,,,,,,,,,,,,,,,,,,,,,,,,,,,,,,,,,,,,,,,,,,,,,,,,,,,,,,,,,,,,,,,,,lUSgs~8jh31M,,,
1931,Line,,2,,,306,1581,None,Equilateral Arrow,,,,,,,,,,,,,,,,,,,,,,,,,,,,,,,,,,,,,,,,,,,,,,,,,,,,,,,,,,,,,,,,,,,,,,,,,,,,,,,,,,,,,,,,,,,,,,,,,,,lUSg3Aa3Ie7W,,,
1932,Line,,2,,,288,306,None,Equilateral Arrow,,,,,,,,,,,,,,,,,,,,,,,,,,,,,,,,,,,,,,,,,,,,,,,,,,,,,,,,,,,,,,,,,,,,,,,,,,,,,,,,,,,,,,,,,,,,,,,,,,,xUSgPrjmoDWu,,,
1933,Line,,2,,,1581,5,None,Equilateral Arrow,,,,,,,,,,,,,,,,,,,,,,,,,,,,,,,,,,,,,,,,,,,,,,,,,,,,,,,,,,,,,,,,,,,,,,,,,,,,,,,,,,,,,,,,,,,,,,,,,,,2USgmHGo2ccm,,,
1934,Line,,2,,,295,308,None,Equilateral Arrow,,,,,,,,,,,,,,,,,,,,,,,,,,,,,,,,,,,,,,,,,,,,,,,,,,,,,,,,,,,,,,,,,,,,,,,,,,,,,,,,,,,,,,,,,,,,,,,,,,,rVSgPiefnDCt,,,
1935,Line,,2,,,295,309,None,Equilateral Arrow,,,,,,,,,,,,,,,,,,,,,,,,,,,,,,,,,,,,,,,,,,,,,,,,,,,,,,,,,,,,,,,,,,,,,,,,,,,,,,,,,,,,,,,,,,,,,,,,,,,rVSgWI1Tg4f7,,,
1936,Line,,2,,,296,310,None,Equilateral Arrow,,,,,,,,,,,,,,,,,,,,,,,,,,,,,,,,,,,,,,,,,,,,,,,,,,,,,,,,,,,,,,,,,,,,,,,,,,,,,,,,,,,,,,,,,,,,,,,,,,,AVSg15~P4F16,,,
1937,Line,,2,,,296,311,None,Equilateral Arrow,,,,,,,,,,,,,,,,,,,,,,,,,,,,,,,,,,,,,,,,,,,,,,,,,,,,,,,,,,,,,,,,,,,,,,,,,,,,,,,,,,,,,,,,,,,,,,,,,,,AVSg_D7f.YZR,,,
1938,Line,,2,,,286,312,None,Equilateral Arrow,,,,,,,,,,,,,,,,,,,,,,,,,,,,,,,,,,,,,,,,,,,,,,,,,,,,,,,,,,,,,,,,,,,,,,,,,,,,,,,,,,,,,,,,,,,,,,,,,,,DVSgW09RB9JD,,,
1939,Line,,2,,,286,313,None,Equilateral Arrow,,,,,,,,,,,,,,,,,,,,,,,,,,,,,,,,,,,,,,,,,,,,,,,,,,,,,,,,,,,,,,,,,,,,,,,,,,,,,,,,,,,,,,,,,,,,,,,,,,,DVSgfbiNID0S,,,
1940,Line,,2,,,308,46,None,Equilateral Arrow,,,,,,,,,,,,,,,,,,,,,,,,,,,,,,,,,,,,,,,,,,,,,,,,,,,,,,,,,,,,,,,,,,,,,,,,,,,,,,,,,,,,,,,,,,,,,,,,,,,V5Sg4kpVPA6U,,,
1941,Line,,2,,,301,314,None,Equilateral Arrow,,,,,,,,,,,,,,,,,,,,,,,,,,,,,,,,,,,,,,,,,,,,,,,,,,,,,,,,,,,,,,,,,,,,,,,,,,,,,,,,,,,,,,,,,,,,,,,,,,,g6SguzFEKKCD,,,
1942,Line,,2,,,314,47,None,Equilateral Arrow,,,,,,,,,,,,,,,,,,,,,,,,,,,,,,,,,,,,,,,,,,,,,,,,,,,,,,,,,,,,,,,,,,,,,,,,,,,,,,,,,,,,,,,,,,,,,,,,,,,K6Sg73Dt-YvB,,,
1943,Line,,2,,,1941,35,None,Equilateral Arrow,,,,,,,,,,,,,,,,,,,,,,,,,,,,,,,,,,,,,,,,,,,,,,,,,,,,,,,,,,,,,,,,,,,,,,,,,,,,,,,,,,,,,,,,,,,,,,,,,,,C7SgdsdLADy_,,,
1944,Line,,2,,,301,315,None,Equilateral Arrow,,,,,,,,,,,,,,,,,,,,,,,,,,,,,,,,,,,,,,,,,,,,,,,,,,,,,,,,,,,,,,,,,,,,,,,,,,,,,,,,,,,,,,,,,,,,,,,,,,,O7SgHJSP~~0O,,,
1945,Line,,2,,,256,260,None,Equilateral Arrow,,,,,,,,,,,,,,,,,,,,,,,,,,,,,,,,,,,,,,,,,,,,,,,,,,,,,,,,,,,,,,,,,,,,,,,,,,,,,,,,,,,,,,,,,,,,,,,,,,,4sUg3alCEC6L,,,
1946,Line,,2,,,273,262,None,Equilateral Arrow,,No,,,,,,,,,,,,,,,,,,,,,,,,,,,,,,,,,,,,,,,,,,,,,,,,,,,,,,,,,,,,,,,,,,,,,,,,,,,,,,,,,,,,,,,,,,,,,,,,,ZuUgCuMedi6Y,,,
1947,Line,,2,,,320,324,None,Arrow,,,,,,,,,,,,,,,,,,,,,,,,,,,,,,,,,,,,,,,,,,,,,,,,,,,,,,,,,,,,,,,,,,,,,,,,,,,,,,,,,,,,,,,,,,,,,,,,,,,t2uhCknkKi7J,,,
1948,Line,,2,,,324,318,None,Arrow,,,,,,,,,,,,,,,,,,,,,,,,,,,,,,,,,,,,,,,,,,,,,,,,,,,,,,,,,,,,,,,,,,,,,,,,,,,,,,,,,,,,,,,,,,,,,,,,,,,t2uh6DI.C3H7,,,
1949,Line,,2,,,318,319,None,Arrow,,No,,,,,,,,,,,,,,,,,,,,,,,,,,,,,,,,,,,,,,,,,,,,,,,,,,,,,,,,,,,,,,,,,,,,,,,,,,,,,,,,,,,,,,,,,,,,,,,,,t2uh1bfonUnW,,,
1950,Line,,2,,,321,322,None,Arrow,,,,,,,,,,,,,,,,,,,,,,,,,,,,,,,,,,,,,,,,,,,,,,,,,,,,,,,,,,,,,,,,,,,,,,,,,,,,,,,,,,,,,,,,,,,,,,,,,,,t2uhAC80qmJp,,,
1951,Line,,2,,,1086,323,None,Arrow,,,,,,,,,,,,,,,,,,,,,,,,,,,,,,,,,,,,,,,,,,,,,,,,,,,,,,,,,,,,,,,,,,,,,,,,,,,,,,,,,,,,,,,,,,,,,,,,,,,VSkAQ4RaYt84,,,
1952,Line,,2,,,709,1086,None,Arrow,,,,,,,,,,,,,,,,,,,,,,,,,,,,,,,,,,,,,,,,,,,,,,,,,,,,,,,,,,,,,,,,,,,,,,,,,,,,,,,,,,,,,,,,,,,,,,,,,,,eV0rRyzhA_BF,,,
1953,Line,,2,,,322,709,None,Arrow,,,,,,,,,,,,,,,,,,,,,,,,,,,,,,,,,,,,,,,,,,,,,,,,,,,,,,,,,,,,,,,,,,,,,,,,,,,,,,,,,,,,,,,,,,,,,,,,,,,t2uhLcuETFnN,,,
1954,Line,,2,,,318,321,None,Arrow,,Yes,From here all data will flow Channel level,,,,,,,,,,,,,,,,,,,,,,,,,,,,,,,,,,,,,,,,,,,,,,,,,,,,,,,,,,,,,,,,,,,,,,,,,,,,,,,,,,,,,,,,,,,,,,,,t2uhqz4qJldc,,,
1955,Line,,2,,,321,327,None,Arrow,,,,,,,,,,,,,,,,,,,,,,,,,,,,,,,,,,,,,,,,,,,,,,,,,,,,,,,,,,,,,,,,,,,,,,,,,,,,,,,,,,,,,,,,,,,,,,,,,,,t2uhC.ATvr4Z,,,
1956,Line,,2,,,322,328,None,None,,,,,,,,,,,,,,,,,,,,,,,,,,,,,,,,,,,,,,,,,,,,,,,,,,,,,,,,,,,,,,,,,,,,,,,,,,,,,,,,,,,,,,,,,,,,,,,,,,,t2uhlS92QfxO,,,
1957,Line,,2,,,328,329,None,Arrow,,,,,,,,,,,,,,,,,,,,,,,,,,,,,,,,,,,,,,,,,,,,,,,,,,,,,,,,,,,,,,,,,,,,,,,,,,,,,,,,,,,,,,,,,,,,,,,,,,,t2uhduQwyGQU,,,
1958,Line,,2,,,323,330,None,Arrow,,,,,,,,,,,,,,,,,,,,,,,,,,,,,,,,,,,,,,,,,,,,,,,,,,,,,,,,,,,,,,,,,,,,,,,,,,,,,,,,,,,,,,,,,,,,,,,,,,,t2uhci0Nw99V,,,
1959,Line,,2,,,435,331,None,Arrow,,,,,,,,,,,,,,,,,,,,,,,,,,,,,,,,,,,,,,,,,,,,,,,,,,,,,,,,,,,,,,,,,,,,,,,,,,,,,,,,,,,,,,,,,,,,,,,,,,,57GlYHMYPpkq,,,
1960,Line,,2,,,323,435,None,Arrow,,,,,,,,,,,,,,,,,,,,,,,,,,,,,,,,,,,,,,,,,,,,,,,,,,,,,,,,,,,,,,,,,,,,,,,,,,,,,,,,,,,,,,,,,,,,,,,,,,,t2uhkBSY_rQi,,,
1961,Line,,2,,,340,332,None,Arrow,,,,,,,,,,,,,,,,,,,,,,,,,,,,,,,,,,,,,,,,,,,,,,,,,,,,,,,,,,,,,,,,,,,,,,,,,,,,,,,,,,,,,,,,,,,,,,,,,,,ZBiiG9Q.JXyL,,,
1962,Line,,2,,,332,343,None,Equilateral Arrow,,,,,,,,,,,,,,,,,,,,,,,,,,,,,,,,,,,,,,,,,,,,,,,,,,,,,,,,,,,,,,,,,,,,,,,,,,,,,,,,,,,,,,,,,,,,,,,,,,,FaiiOZA~YPv1,,,
1963,Line,,2,,,334,337,None,Equilateral Arrow,,,,,,,,,,,,,,,,,,,,,,,,,,,,,,,,,,,,,,,,,,,,,,,,,,,,,,,,,,,,,,,,,,,,,,,,,,,,,,,,,,,,,,,,,,,,,,,,,,,s9hiaCkxJfcd,,,
1964,Line,,2,,,1006,52,None,Equilateral Arrow,,,,,,,,,,,,,,,,,,,,,,,,,,,,,,,,,,,,,,,,,,,,,,,,,,,,,,,,,,,,,,,,,,,,,,,,,,,,,,,,,,,,,,,,,,,,,,,,,,,F19w4NwTsOS1,,,
1965,Line,,2,,,907,1006,None,Equilateral Arrow,,,,,,,,,,,,,,,,,,,,,,,,,,,,,,,,,,,,,,,,,,,,,,,,,,,,,,,,,,,,,,,,,,,,,,,,,,,,,,,,,,,,,,,,,,,,,,,,,,,H0ii_~_kfwqZ,,,
1966,Line,,2,,,794,339,None,Equilateral Arrow,,,,,,,,,,,,,,,,,,,,,,,,,,,,,,,,,,,,,,,,,,,,,,,,,,,,,,,,,,,,,,,,,,,,,,,,,,,,,,,,,,,,,,,,,,,,,,,,,,,5liisGj8o6EJ,,,
1967,Line,,2,,,339,341,None,Equilateral Arrow,,Yes,,,,,,,,,,,,,,,,,,,,,,,,,,,,,,,,,,,,,,,,,,,,,,,,,,,,,,,,,,,,,,,,,,,,,,,,,,,,,,,,,,,,,,,,,,,,,,,,,VEiiWI8Ioiu.,,,
1968,Line,,2,,,339,342,None,Equilateral Arrow,,No,,,,,,,,,,,,,,,,,,,,,,,,,,,,,,,,,,,,,,,,,,,,,,,,,,,,,,,,,,,,,,,,,,,,,,,,,,,,,,,,,,,,,,,,,,,,,,,,,~EiiGyJeQREV,,,
1969,Line,,2,,,342,341,None,Equilateral Arrow,,,,,,,,,,,,,,,,,,,,,,,,,,,,,,,,,,,,,,,,,,,,,,,,,,,,,,,,,,,,,,,,,,,,,,,,,,,,,,,,,,,,,,,,,,,,,,,,,,,AHiiW6KDPR9L,,,
1970,Line,,2,,,998,346,None,Equilateral Arrow,,,,,,,,,,,,,,,,,,,,,,,,,,,,,,,,,,,,,,,,,,,,,,,,,,,,,,,,,,,,,,,,,,,,,,,,,,,,,,,,,,,,,,,,,,,,,,,,,,,VEawe.AqAKbI,,,
1971,Line,,2,,,341,998,None,Equilateral Arrow,,,,,,,,,,,,,,,,,,,,,,,,,,,,,,,,,,,,,,,,,,,,,,,,,,,,,,,,,,,,,,,,,,,,,,,,,,,,,,,,,,,,,,,,,,,,,,,,,,,XYiiyDI7fGMs,,,
1972,Line,,2,,,346,347,None,Equilateral Arrow,,,,,,,,,,,,,,,,,,,,,,,,,,,,,,,,,,,,,,,,,,,,,,,,,,,,,,,,,,,,,,,,,,,,,,,,,,,,,,,,,,,,,,,,,,,,,,,,,,,~Ziia.1uvJwc,,,
1973,Line,,2,,,287,28,None,Equilateral Arrow,,,,,,,,,,,,,,,,,,,,,,,,,,,,,,,,,,,,,,,,,,,,,,,,,,,,,,,,,,,,,,,,,,,,,,,,,,,,,,,,,,,,,,,,,,,,,,,,,,,Y9iiP~4-caUD,,,
1974,Line,,2,,,290,29,None,Equilateral Arrow,,,,,,,,,,,,,,,,,,,,,,,,,,,,,,,,,,,,,,,,,,,,,,,,,,,,,,,,,,,,,,,,,,,,,,,,,,,,,,,,,,,,,,,,,,,,,,,,,,,_.iis9Zgo1_0,,,
1975,Line,,2,,,291,348,None,Equilateral Arrow,,,,,,,,,,,,,,,,,,,,,,,,,,,,,,,,,,,,,,,,,,,,,,,,,,,,,,,,,,,,,,,,,,,,,,,,,,,,,,,,,,,,,,,,,,,,,,,,,,,e~iiTAnfJozD,,,
1976,Line,,2,,,293,37,None,Equilateral Arrow,,,,,,,,,,,,,,,,,,,,,,,,,,,,,,,,,,,,,,,,,,,,,,,,,,,,,,,,,,,,,,,,,,,,,,,,,,,,,,,,,,,,,,,,,,,,,,,,,,,n~ii9zTq6Wb0,,,
1977,Line,,2,,,294,349,None,Equilateral Arrow,,,,,,,,,,,,,,,,,,,,,,,,,,,,,,,,,,,,,,,,,,,,,,,,,,,,,,,,,,,,,,,,,,,,,,,,,,,,,,,,,,,,,,,,,,,,,,,,,,,u~iiAUh1rbYD,,,
1978,Line,,2,,,298,350,None,Equilateral Arrow,,,,,,,,,,,,,,,,,,,,,,,,,,,,,,,,,,,,,,,,,,,,,,,,,,,,,,,,,,,,,,,,,,,,,,,,,,,,,,,,,,,,,,,,,,,,,,,,,,,tajiD9R4K6aH,,,
1979,Line,,2,,,299,351,None,Equilateral Arrow,,,,,,,,,,,,,,,,,,,,,,,,,,,,,,,,,,,,,,,,,,,,,,,,,,,,,,,,,,,,,,,,,,,,,,,,,,,,,,,,,,,,,,,,,,,,,,,,,,,zajiK7~buY5k,,,
1980,Line,,2,,,305,352,None,Equilateral Arrow,,,,,,,,,,,,,,,,,,,,,,,,,,,,,,,,,,,,,,,,,,,,,,,,,,,,,,,,,,,,,,,,,,,,,,,,,,,,,,,,,,,,,,,,,,,,,,,,,,,ibjiOCTrl6wM,,,
1981,Line,,2,,,307,353,None,Equilateral Arrow,,,,,,,,,,,,,,,,,,,,,,,,,,,,,,,,,,,,,,,,,,,,,,,,,,,,,,,,,,,,,,,,,,,,,,,,,,,,,,,,,,,,,,,,,,,,,,,,,,,vbji8zRBoSVN,,,
1982,Line,,2,,,315,354,None,Equilateral Arrow,,,,,,,,,,,,,,,,,,,,,,,,,,,,,,,,,,,,,,,,,,,,,,,,,,,,,,,,,,,,,,,,,,,,,,,,,,,,,,,,,,,,,,,,,,,,,,,,,,,5cjihODGsmVv,,,
1983,Line,,2,,,302,38,None,Equilateral Arrow,,,,,,,,,,,,,,,,,,,,,,,,,,,,,,,,,,,,,,,,,,,,,,,,,,,,,,,,,,,,,,,,,,,,,,,,,,,,,,,,,,,,,,,,,,,,,,,,,,,AdjitL8zRgFV,,,
1984,Line,,2,,,355,356,None,Equilateral Arrow,,,,,,,,,,,,,,,,,,,,,,,,,,,,,,,,,,,,,,,,,,,,,,,,,,,,,,,,,,,,,,,,,,,,,,,,,,,,,,,,,,,,,,,,,,,,,,,,,,,lakiTdQiUhui,,,
1985,Line,,2,,,356,357,None,Equilateral Arrow,,New,,,,,,,,,,,,,,,,,,,,,,,,,,,,,,,,,,,,,,,,,,,,,,,,,,,,,,,,,,,,,,,,,,,,,,,,,,,,,,,,,,,,,,,,,,,,,,,,,ickirO.m61HQ,,,
1986,Line,,2,,,359,358,None,None,,,,,,,,,,,,,,,,,,,,,,,,,,,,,,,,,,,,,,,,,,,,,,,,,,,,,,,,,,,,,,,,,,,,,,,,,,,,,,,,,,,,,,,,,,,,,,,,,,,1ckiOvHa4iXS,,,
1987,Line,,2,,,357,359,None,Equilateral Arrow,,,,,,,,,,,,,,,,,,,,,,,,,,,,,,,,,,,,,,,,,,,,,,,,,,,,,,,,,,,,,,,,,,,,,,,,,,,,,,,,,,,,,,,,,,,,,,,,,,,mpki1PeeXMk4,,,
1988,Line,,2,,,356,360,None,Equilateral Arrow,,Modification,,,,,,,,,,,,,,,,,,,,,,,,,,,,,,,,,,,,,,,,,,,,,,,,,,,,,,,,,,,,,,,,,,,,,,,,,,,,,,,,,,,,,,,,,,,,,,,,,Gqki-cvvL.yj,,,
1989,Line,,2,,,359,361,None,Equilateral Arrow,,,,,,,,,,,,,,,,,,,,,,,,,,,,,,,,,,,,,,,,,,,,,,,,,,,,,,,,,,,,,,,,,,,,,,,,,,,,,,,,,,,,,,,,,,,,,,,,,,,yrkie7cGvhvh,,,
1990,Line,,2,,,360,359,None,Equilateral Arrow,,,,,,,,,,,,,,,,,,,,,,,,,,,,,,,,,,,,,,,,,,,,,,,,,,,,,,,,,,,,,,,,,,,,,,,,,,,,,,,,,,,,,,,,,,,,,,,,,,,iski28XIugQi,,,
1991,Line,,2,,,361,362,None,Equilateral Arrow,,,,,,,,,,,,,,,,,,,,,,,,,,,,,,,,,,,,,,,,,,,,,,,,,,,,,,,,,,,,,,,,,,,,,,,,,,,,,,,,,,,,,,,,,,,,,,,,,,,ypliG0iQwgRc,,,
1992,Line,,2,,,362,363,None,Equilateral Arrow,,Yes,,,,,,,,,,,,,,,,,,,,,,,,,,,,,,,,,,,,,,,,,,,,,,,,,,,,,,,,,,,,,,,,,,,,,,,,,,,,,,,,,,,,,,,,,,,,,,,,,rqliwSpYk.81,,,
1993,Line,,2,,,362,364,None,Equilateral Arrow,,No,,,,,,,,,,,,,,,,,,,,,,,,,,,,,,,,,,,,,,,,,,,,,,,,,,,,,,,,,,,,,,,,,,,,,,,,,,,,,,,,,,,,,,,,,,,,,,,,,zqliGImfH0.y,,,
1994,Line,,2,,,363,365,None,Equilateral Arrow,,,,,,,,,,,,,,,,,,,,,,,,,,,,,,,,,,,,,,,,,,,,,,,,,,,,,,,,,,,,,,,,,,,,,,,,,,,,,,,,,,,,,,,,,,,,,,,,,,,7qliEIzAydiX,,,
1995,Line,,2,,,365,366,None,Equilateral Arrow,,,,,,,,,,,,,,,,,,,,,,,,,,,,,,,,,,,,,,,,,,,,,,,,,,,,,,,,,,,,,,,,,,,,,,,,,,,,,,,,,,,,,,,,,,,,,,,,,,,exli8DzLlShk,,,
1996,Line,,2,,,366,367,None,Equilateral Arrow,,,,,,,,,,,,,,,,,,,,,,,,,,,,,,,,,,,,,,,,,,,,,,,,,,,,,,,,,,,,,,,,,,,,,,,,,,,,,,,,,,,,,,,,,,,,,,,,,,,Pyli0Vls3msP,,,
1997,Line,,2,,,309,10,None,Equilateral Arrow,,,,,,,,,,,,,,,,,,,,,,,,,,,,,,,,,,,,,,,,,,,,,,,,,,,,,,,,,,,,,,,,,,,,,,,,,,,,,,,,,,,,,,,,,,,,,,,,,,,Kemiwm.XuV89,,,
1998,Line,,2,,,368,370,None,Equilateral Arrow,,,,,,,,,,,,,,,,,,,,,,,,,,,,,,,,,,,,,,,,,,,,,,,,,,,,,,,,,,,,,,,,,,,,,,,,,,,,,,,,,,,,,,,,,,,,,,,,,,,0KmiZt3C6F8Z,,,
1999,Line,,2,,,370,416,None,Equilateral Arrow,,NO,,,,,,,,,,,,,,,,,,,,,,,,,,,,,,,,,,,,,,,,,,,,,,,,,,,,,,,,,,,,,,,,,,,,,,,,,,,,,,,,,,,,,,,,,,,,,,,,,hLmidx0tcyVT,,,
2000,Line,,2,,,370,371,None,Equilateral Arrow,,Yes,,,,,,,,,,,,,,,,,,,,,,,,,,,,,,,,,,,,,,,,,,,,,,,,,,,,,,,,,,,,,,,,,,,,,,,,,,,,,,,,,,,,,,,,,,,,,,,,,uLmivkcxdpHl,,,
2001,Line,,2,,,371,372,None,Equilateral Arrow,,,,,,,,,,,,,,,,,,,,,,,,,,,,,,,,,,,,,,,,,,,,,,,,,,,,,,,,,,,,,,,,,,,,,,,,,,,,,,,,,,,,,,,,,,,,,,,,,,,sNmirckYntvb,,,
2002,Line,,2,,,372,373,None,Equilateral Arrow,,,,,,,,,,,,,,,,,,,,,,,,,,,,,,,,,,,,,,,,,,,,,,,,,,,,,,,,,,,,,,,,,,,,,,,,,,,,,,,,,,,,,,,,,,,,,,,,,,,C~mizrXcQHWn,,,
2003,Line,,2,,,373,374,None,Equilateral Arrow,,,,,,,,,,,,,,,,,,,,,,,,,,,,,,,,,,,,,,,,,,,,,,,,,,,,,,,,,,,,,,,,,,,,,,,,,,,,,,,,,,,,,,,,,,,,,,,,,,,0~miVDvJtlKb,,,
2004,Line,,2,,,374,375,None,Equilateral Arrow,,,,,,,,,,,,,,,,,,,,,,,,,,,,,,,,,,,,,,,,,,,,,,,,,,,,,,,,,,,,,,,,,,,,,,,,,,,,,,,,,,,,,,,,,,,,,,,,,,,zaniqEIhxz_q,,,
2005,Line,,2,,,375,376,None,Equilateral Arrow,,,,,,,,,,,,,,,,,,,,,,,,,,,,,,,,,,,,,,,,,,,,,,,,,,,,,,,,,,,,,,,,,,,,,,,,,,,,,,,,,,,,,,,,,,,,,,,,,,,pcnipw0uRoIs,,,
2006,Line,,2,,,376,377,None,Equilateral Arrow,,,,,,,,,,,,,,,,,,,,,,,,,,,,,,,,,,,,,,,,,,,,,,,,,,,,,,,,,,,,,,,,,,,,,,,,,,,,,,,,,,,,,,,,,,,,,,,,,,,9cnidr~U0lHC,,,
2007,Line,,2,,,377,378,None,Equilateral Arrow,,,,,,,,,,,,,,,,,,,,,,,,,,,,,,,,,,,,,,,,,,,,,,,,,,,,,,,,,,,,,,,,,,,,,,,,,,,,,,,,,,,,,,,,,,,,,,,,,,,7dnikaEQmsED,,,
2008,Line,,2,,,378,379,None,Equilateral Arrow,,,,,,,,,,,,,,,,,,,,,,,,,,,,,,,,,,,,,,,,,,,,,,,,,,,,,,,,,,,,,,,,,,,,,,,,,,,,,,,,,,,,,,,,,,,,,,,,,,,xgni.pLIw4jn,,,
2009,Line,,2,,,310,12,None,Equilateral Arrow,,,,,,,,,,,,,,,,,,,,,,,,,,,,,,,,,,,,,,,,,,,,,,,,,,,,,,,,,,,,,,,,,,,,,,,,,,,,,,,,,,,,,,,,,,,,,,,,,,,Wbwjue0ZRQ0u,,,
2010,Line,,2,,,383,384,None,Equilateral Arrow,,,,,,,,,,,,,,,,,,,,,,,,,,,,,,,,,,,,,,,,,,,,,,,,,,,,,,,,,,,,,,,,,,,,,,,,,,,,,,,,,,,,,,,,,,,,,,,,,,,ycwjICmF0afR,,,
2011,Line,,2,,,384,385,None,Equilateral Arrow,,,,,,,,,,,,,,,,,,,,,,,,,,,,,,,,,,,,,,,,,,,,,,,,,,,,,,,,,,,,,,,,,,,,,,,,,,,,,,,,,,,,,,,,,,,,,,,,,,,Qgwj.tRYF3yC,,,
2012,Line,,2,,,385,386,None,Equilateral Arrow,,,,,,,,,,,,,,,,,,,,,,,,,,,,,,,,,,,,,,,,,,,,,,,,,,,,,,,,,,,,,,,,,,,,,,,,,,,,,,,,,,,,,,,,,,,,,,,,,,,jkwjuOdkY7ZM,,,
2013,Line,,2,,,386,387,None,Equilateral Arrow,,,,,,,,,,,,,,,,,,,,,,,,,,,,,,,,,,,,,,,,,,,,,,,,,,,,,,,,,,,,,,,,,,,,,,,,,,,,,,,,,,,,,,,,,,,,,,,,,,,_kwjqNlxogO7,,,
2014,Line,,2,,,386,388,None,Equilateral Arrow,,,,,,,,,,,,,,,,,,,,,,,,,,,,,,,,,,,,,,,,,,,,,,,,,,,,,,,,,,,,,,,,,,,,,,,,,,,,,,,,,,,,,,,,,,,,,,,,,,,OFwj0_nzAGOv,,,
2015,Line,,2,,,388,389,None,Equilateral Arrow,,Yes,,,,,,,,,,,,,,,,,,,,,,,,,,,,,,,,,,,,,,,,,,,,,,,,,,,,,,,,,,,,,,,,,,,,,,,,,,,,,,,,,,,,,,,,,,,,,,,,,oGwj3xzSRtK_,,,
2016,Line,,2,,,390,391,None,Equilateral Arrow,,,,,,,,,,,,,,,,,,,,,,,,,,,,,,,,,,,,,,,,,,,,,,,,,,,,,,,,,,,,,,,,,,,,,,,,,,,,,,,,,,,,,,,,,,,,,,,,,,,F~wjhjC5aHxC,,,
2017,Line,,2,,,391,392,None,Equilateral Arrow,,,,,,,,,,,,,,,,,,,,,,,,,,,,,,,,,,,,,,,,,,,,,,,,,,,,,,,,,,,,,,,,,,,,,,,,,,,,,,,,,,,,,,,,,,,,,,,,,,,Cmxj0~kM-R3T,,,
2018,Line,,2,,,391,393,None,None,,,,,,,,,,,,,,,,,,,,,,,,,,,,,,,,,,,,,,,,,,,,,,,,,,,,,,,,,,,,,,,,,,,,,,,,,,,,,,,,,,,,,,,,,,,,,,,,,,,0oxjWt9i10.k,,,
2019,Line,,2,,,392,394,None,None,,,,,,,,,,,,,,,,,,,,,,,,,,,,,,,,,,,,,,,,,,,,,,,,,,,,,,,,,,,,,,,,,,,,,,,,,,,,,,,,,,,,,,,,,,,,,,,,,,,tbyjqnAzNfne,,,
2020,Line,,2,,,392,395,None,Equilateral Arrow,,,,,,,,,,,,,,,,,,,,,,,,,,,,,,,,,,,,,,,,,,,,,,,,,,,,,,,,,,,,,,,,,,,,,,,,,,,,,,,,,,,,,,,,,,,,,,,,,,,KhyjsJjQOXOa,,,
2021,Line,,2,,,392,396,None,Equilateral Arrow,,,,,,,,,,,,,,,,,,,,,,,,,,,,,,,,,,,,,,,,,,,,,,,,,,,,,,,,,,,,,,,,,,,,,,,,,,,,,,,,,,,,,,,,,,,,,,,,,,,Zjyj~V5TUlM1,,,
2022,Line,,2,,,396,397,None,None,,,,,,,,,,,,,,,,,,,,,,,,,,,,,,,,,,,,,,,,,,,,,,,,,,,,,,,,,,,,,,,,,,,,,,,,,,,,,,,,,,,,,,,,,,,,,,,,,,,PkyjT~jppmE.,,,
2023,Line,,2,,,396,398,None,Equilateral Arrow,,,,,,,,,,,,,,,,,,,,,,,,,,,,,,,,,,,,,,,,,,,,,,,,,,,,,,,,,,,,,,,,,,,,,,,,,,,,,,,,,,,,,,,,,,,,,,,,,,,DzyjV~vNnwVJ,,,
2024,Line,,2,,,398,399,None,Equilateral Arrow,,,,,,,,,,,,,,,,,,,,,,,,,,,,,,,,,,,,,,,,,,,,,,,,,,,,,,,,,,,,,,,,,,,,,,,,,,,,,,,,,,,,,,,,,,,,,,,,,,,cByjRET79ys8,,,
2025,Line,,2,,,399,400,None,Equilateral Arrow,,Yes,,,,,,,,,,,,,,,,,,,,,,,,,,,,,,,,,,,,,,,,,,,,,,,,,,,,,,,,,,,,,,,,,,,,,,,,,,,,,,,,,,,,,,,,,,,,,,,,,DByj2~IMahiP,,,
2026,Line,,2,,,402,403,None,None,,,,,,,,,,,,,,,,,,,,,,,,,,,,,,,,,,,,,,,,,,,,,,,,,,,,,,,,,,,,,,,,,,,,,,,,,,,,,,,,,,,,,,,,,,,,,,,,,,,aLUjinfIs.PJ,,,
2027,Line,,2,,,402,404,None,Equilateral Arrow,,,,,,,,,,,,,,,,,,,,,,,,,,,,,,,,,,,,,,,,,,,,,,,,,,,,,,,,,,,,,,,,,,,,,,,,,,,,,,,,,,,,,,,,,,,,,,,,,,,aLUjG82ukV0p,,,
2028,Line,,2,,,404,405,None,Equilateral Arrow,,<30 Days,,,,,,,,,,,,,,,,,,,,,,,,,,,,,,,,,,,,,,,,,,,,,,,,,,,,,,,,,,,,,,,,,,,,,,,,,,,,,,,,,,,,,,,,,,,,,,,,,aLUj-QkNZ96v,,,
2029,Line,,2,,,404,406,None,Equilateral Arrow,,>30 days & <45 days,,,,,,,,,,,,,,,,,,,,,,,,,,,,,,,,,,,,,,,,,,,,,,,,,,,,,,,,,,,,,,,,,,,,,,,,,,,,,,,,,,,,,,,,,,,,,,,,,aLUjMFgS3lpc,,,
2030,Line,,2,,,404,407,None,Equilateral Arrow,,> 45 days,,,,,,,,,,,,,,,,,,,,,,,,,,,,,,,,,,,,,,,,,,,,,,,,,,,,,,,,,,,,,,,,,,,,,,,,,,,,,,,,,,,,,,,,,,,,,,,,,aLUjMkj0JkB6,,,
2031,Line,,2,,,405,408,None,Equilateral Arrow,,Formula,,,,,,,,,,,,,,,,,,,,,,,,,,,,,,,,,,,,,,,,,,,,,,,,,,,,,,,,,,,,,,,,,,,,,,,,,,,,,,,,,,,,,,,,,,,,,,,,,aLUjBGsrca-s,,,
2032,Line,,2,,,405,409,None,Equilateral Arrow,,,,,,,,,,,,,,,,,,,,,,,,,,,,,,,,,,,,,,,,,,,,,,,,,,,,,,,,,,,,,,,,,,,,,,,,,,,,,,,,,,,,,,,,,,,,,,,,,,,aLUjdH1Wcy_9,,,
2033,Line,,2,,,409,410,None,Equilateral Arrow,,Negative,,,,,,,,,,,,,,,,,,,,,,,,,,,,,,,,,,,,,,,,,,,,,,,,,,,,,,,,,,,,,,,,,,,,,,,,,,,,,,,,,,,,,,,,,,,,,,,,,aLUjYvUk8dIK,,,
2034,Line,,2,,,409,411,None,Equilateral Arrow,,Positive,,,,,,,,,,,,,,,,,,,,,,,,,,,,,,,,,,,,,,,,,,,,,,,,,,,,,,,,,,,,,,,,,,,,,,,,,,,,,,,,,,,,,,,,,,,,,,,,,aLUjvL-3J4Dh,,,
2035,Line,,2,,,408,412,None,None,,"Find ""Open PO qty""",,,,,,,,,,,,,,,,,,,,,,,,,,,,,,,,,,,,,,,,,,,,,,,,,,,,,,,,,,,,,,,,,,,,,,,,,,,,,,,,,,,,,,,,,,,,,,,,,aLUjtwGrkb-F,,,
2036,Line,,2,,,411,413,None,Equilateral Arrow,,,,,,,,,,,,,,,,,,,,,,,,,,,,,,,,,,,,,,,,,,,,,,,,,,,,,,,,,,,,,,,,,,,,,,,,,,,,,,,,,,,,,,,,,,,,,,,,,,,aLUjbliy0A6S,,,
2037,Line,,2,,,411,414,None,Equilateral Arrow,,,,,,,,,,,,,,,,,,,,,,,,,,,,,,,,,,,,,,,,,,,,,,,,,,,,,,,,,,,,,,,,,,,,,,,,,,,,,,,,,,,,,,,,,,,,,,,,,,,aLUji-XYU.h~,,,
2038,Line,,2,,,416,417,None,Equilateral Arrow,,,,,,,,,,,,,,,,,,,,,,,,,,,,,,,,,,,,,,,,,,,,,,,,,,,,,,,,,,,,,,,,,,,,,,,,,,,,,,,,,,,,,,,,,,,,,,,,,,,o3UjsnWKIykJ,,,
2039,Line,,2,,,417,418,None,Equilateral Arrow,,,,,,,,,,,,,,,,,,,,,,,,,,,,,,,,,,,,,,,,,,,,,,,,,,,,,,,,,,,,,,,,,,,,,,,,,,,,,,,,,,,,,,,,,,,,,,,,,,,p3Ujxe.Mll_d,,,
2040,Line,,2,,,417,419,None,None,,,,,,,,,,,,,,,,,,,,,,,,,,,,,,,,,,,,,,,,,,,,,,,,,,,,,,,,,,,,,,,,,,,,,,,,,,,,,,,,,,,,,,,,,,,,,,,,,,,C7Uj4vuB5MGj,,,
2041,Line,,2,,,418,424,None,Equilateral Arrow,,,,,,,,,,,,,,,,,,,,,,,,,,,,,,,,,,,,,,,,,,,,,,,,,,,,,,,,,,,,,,,,,,,,,,,,,,,,,,,,,,,,,,,,,,,,,,,,,,,6R5kmrT.i486,,,
2042,Line,,2,,,424,425,None,Equilateral Arrow,,Sort,,,,,,,,,,,,,,,,,,,,,,,,,,,,,,,,,,,,,,,,,,,,,,,,,,,,,,,,,,,,,,,,,,,,,,,,,,,,,,,,,,,,,,,,,,,,,,,,,CS5k5nSArd8t,,,
2043,Line,,2,,,424,426,None,Equilateral Arrow,,No,,,,,,,,,,,,,,,,,,,,,,,,,,,,,,,,,,,,,,,,,,,,,,,,,,,,,,,,,,,,,,,,,,,,,,,,,,,,,,,,,,,,,,,,,,,,,,,,,HS5k35chy2O9,,,
2044,Line,,2,,,425,427,None,Equilateral Arrow,,Yes,,,,,,,,,,,,,,,,,,,,,,,,,,,,,,,,,,,,,,,,,,,,,,,,,,,,,,,,,,,,,,,,,,,,,,,,,,,,,,,,,,,,,,,,,,,,,,,,,~V5kPGX9_esO,,,
2045,Line,,2,,,425,423,None,Equilateral Arrow,,No,,,,,,,,,,,,,,,,,,,,,,,,,,,,,,,,,,,,,,,,,,,,,,,,,,,,,,,,,,,,,,,,,,,,,,,,,,,,,,,,,,,,,,,,,,,,,,,,,lW5kLDJaub7I,,,
2046,Line,,2,,,426,428,None,Equilateral Arrow,,Yes,,,,,,,,,,,,,,,,,,,,,,,,,,,,,,,,,,,,,,,,,,,,,,,,,,,,,,,,,,,,,,,,,,,,,,,,,,,,,,,,,,,,,,,,,,,,,,,,,yW5kvpngsSIl,,,
2047,Line,,2,,,426,423,None,Equilateral Arrow,,No,,,,,,,,,,,,,,,,,,,,,,,,,,,,,,,,,,,,,,,,,,,,,,,,,,,,,,,,,,,,,,,,,,,,,,,,,,,,,,,,,,,,,,,,,,,,,,,,,OW5khcUeo4iX,,,
2048,Line,,2,,,430,432,None,None,,,,,,,,,,,,,,,,,,,,,,,,,,,,,,,,,,,,,,,,,,,,,,,,,,,,,,,,,,,,,,,,,,,,,,,,,,,,,,,,,,,,,,,,,,,,,,,,,,,4lplb~YPvcOg,,,
2049,Line,,2,,,736,737,None,Equilateral Arrow,,Online,,,,,,,,,,,,,,,,,,,,,,,,,,,,,,,,,,,,,,,,,,,,,,,,,,,,,,,,,,,,,,,,,,,,,,,,,,,,,,,,,,,,,,,,,,,,,,,,,orplyPIhBvKk,,,
2050,Line,,2,,,736,433,None,Equilateral Arrow,,Retail,,,,,,,,,,,,,,,,,,,,,,,,,,,,,,,,,,,,,,,,,,,,,,,,,,,,,,,,,,,,,,,,,,,,,,,,,,,,,,,,,,,,,,,,,,,,,,,,,Arpl95zQF3al,,,
2051,Line,,2,,,737,719,None,Equilateral Arrow,,,,,,,,,,,,,,,,,,,,,,,,,,,,,,,,,,,,,,,,,,,,,,,,,,,,,,,,,,,,,,,,,,,,,,,,,,,,,,,,,,,,,,,,,,,,,,,,,,,FxplEUQaKQK5,,,
2052,Line,,2,,,431,434,None,None,,No (Online + Retail),,,,,,,,,,,,,,,,,,,,,,,,,,,,,,,,,,,,,,,,,,,,,,,,,,,,,,,,,,,,,,,,,,,,,,,,,,,,,,,,,,,,,,,,,,,,,,,,,n2-sL.q89Laq,,,
2053,Line,,2,,,331,436,None,Equilateral Arrow,,,,,,,,,,,,,,,,,,,,,,,,,,,,,,,,,,,,,,,,,,,,,,,,,,,,,,,,,,,,,,,,,,,,,,,,,,,,,,,,,,,,,,,,,,,,,,,,,,,l_GlyELyLm7q,,,
2054,Line,,2,,,331,437,None,Equilateral Arrow,,,,,,,,,,,,,,,,,,,,,,,,,,,,,,,,,,,,,,,,,,,,,,,,,,,,,,,,,,,,,,,,,,,,,,,,,,,,,,,,,,,,,,,,,,,,,,,,,,,A_GljdvS~32L,,,
2055,Line,,2,,,331,438,None,Equilateral Arrow,,,,,,,,,,,,,,,,,,,,,,,,,,,,,,,,,,,,,,,,,,,,,,,,,,,,,,,,,,,,,,,,,,,,,,,,,,,,,,,,,,,,,,,,,,,,,,,,,,,k.GltP3ApK9W,,,
2056,Line,,2,,,439,440,None,Equilateral Arrow,,,,,,,,,,,,,,,,,,,,,,,,,,,,,,,,,,,,,,,,,,,,,,,,,,,,,,,,,,,,,,,,,,,,,,,,,,,,,,,,,,,,,,,,,,,,,,,,,,,V.GlhHaIcrB3,,,
2057,Line,,2,,,438,439,None,Equilateral Arrow,,,,,,,,,,,,,,,,,,,,,,,,,,,,,,,,,,,,,,,,,,,,,,,,,,,,,,,,,,,,,,,,,,,,,,,,,,,,,,,,,,,,,,,,,,,,,,,,,,,e~GlYtSgdYwD,,,
2058,Line,,2,,,437,439,None,Equilateral Arrow,,,,,,,,,,,,,,,,,,,,,,,,,,,,,,,,,,,,,,,,,,,,,,,,,,,,,,,,,,,,,,,,,,,,,,,,,,,,,,,,,,,,,,,,,,,,,,,,,,,i~Glq50DorFp,,,
2059,Line,,2,,,436,340,None,Equilateral Arrow,,,,,,,,,,,,,,,,,,,,,,,,,,,,,,,,,,,,,,,,,,,,,,,,,,,,,,,,,,,,,,,,,,,,,,,,,,,,,,,,,,,,,,,,,,,,,,,,,,,iaHlXoicD134,,,
2060,Line,,2,,,440,443,None,Equilateral Arrow,,,,,,,,,,,,,,,,,,,,,,,,,,,,,,,,,,,,,,,,,,,,,,,,,,,,,,,,,,,,,,,,,,,,,,,,,,,,,,,,,,,,,,,,,,,,,,,,,,,JbHlYOFzF3Qd,,,
2061,Line,,2,,,443,435,None,Equilateral Arrow,,Yes,,,,,,,,,,,,,,,,,,,,,,,,,,,,,,,,,,,,,,,,,,,,,,,,,,,,,,,,,,,,,,,,,,,,,,,,,,,,,,,,,,,,,,,,,,,,,,,,,ucHl-3S6_Zbo,,,
2062,Line,,2,,,435,444,None,None,,,,,,,,,,,,,,,,,,,,,,,,,,,,,,,,,,,,,,,,,,,,,,,,,,,,,,,,,,,,,,,,,,,,,,,,,,,,,,,,,,,,,,,,,,,,,,,,,,,JgHlQqZQcfpC,,,
2063,Line,,2,,,443,441,None,Equilateral Arrow,,No,,,,,,,,,,,,,,,,,,,,,,,,,,,,,,,,,,,,,,,,,,,,,,,,,,,,,,,,,,,,,,,,,,,,,,,,,,,,,,,,,,,,,,,,,,,,,,,,,5vHlG1IGO--E,,,
2064,Line,,2,,,436,333,None,None,,,,,,,,,,,,,,,,,,,,,,,,,,,,,,,,,,,,,,,,,,,,,,,,,,,,,,,,,,,,,,,,,,,,,,,,,,,,,,,,,,,,,,,,,,,,,,,,,,,vyHlHaVVO7fR,,,
2065,Line,,2,,,661,659,None,Equilateral Arrow,,,,,,,,,,,,,,,,,,,,,,,,,,,,,,,,,,,,,,,,,,,,,,,,,,,,,,,,,,,,,,,,,,,,,,,,,,,,,,,,,,,,,,,,,,,,,,,,,,,33rn0tzrzrrg,,,
2066,Line,,2,,,902,658,None,Equilateral Arrow,,,,,,,,,,,,,,,,,,,,,,,,,,,,,,,,,,,,,,,,,,,,,,,,,,,,,,,,,,,,,,,,,,,,,,,,,,,,,,,,,,,,,,,,,,,,,,,,,,,40puvRAibozE,,,
2067,Line,,2,,,896,902,None,Equilateral Arrow,,,,,,,,,,,,,,,,,,,,,,,,,,,,,,,,,,,,,,,,,,,,,,,,,,,,,,,,,,,,,,,,,,,,,,,,,,,,,,,,,,,,,,,,,,,,,,,,,,,JsIl9Qxvy5~5,,,
2068,Line,,2,,,658,661,None,Equilateral Arrow,,Fresh Purchase,,,,,,,,,,,,,,,,,,,,,,,,,,,,,,,,,,,,,,,,,,,,,,,,,,,,,,,,,,,,,,,,,,,,,,,,,,,,,,,,,,,,,,,,,,,,,,,,,gNrnPN9Buyao,,,
2069,Line,,2,,,244,369,None,Equilateral Arrow,,,,,,,,,,,,,,,,,,,,,,,,,,,,,,,,,,,,,,,,,,,,,,,,,,,,,,,,,,,,,,,,,,,,,,,,,,,,,,,,,,,,,,,,,,,,,,,,,,,p2Il.8Vr49jw,,,
2070,Line,,2,,,369,448,None,Equilateral Arrow,,,,,,,,,,,,,,,,,,,,,,,,,,,,,,,,,,,,,,,,,,,,,,,,,,,,,,,,,,,,,,,,,,,,,,,,,,,,,,,,,,,,,,,,,,,,,,,,,,,s2IlA0RqNsnm,,,
2071,Line,,2,,,448,449,None,Equilateral Arrow,,Not available,,,,,,,,,,,,,,,,,,,,,,,,,,,,,,,,,,,,,,,,,,,,,,,,,,,,,,,,,,,,,,,,,,,,,,,,,,,,,,,,,,,,,,,,,,,,,,,,,Q2IlEu0RRMxt,,,
2072,Line,,2,,,448,450,None,Equilateral Arrow,,Available,,,,,,,,,,,,,,,,,,,,,,,,,,,,,,,,,,,,,,,,,,,,,,,,,,,,,,,,,,,,,,,,,,,,,,,,,,,,,,,,,,,,,,,,,,,,,,,,,S2IlRJjpeGUL,,,
2073,Line,,2,,,434,451,None,Equilateral Arrow,,,,,,,,,,,,,,,,,,,,,,,,,,,,,,,,,,,,,,,,,,,,,,,,,,,,,,,,,,,,,,,,,,,,,,,,,,,,,,,,,,,,,,,,,,,,,,,,,,,SHxmolRjN0w3,,,
2074,Line,,2,,,451,452,None,Equilateral Arrow,,,,,,,,,,,,,,,,,,,,,,,,,,,,,,,,,,,,,,,,,,,,,,,,,,,,,,,,,,,,,,,,,,,,,,,,,,,,,,,,,,,,,,,,,,,,,,,,,,,EOxmDCwGfU5E,,,
2075,Line,,2,,,452,453,None,Equilateral Arrow,,,,,,,,,,,,,,,,,,,,,,,,,,,,,,,,,,,,,,,,,,,,,,,,,,,,,,,,,,,,,,,,,,,,,,,,,,,,,,,,,,,,,,,,,,,,,,,,,,,OQxmny1XyDaP,,,
2076,Line,,2,,,452,454,None,Equilateral Arrow,,,,,,,,,,,,,,,,,,,,,,,,,,,,,,,,,,,,,,,,,,,,,,,,,,,,,,,,,,,,,,,,,,,,,,,,,,,,,,,,,,,,,,,,,,,,,,,,,,,QRxmJ8YT96cm,,,
2077,Line,,2,,,193,455,None,Equilateral Arrow,,,,,,,,,,,,,,,,,,,,,,,,,,,,,,,,,,,,,,,,,,,,,,,,,,,,,,,,,,,,,,,,,,,,,,,,,,,,,,,,,,,,,,,,,,,,,,,,,,,GVzm6pEr95XC,,,
2078,Line,,2,,,455,239,None,Equilateral Arrow,,Yes,,,,,,,,,,,,,,,,,,,,,,,,,,,,,,,,,,,,,,,,,,,,,,,,,,,,,,,,,,,,,,,,,,,,,,,,,,,,,,,,,,,,,,,,,,,,,,,,,5Vzmo~UM5d0A,,,
2079,Line,,2,,,455,240,None,Equilateral Arrow,,No,,,,,,,,,,,,,,,,,,,,,,,,,,,,,,,,,,,,,,,,,,,,,,,,,,,,,,,,,,,,,,,,,,,,,,,,,,,,,,,,,,,,,,,,,,,,,,,,,bWzm_uq-2aD0,,,
2080,Line,,2,,,455,456,None,Equilateral Arrow,,,,,,,,,,,,,,,,,,,,,,,,,,,,,,,,,,,,,,,,,,,,,,,,,,,,,,,,,,,,,,,,,,,,,,,,,,,,,,,,,,,,,,,,,,,,,,,,,,,SXzmKxp2M5-_,,,
2081,Line,,2,,,240,457,None,Equilateral Arrow,,,,,,,,,,,,,,,,,,,,,,,,,,,,,,,,,,,,,,,,,,,,,,,,,,,,,,,,,,,,,,,,,,,,,,,,,,,,,,,,,,,,,,,,,,,,,,,,,,,R1zmxQk27_sp,,,
2082,Line,,2,,,457,458,None,Equilateral Arrow,,,,,,,,,,,,,,,,,,,,,,,,,,,,,,,,,,,,,,,,,,,,,,,,,,,,,,,,,,,,,,,,,,,,,,,,,,,,,,,,,,,,,,,,,,,,,,,,,,,01zm7FRUMe.n,,,
2083,Line,,2,,,458,459,None,Equilateral Arrow,,,,,,,,,,,,,,,,,,,,,,,,,,,,,,,,,,,,,,,,,,,,,,,,,,,,,,,,,,,,,,,,,,,,,,,,,,,,,,,,,,,,,,,,,,,,,,,,,,,02zmMXLa_-ln,,,
2084,Line,,2,,,459,460,None,Equilateral Arrow,,,,,,,,,,,,,,,,,,,,,,,,,,,,,,,,,,,,,,,,,,,,,,,,,,,,,,,,,,,,,,,,,,,,,,,,,,,,,,,,,,,,,,,,,,,,,,,,,,,02zmgUqqMwQo,,,
2085,Line,,2,,,460,461,None,Equilateral Arrow,,Yes,,,,,,,,,,,,,,,,,,,,,,,,,,,,,,,,,,,,,,,,,,,,,,,,,,,,,,,,,,,,,,,,,,,,,,,,,,,,,,,,,,,,,,,,,,,,,,,,,02zmwDDLH8g8,,,
2086,Line,,2,,,460,462,None,Equilateral Arrow,,No,,,,,,,,,,,,,,,,,,,,,,,,,,,,,,,,,,,,,,,,,,,,,,,,,,,,,,,,,,,,,,,,,,,,,,,,,,,,,,,,,,,,,,,,,,,,,,,,,02zm1Zlrcu-b,,,
2087,Line,,2,,,461,463,None,Equilateral Arrow,,Yes,,,,,,,,,,,,,,,,,,,,,,,,,,,,,,,,,,,,,,,,,,,,,,,,,,,,,,,,,,,,,,,,,,,,,,,,,,,,,,,,,,,,,,,,,,,,,,,,,02zmXZL3CViN,,,
2088,Line,,2,,,461,458,None,Equilateral Arrow,,No,,,,,,,,,,,,,,,,,,,,,,,,,,,,,,,,,,,,,,,,,,,,,,,,,,,,,,,,,,,,,,,,,,,,,,,,,,,,,,,,,,,,,,,,,,,,,,,,,02zmXJSHGrP0,,,
2089,Line,,2,,,462,460,None,Equilateral Arrow,,,,,,,,,,,,,,,,,,,,,,,,,,,,,,,,,,,,,,,,,,,,,,,,,,,,,,,,,,,,,,,,,,,,,,,,,,,,,,,,,,,,,,,,,,,,,,,,,,,02zmDoiPv_IL,,,
2090,Line,,2,,,454,756,None,Equilateral Arrow,,,,,,,,,,,,,,,,,,,,,,,,,,,,,,,,,,,,,,,,,,,,,,,,,,,,,,,,,,,,,,,,,,,,,,,,,,,,,,,,,,,,,,,,,,,,,,,,,,,9IAmw-XDBMG~,,,
2091,Line,,2,,,756,464,None,Equilateral Arrow,,,,,,,,,,,,,,,,,,,,,,,,,,,,,,,,,,,,,,,,,,,,,,,,,,,,,,,,,,,,,,,,,,,,,,,,,,,,,,,,,,,,,,,,,,,,,,,,,,,itatAwI6l_gJ,,,
2092,Line,,2,,,464,465,None,None,,,,,,,,,,,,,,,,,,,,,,,,,,,,,,,,,,,,,,,,,,,,,,,,,,,,,,,,,,,,,,,,,,,,,,,,,,,,,,,,,,,,,,,,,,,,,,,,,,,RLAmXH7wp0aZ,,,
2093,Line,,2,,,464,466,None,Equilateral Arrow,,,,,,,,,,,,,,,,,,,,,,,,,,,,,,,,,,,,,,,,,,,,,,,,,,,,,,,,,,,,,,,,,,,,,,,,,,,,,,,,,,,,,,,,,,,,,,,,,,,A7Pm0PuKZGu5,,,
2094,Line,,2,,,466,467,None,None,,,,,,,,,,,,,,,,,,,,,,,,,,,,,,,,,,,,,,,,,,,,,,,,,,,,,,,,,,,,,,,,,,,,,,,,,,,,,,,,,,,,,,,,,,,,,,,,,,,B9PmY3p3c2dw,,,
2095,Line,,2,,,466,468,None,Equilateral Arrow,,,,,,,,,,,,,,,,,,,,,,,,,,,,,,,,,,,,,,,,,,,,,,,,,,,,,,,,,,,,,,,,,,,,,,,,,,,,,,,,,,,,,,,,,,,,,,,,,,,hfQmyQopX.0j,,,
2096,Line,,2,,,447,487,None,Equilateral Arrow,,,,,,,,,,,,,,,,,,,,,,,,,,,,,,,,,,,,,,,,,,,,,,,,,,,,,,,,,,,,,,,,,,,,,,,,,,,,,,,,,,,,,,,,,,,,,,,,,,,0wWmL4VOqNdw,,,
2097,Line,,2,,,282,488,None,Equilateral Arrow,,,,,,,,,,,,,,,,,,,,,,,,,,,,,,,,,,,,,,,,,,,,,,,,,,,,,,,,,,,,,,,,,,,,,,,,,,,,,,,,,,,,,,,,,,,,,,,,,,,2LWmbBSG-~8r,,,
2098,Line,,2,,,488,489,None,Equilateral Arrow,,,,,,,,,,,,,,,,,,,,,,,,,,,,,,,,,,,,,,,,,,,,,,,,,,,,,,,,,,,,,,,,,,,,,,,,,,,,,,,,,,,,,,,,,,,,,,,,,,,hNWmqaV~bPEH,,,
2099,Line,,2,,,488,490,None,Equilateral Arrow,,,,,,,,,,,,,,,,,,,,,,,,,,,,,,,,,,,,,,,,,,,,,,,,,,,,,,,,,,,,,,,,,,,,,,,,,,,,,,,,,,,,,,,,,,,,,,,,,,,hNWm6AD~Nod3,,,
2100,Line,,2,,,489,48,None,Equilateral Arrow,,,,,,,,,,,,,,,,,,,,,,,,,,,,,,,,,,,,,,,,,,,,,,,,,,,,,,,,,,,,,,,,,,,,,,,,,,,,,,,,,,,,,,,,,,,,,,,,,,,1NWmNDv-ppl7,,,
2101,Line,,2,,,238,491,None,Equilateral Arrow,,,,,,,,,,,,,,,,,,,,,,,,,,,,,,,,,,,,,,,,,,,,,,,,,,,,,,,,,,,,,,,,,,,,,,,,,,,,,,,,,,,,,,,,,,,,,,,,,,,aPWmlaQTG1c9,,,
2102,Line,,2,,,497,499,None,None,,,,,,,,,,,,,,,,,,,,,,,,,,,,,,,,,,,,,,,,,,,,,,,,,,,,,,,,,,,,,,,,,,,,,,,,,,,,,,,,,,,,,,,,,,,,,,,,,,,RXWmhNByclhg,,,
2103,Line,,2,,,497,500,None,Equilateral Arrow,,,,,,,,,,,,,,,,,,,,,,,,,,,,,,,,,,,,,,,,,,,,,,,,,,,,,,,,,,,,,,,,,,,,,,,,,,,,,,,,,,,,,,,,,,,,,,,,,,,RXWmtNjvr6Q1,,,
2104,Line,,2,,,500,498,None,None,,,,,,,,,,,,,,,,,,,,,,,,,,,,,,,,,,,,,,,,,,,,,,,,,,,,,,,,,,,,,,,,,,,,,,,,,,,,,,,,,,,,,,,,,,,,,,,,,,,RXWmG.Kyixog,,,
2105,Line,,2,,,500,501,None,Equilateral Arrow,,No,,,,,,,,,,,,,,,,,,,,,,,,,,,,,,,,,,,,,,,,,,,,,,,,,,,,,,,,,,,,,,,,,,,,,,,,,,,,,,,,,,,,,,,,,,,,,,,,,RXWmwf1U9Nsn,,,
2106,Line,,2,,,500,502,None,Equilateral Arrow,,Yes,,,,,,,,,,,,,,,,,,,,,,,,,,,,,,,,,,,,,,,,,,,,,,,,,,,,,,,,,,,,,,,,,,,,,,,,,,,,,,,,,,,,,,,,,,,,,,,,,RXWmw~Ncn6EM,,,
2107,Line,,2,,,502,503,None,Equilateral Arrow,,,,,,,,,,,,,,,,,,,,,,,,,,,,,,,,,,,,,,,,,,,,,,,,,,,,,,,,,,,,,,,,,,,,,,,,,,,,,,,,,,,,,,,,,,,,,,,,,,,RXWmsPEVhZuG,,,
2108,Line,,2,,,503,504,None,None,,,,,,,,,,,,,,,,,,,,,,,,,,,,,,,,,,,,,,,,,,,,,,,,,,,,,,,,,,,,,,,,,,,,,,,,,,,,,,,,,,,,,,,,,,,,,,,,,,,RXWmfpPPOpFc,,,
2109,Line,,2,,,506,497,None,Equilateral Arrow,,,,,,,,,,,,,,,,,,,,,,,,,,,,,,,,,,,,,,,,,,,,,,,,,,,,,,,,,,,,,,,,,,,,,,,,,,,,,,,,,,,,,,,,,,,,,,,,,,,RXWm_YjcyHwj,,,
2110,Line,,2,,,505,507,None,Equilateral Arrow,,,,,,,,,,,,,,,,,,,,,,,,,,,,,,,,,,,,,,,,,,,,,,,,,,,,,,,,,,,,,,,,,,,,,,,,,,,,,,,,,,,,,,,,,,,,,,,,,,,RXWm76V2ZmcZ,,,
2111,Line,,2,,,507,496,None,Equilateral Arrow,,,,,,,,,,,,,,,,,,,,,,,,,,,,,,,,,,,,,,,,,,,,,,,,,,,,,,,,,,,,,,,,,,,,,,,,,,,,,,,,,,,,,,,,,,,,,,,,,,,RXWmKYkm18CM,,,
2112,Line,,2,,,505,509,None,Equilateral Arrow,,,,,,,,,,,,,,,,,,,,,,,,,,,,,,,,,,,,,,,,,,,,,,,,,,,,,,,,,,,,,,,,,,,,,,,,,,,,,,,,,,,,,,,,,,,,,,,,,,,RXWmhOk6b5cC,,,
2113,Line,,2,,,508,510,None,Equilateral Arrow,,,,,,,,,,,,,,,,,,,,,,,,,,,,,,,,,,,,,,,,,,,,,,,,,,,,,,,,,,,,,,,,,,,,,,,,,,,,,,,,,,,,,,,,,,,,,,,,,,,RXWm-9Gj0740,,,
2114,Line,,2,,,509,492,None,Equilateral Arrow,,,,,,,,,,,,,,,,,,,,,,,,,,,,,,,,,,,,,,,,,,,,,,,,,,,,,,,,,,,,,,,,,,,,,,,,,,,,,,,,,,,,,,,,,,,,,,,,,,,RXWmPftcIIAJ,,,
2115,Line,,2,,,511,512,None,Equilateral Arrow,,,,,,,,,,,,,,,,,,,,,,,,,,,,,,,,,,,,,,,,,,,,,,,,,,,,,,,,,,,,,,,,,,,,,,,,,,,,,,,,,,,,,,,,,,,,,,,,,,,RXWm08GnVshI,,,
2116,Line,,2,,,510,513,None,None,,,,,,,,,,,,,,,,,,,,,,,,,,,,,,,,,,,,,,,,,,,,,,,,,,,,,,,,,,,,,,,,,,,,,,,,,,,,,,,,,,,,,,,,,,,,,,,,,,,RXWmxKWX~IIL,,,
2117,Line,,2,,,509,493,None,Equilateral Arrow,,,,,,,,,,,,,,,,,,,,,,,,,,,,,,,,,,,,,,,,,,,,,,,,,,,,,,,,,,,,,,,,,,,,,,,,,,,,,,,,,,,,,,,,,,,,,,,,,,,RXWml9wxu-Zu,,,
2118,Line,,2,,,509,494,None,Equilateral Arrow,,,,,,,,,,,,,,,,,,,,,,,,,,,,,,,,,,,,,,,,,,,,,,,,,,,,,,,,,,,,,,,,,,,,,,,,,,,,,,,,,,,,,,,,,,,,,,,,,,,RXWmIb73.S.i,,,
2119,Line,,2,,,517,518,None,Equilateral Arrow,,,,,,,,,,,,,,,,,,,,,,,,,,,,,,,,,,,,,,,,,,,,,,,,,,,,,,,,,,,,,,,,,,,,,,,,,,,,,,,,,,,,,,,,,,,,,,,,,,,RXWmTkjxxWMl,,,
2120,Line,,2,,,518,519,None,None,,,,,,,,,,,,,,,,,,,,,,,,,,,,,,,,,,,,,,,,,,,,,,,,,,,,,,,,,,,,,,,,,,,,,,,,,,,,,,,,,,,,,,,,,,,,,,,,,,,RXWmAJXsfwYD,,,
2121,Line,,2,,,518,521,None,Equilateral Arrow,,,,,,,,,,,,,,,,,,,,,,,,,,,,,,,,,,,,,,,,,,,,,,,,,,,,,,,,,,,,,,,,,,,,,,,,,,,,,,,,,,,,,,,,,,,,,,,,,,,RXWm3sv3zqUI,,,
2122,Line,,2,,,521,520,None,None,,,,,,,,,,,,,,,,,,,,,,,,,,,,,,,,,,,,,,,,,,,,,,,,,,,,,,,,,,,,,,,,,,,,,,,,,,,,,,,,,,,,,,,,,,,,,,,,,,,RXWmdVCNtrZy,,,
2123,Line,,2,,,521,522,None,Equilateral Arrow,,Yes,,,,,,,,,,,,,,,,,,,,,,,,,,,,,,,,,,,,,,,,,,,,,,,,,,,,,,,,,,,,,,,,,,,,,,,,,,,,,,,,,,,,,,,,,,,,,,,,,RXWm93AfKqr1,,,
2124,Line,,2,,,521,523,None,Equilateral Arrow,,No,Diff,,,,,,,,,,,,,,,,,,,,,,,,,,,,,,,,,,,,,,,,,,,,,,,,,,,,,,,,,,,,,,,,,,,,,,,,,,,,,,,,,,,,,,,,,,,,,,,,RXWmuV8aTfXT,,,
2125,Line,,2,,,523,524,None,Equilateral Arrow,,,,,,,,,,,,,,,,,,,,,,,,,,,,,,,,,,,,,,,,,,,,,,,,,,,,,,,,,,,,,,,,,,,,,,,,,,,,,,,,,,,,,,,,,,,,,,,,,,,RXWmbPNChrT3,,,
2126,Line,,2,,,524,525,None,None,,,,,,,,,,,,,,,,,,,,,,,,,,,,,,,,,,,,,,,,,,,,,,,,,,,,,,,,,,,,,,,,,,,,,,,,,,,,,,,,,,,,,,,,,,,,,,,,,,,RXWm.nRek7NG,,,
2127,Line,,2,,,526,527,None,Equilateral Arrow,,,,,,,,,,,,,,,,,,,,,,,,,,,,,,,,,,,,,,,,,,,,,,,,,,,,,,,,,,,,,,,,,,,,,,,,,,,,,,,,,,,,,,,,,,,,,,,,,,,RXWmI5mFydQg,,,
2128,Line,,2,,,527,528,None,None,,,,,,,,,,,,,,,,,,,,,,,,,,,,,,,,,,,,,,,,,,,,,,,,,,,,,,,,,,,,,,,,,,,,,,,,,,,,,,,,,,,,,,,,,,,,,,,,,,,RXWm7~rc4i2M,,,
2129,Line,,2,,,527,530,None,Equilateral Arrow,,,,,,,,,,,,,,,,,,,,,,,,,,,,,,,,,,,,,,,,,,,,,,,,,,,,,,,,,,,,,,,,,,,,,,,,,,,,,,,,,,,,,,,,,,,,,,,,,,,RXWm0vh9w_YR,,,
2130,Line,,2,,,530,529,None,None,,,,,,,,,,,,,,,,,,,,,,,,,,,,,,,,,,,,,,,,,,,,,,,,,,,,,,,,,,,,,,,,,,,,,,,,,,,,,,,,,,,,,,,,,,,,,,,,,,,RXWmeSror0g7,,,
2131,Line,,2,,,530,531,None,Equilateral Arrow,,No,,,,,,,,,,,,,,,,,,,,,,,,,,,,,,,,,,,,,,,,,,,,,,,,,,,,,,,,,,,,,,,,,,,,,,,,,,,,,,,,,,,,,,,,,,,,,,,,,RXWmP9cH3RDQ,,,
2132,Line,,2,,,530,532,None,Equilateral Arrow,,Yes,,,,,,,,,,,,,,,,,,,,,,,,,,,,,,,,,,,,,,,,,,,,,,,,,,,,,,,,,,,,,,,,,,,,,,,,,,,,,,,,,,,,,,,,,,,,,,,,,RXWm_vEE7rRC,,,
2133,Line,,2,,,532,533,None,Equilateral Arrow,,,,,,,,,,,,,,,,,,,,,,,,,,,,,,,,,,,,,,,,,,,,,,,,,,,,,,,,,,,,,,,,,,,,,,,,,,,,,,,,,,,,,,,,,,,,,,,,,,,RXWmfQ_VMhJ_,,,
2134,Line,,2,,,533,534,None,None,,,,,,,,,,,,,,,,,,,,,,,,,,,,,,,,,,,,,,,,,,,,,,,,,,,,,,,,,,,,,,,,,,,,,,,,,,,,,,,,,,,,,,,,,,,,,,,,,,,RXWmu1IiEbj8,,,
2135,Line,,2,,,535,536,None,Equilateral Arrow,,,,,,,,,,,,,,,,,,,,,,,,,,,,,,,,,,,,,,,,,,,,,,,,,,,,,,,,,,,,,,,,,,,,,,,,,,,,,,,,,,,,,,,,,,,,,,,,,,,RXWmLIWpSHqx,,,
2136,Line,,2,,,536,537,None,None,,,,,,,,,,,,,,,,,,,,,,,,,,,,,,,,,,,,,,,,,,,,,,,,,,,,,,,,,,,,,,,,,,,,,,,,,,,,,,,,,,,,,,,,,,,,,,,,,,,RXWmvjKSAfjn,,,
2137,Line,,2,,,536,539,None,Equilateral Arrow,,,,,,,,,,,,,,,,,,,,,,,,,,,,,,,,,,,,,,,,,,,,,,,,,,,,,,,,,,,,,,,,,,,,,,,,,,,,,,,,,,,,,,,,,,,,,,,,,,,RXWmB.ZR~b0L,,,
2138,Line,,2,,,539,538,None,None,,,,,,,,,,,,,,,,,,,,,,,,,,,,,,,,,,,,,,,,,,,,,,,,,,,,,,,,,,,,,,,,,,,,,,,,,,,,,,,,,,,,,,,,,,,,,,,,,,,RXWm39fJYoHD,,,
2139,Line,,2,,,539,540,None,Equilateral Arrow,,No,,,,,,,,,,,,,,,,,,,,,,,,,,,,,,,,,,,,,,,,,,,,,,,,,,,,,,,,,,,,,,,,,,,,,,,,,,,,,,,,,,,,,,,,,,,,,,,,,RXWmdDupIJQp,,,
2140,Line,,2,,,539,541,None,Equilateral Arrow,,Yes,,,,,,,,,,,,,,,,,,,,,,,,,,,,,,,,,,,,,,,,,,,,,,,,,,,,,,,,,,,,,,,,,,,,,,,,,,,,,,,,,,,,,,,,,,,,,,,,,RXWmOQxb~GEr,,,
2141,Line,,2,,,541,542,None,None,,,,,,,,,,,,,,,,,,,,,,,,,,,,,,,,,,,,,,,,,,,,,,,,,,,,,,,,,,,,,,,,,,,,,,,,,,,,,,,,,,,,,,,,,,,,,,,,,,,RXWmO7giIm1t,,,
2142,Line,,2,,,509,495,None,Equilateral Arrow,,,,,,,,,,,,,,,,,,,,,,,,,,,,,,,,,,,,,,,,,,,,,,,,,,,,,,,,,,,,,,,,,,,,,,,,,,,,,,,,,,,,,,,,,,,,,,,,,,,RXWmHMkX9U1N,,,
2143,Line,,2,,,510,511,None,Equilateral Arrow,,,,,,,,,,,,,,,,,,,,,,,,,,,,,,,,,,,,,,,,,,,,,,,,,,,,,,,,,,,,,,,,,,,,,,,,,,,,,,,,,,,,,,,,,,,,,,,,,,,RXWmsEpIU0Pt,,,
2144,Line,,2,,,510,544,None,Equilateral Arrow,,,,,,,,,,,,,,,,,,,,,,,,,,,,,,,,,,,,,,,,,,,,,,,,,,,,,,,,,,,,,,,,,,,,,,,,,,,,,,,,,,,,,,,,,,,,,,,,,,,RXWmdGK4zU8p,,,
2145,Line,,2,,,544,559,None,None,,,,,,,,,,,,,,,,,,,,,,,,,,,,,,,,,,,,,,,,,,,,,,,,,,,,,,,,,,,,,,,,,,,,,,,,,,,,,,,,,,,,,,,,,,,,,,,,,,,RXWmIRGutPAk,,,
2146,Line,,2,,,512,545,None,Equilateral Arrow,,,,,,,,,,,,,,,,,,,,,,,,,,,,,,,,,,,,,,,,,,,,,,,,,,,,,,,,,,,,,,,,,,,,,,,,,,,,,,,,,,,,,,,,,,,,,,,,,,,RXWm.RzQzA7H,,,
2147,Line,,2,,,545,546,None,Equilateral Arrow,,Yes,,,,,,,,,,,,,,,,,,,,,,,,,,,,,,,,,,,,,,,,,,,,,,,,,,,,,,,,,,,,,,,,,,,,,,,,,,,,,,,,,,,,,,,,,,,,,,,,,RXWmWwJL68VI,,,
2148,Line,,2,,,545,547,None,Equilateral Arrow,,No,,,,,,,,,,,,,,,,,,,,,,,,,,,,,,,,,,,,,,,,,,,,,,,,,,,,,,,,,,,,,,,,,,,,,,,,,,,,,,,,,,,,,,,,,,,,,,,,,RXWm1z3-Lztm,,,
2149,Line,,2,,,546,548,None,Equilateral Arrow,,,,,,,,,,,,,,,,,,,,,,,,,,,,,,,,,,,,,,,,,,,,,,,,,,,,,,,,,,,,,,,,,,,,,,,,,,,,,,,,,,,,,,,,,,,,,,,,,,,RXWmvmgN-efa,,,
2150,Line,,2,,,512,551,None,None,,,,,,,,,,,,,,,,,,,,,,,,,,,,,,,,,,,,,,,,,,,,,,,,,,,,,,,,,,,,,,,,,,,,,,,,,,,,,,,,,,,,,,,,,,,,,,,,,,,RXWmcNtjRK9Z,,,
2151,Line,,2,,,547,545,None,Equilateral Arrow,,,,,,,,,,,,,,,,,,,,,,,,,,,,,,,,,,,,,,,,,,,,,,,,,,,,,,,,,,,,,,,,,,,,,,,,,,,,,,,,,,,,,,,,,,,,,,,,,,,RXWmpmA6brQ6,,,
2152,Line,,2,,,548,552,None,Equilateral Arrow,,,,,,,,,,,,,,,,,,,,,,,,,,,,,,,,,,,,,,,,,,,,,,,,,,,,,,,,,,,,,,,,,,,,,,,,,,,,,,,,,,,,,,,,,,,,,,,,,,,RXWmNcY-agTv,,,
2153,Line,,2,,,551,549,None,None,,,,,,,,,,,,,,,,,,,,,,,,,,,,,,,,,,,,,,,,,,,,,,,,,,,,,,,,,,,,,,,,,,,,,,,,,,,,,,,,,,,,,,,,,,,,,,,,,,,RXWm6pd.4p22,,,
2154,Line,,2,,,549,550,None,None,,,,,,,,,,,,,,,,,,,,,,,,,,,,,,,,,,,,,,,,,,,,,,,,,,,,,,,,,,,,,,,,,,,,,,,,,,,,,,,,,,,,,,,,,,,,,,,,,,,RXWmpHGYd.QS,,,
2155,Line,,2,,,552,554,None,None,,,,,,,,,,,,,,,,,,,,,,,,,,,,,,,,,,,,,,,,,,,,,,,,,,,,,,,,,,,,,,,,,,,,,,,,,,,,,,,,,,,,,,,,,,,,,,,,,,,RXWmmLz~e-H~,,,
2156,Line,,2,,,548,553,None,Equilateral Arrow,,,,,,,,,,,,,,,,,,,,,,,,,,,,,,,,,,,,,,,,,,,,,,,,,,,,,,,,,,,,,,,,,,,,,,,,,,,,,,,,,,,,,,,,,,,,,,,,,,,RXWmxKrlUfe6,,,
2157,Line,,2,,,553,557,None,None,,,,,,,,,,,,,,,,,,,,,,,,,,,,,,,,,,,,,,,,,,,,,,,,,,,,,,,,,,,,,,,,,,,,,,,,,,,,,,,,,,,,,,,,,,,,,,,,,,,RXWmn5xeFzkh,,,
2158,Line,,2,,,510,558,None,Equilateral Arrow,,,,,,,,,,,,,,,,,,,,,,,,,,,,,,,,,,,,,,,,,,,,,,,,,,,,,,,,,,,,,,,,,,,,,,,,,,,,,,,,,,,,,,,,,,,,,,,,,,,RXWmhYJG~tyJ,,,
2159,Line,,2,,,558,560,None,Equilateral Arrow,,,,,,,,,,,,,,,,,,,,,,,,,,,,,,,,,,,,,,,,,,,,,,,,,,,,,,,,,,,,,,,,,,,,,,,,,,,,,,,,,,,,,,,,,,,,,,,,,,,RXWmysrMb1.c,,,
2160,Line,,2,,,562,563,None,Equilateral Arrow,,,,,,,,,,,,,,,,,,,,,,,,,,,,,,,,,,,,,,,,,,,,,,,,,,,,,,,,,,,,,,,,,,,,,,,,,,,,,,,,,,,,,,,,,,,,,,,,,,,RXWmeIVk4rDM,,,
2161,Line,,2,,,564,565,None,Equilateral Arrow,,,,,,,,,,,,,,,,,,,,,,,,,,,,,,,,,,,,,,,,,,,,,,,,,,,,,,,,,,,,,,,,,,,,,,,,,,,,,,,,,,,,,,,,,,,,,,,,,,,RXWm3wsXDErD,,,
2162,Line,,2,,,563,566,None,None,,,,,,,,,,,,,,,,,,,,,,,,,,,,,,,,,,,,,,,,,,,,,,,,,,,,,,,,,,,,,,,,,,,,,,,,,,,,,,,,,,,,,,,,,,,,,,,,,,,RXWmEK06TNOh,,,
2163,Line,,2,,,563,564,None,Equilateral Arrow,,,,,,,,,,,,,,,,,,,,,,,,,,,,,,,,,,,,,,,,,,,,,,,,,,,,,,,,,,,,,,,,,,,,,,,,,,,,,,,,,,,,,,,,,,,,,,,,,,,RXWmZrmtwUm9,,,
2164,Line,,2,,,563,570,None,Equilateral Arrow,,,,,,,,,,,,,,,,,,,,,,,,,,,,,,,,,,,,,,,,,,,,,,,,,,,,,,,,,,,,,,,,,,,,,,,,,,,,,,,,,,,,,,,,,,,,,,,,,,,RXWmAUWF0oGy,,,
2165,Line,,2,,,570,585,None,None,,,,,,,,,,,,,,,,,,,,,,,,,,,,,,,,,,,,,,,,,,,,,,,,,,,,,,,,,,,,,,,,,,,,,,,,,,,,,,,,,,,,,,,,,,,,,,,,,,,RXWm6~oGKecJ,,,
2166,Line,,2,,,565,571,None,Equilateral Arrow,,,,,,,,,,,,,,,,,,,,,,,,,,,,,,,,,,,,,,,,,,,,,,,,,,,,,,,,,,,,,,,,,,,,,,,,,,,,,,,,,,,,,,,,,,,,,,,,,,,RXWm4cGZnt0H,,,
2167,Line,,2,,,571,572,None,Equilateral Arrow,,Yes,,,,,,,,,,,,,,,,,,,,,,,,,,,,,,,,,,,,,,,,,,,,,,,,,,,,,,,,,,,,,,,,,,,,,,,,,,,,,,,,,,,,,,,,,,,,,,,,,RXWm8684vrKo,,,
2168,Line,,2,,,571,573,None,Equilateral Arrow,,No,,,,,,,,,,,,,,,,,,,,,,,,,,,,,,,,,,,,,,,,,,,,,,,,,,,,,,,,,,,,,,,,,,,,,,,,,,,,,,,,,,,,,,,,,,,,,,,,,RXWm5rdmPl~W,,,
2169,Line,,2,,,572,574,None,Equilateral Arrow,,,,,,,,,,,,,,,,,,,,,,,,,,,,,,,,,,,,,,,,,,,,,,,,,,,,,,,,,,,,,,,,,,,,,,,,,,,,,,,,,,,,,,,,,,,,,,,,,,,RXWmev_CM.Em,,,
2170,Line,,2,,,565,577,None,None,,,,,,,,,,,,,,,,,,,,,,,,,,,,,,,,,,,,,,,,,,,,,,,,,,,,,,,,,,,,,,,,,,,,,,,,,,,,,,,,,,,,,,,,,,,,,,,,,,,RXWmrRRtOyii,,,
2171,Line,,2,,,573,571,None,Equilateral Arrow,,,,,,,,,,,,,,,,,,,,,,,,,,,,,,,,,,,,,,,,,,,,,,,,,,,,,,,,,,,,,,,,,,,,,,,,,,,,,,,,,,,,,,,,,,,,,,,,,,,RXWmKwDMyLBR,,,
2172,Line,,2,,,574,578,None,Equilateral Arrow,,,,,,,,,,,,,,,,,,,,,,,,,,,,,,,,,,,,,,,,,,,,,,,,,,,,,,,,,,,,,,,,,,,,,,,,,,,,,,,,,,,,,,,,,,,,,,,,,,,RXWmqrKKKZ4Y,,,
2173,Line,,2,,,577,575,None,None,,,,,,,,,,,,,,,,,,,,,,,,,,,,,,,,,,,,,,,,,,,,,,,,,,,,,,,,,,,,,,,,,,,,,,,,,,,,,,,,,,,,,,,,,,,,,,,,,,,RXWmvDZhAAa4,,,
2174,Line,,2,,,575,576,None,None,,,,,,,,,,,,,,,,,,,,,,,,,,,,,,,,,,,,,,,,,,,,,,,,,,,,,,,,,,,,,,,,,,,,,,,,,,,,,,,,,,,,,,,,,,,,,,,,,,,RXWm-dk1g9VP,,,
2175,Line,,2,,,578,580,None,None,,,,,,,,,,,,,,,,,,,,,,,,,,,,,,,,,,,,,,,,,,,,,,,,,,,,,,,,,,,,,,,,,,,,,,,,,,,,,,,,,,,,,,,,,,,,,,,,,,,RXWmuXiX9eY0,,,
2176,Line,,2,,,574,579,None,Equilateral Arrow,,,,,,,,,,,,,,,,,,,,,,,,,,,,,,,,,,,,,,,,,,,,,,,,,,,,,,,,,,,,,,,,,,,,,,,,,,,,,,,,,,,,,,,,,,,,,,,,,,,RXWmscDbHvdm,,,
2177,Line,,2,,,579,583,None,None,,,,,,,,,,,,,,,,,,,,,,,,,,,,,,,,,,,,,,,,,,,,,,,,,,,,,,,,,,,,,,,,,,,,,,,,,,,,,,,,,,,,,,,,,,,,,,,,,,,RXWm5v3vTxCT,,,
2178,Line,,2,,,563,584,None,Equilateral Arrow,,,,,,,,,,,,,,,,,,,,,,,,,,,,,,,,,,,,,,,,,,,,,,,,,,,,,,,,,,,,,,,,,,,,,,,,,,,,,,,,,,,,,,,,,,,,,,,,,,,RXWm9EignyuR,,,
2179,Line,,2,,,584,586,None,Equilateral Arrow,,,,,,,,,,,,,,,,,,,,,,,,,,,,,,,,,,,,,,,,,,,,,,,,,,,,,,,,,,,,,,,,,,,,,,,,,,,,,,,,,,,,,,,,,,,,,,,,,,,RXWmKJ2cspzI,,,
2180,Line,,2,,,588,589,None,Equilateral Arrow,,,,,,,,,,,,,,,,,,,,,,,,,,,,,,,,,,,,,,,,,,,,,,,,,,,,,,,,,,,,,,,,,,,,,,,,,,,,,,,,,,,,,,,,,,,,,,,,,,,RXWma6-dx8_1,,,
2181,Line,,2,,,590,591,None,Equilateral Arrow,,,,,,,,,,,,,,,,,,,,,,,,,,,,,,,,,,,,,,,,,,,,,,,,,,,,,,,,,,,,,,,,,,,,,,,,,,,,,,,,,,,,,,,,,,,,,,,,,,,RXWm1pL_obCo,,,
2182,Line,,2,,,589,592,None,None,,,,,,,,,,,,,,,,,,,,,,,,,,,,,,,,,,,,,,,,,,,,,,,,,,,,,,,,,,,,,,,,,,,,,,,,,,,,,,,,,,,,,,,,,,,,,,,,,,,RXWmshLDAjEi,,,
2183,Line,,2,,,589,590,None,Equilateral Arrow,,,,,,,,,,,,,,,,,,,,,,,,,,,,,,,,,,,,,,,,,,,,,,,,,,,,,,,,,,,,,,,,,,,,,,,,,,,,,,,,,,,,,,,,,,,,,,,,,,,RXWmt7Edw6cG,,,
2184,Line,,2,,,589,596,None,Equilateral Arrow,,,,,,,,,,,,,,,,,,,,,,,,,,,,,,,,,,,,,,,,,,,,,,,,,,,,,,,,,,,,,,,,,,,,,,,,,,,,,,,,,,,,,,,,,,,,,,,,,,,RXWmCHAAHBue,,,
2185,Line,,2,,,596,611,None,None,,,,,,,,,,,,,,,,,,,,,,,,,,,,,,,,,,,,,,,,,,,,,,,,,,,,,,,,,,,,,,,,,,,,,,,,,,,,,,,,,,,,,,,,,,,,,,,,,,,RXWmjRsyEr1D,,,
2186,Line,,2,,,591,597,None,Equilateral Arrow,,,,,,,,,,,,,,,,,,,,,,,,,,,,,,,,,,,,,,,,,,,,,,,,,,,,,,,,,,,,,,,,,,,,,,,,,,,,,,,,,,,,,,,,,,,,,,,,,,,RXWmzGP3ZhGW,,,
2187,Line,,2,,,597,598,None,Equilateral Arrow,,Yes,,,,,,,,,,,,,,,,,,,,,,,,,,,,,,,,,,,,,,,,,,,,,,,,,,,,,,,,,,,,,,,,,,,,,,,,,,,,,,,,,,,,,,,,,,,,,,,,,RXWmXfKDVPYd,,,
2188,Line,,2,,,597,599,None,Equilateral Arrow,,No,,,,,,,,,,,,,,,,,,,,,,,,,,,,,,,,,,,,,,,,,,,,,,,,,,,,,,,,,,,,,,,,,,,,,,,,,,,,,,,,,,,,,,,,,,,,,,,,,RXWmQL8ib5A1,,,
2189,Line,,2,,,598,600,None,Equilateral Arrow,,,,,,,,,,,,,,,,,,,,,,,,,,,,,,,,,,,,,,,,,,,,,,,,,,,,,,,,,,,,,,,,,,,,,,,,,,,,,,,,,,,,,,,,,,,,,,,,,,,RXWmQaXg86br,,,
2190,Line,,2,,,591,603,None,None,,,,,,,,,,,,,,,,,,,,,,,,,,,,,,,,,,,,,,,,,,,,,,,,,,,,,,,,,,,,,,,,,,,,,,,,,,,,,,,,,,,,,,,,,,,,,,,,,,,RXWmah6sqsvk,,,
2191,Line,,2,,,599,597,None,Equilateral Arrow,,,,,,,,,,,,,,,,,,,,,,,,,,,,,,,,,,,,,,,,,,,,,,,,,,,,,,,,,,,,,,,,,,,,,,,,,,,,,,,,,,,,,,,,,,,,,,,,,,,RXWmkiFfhnBi,,,
2192,Line,,2,,,600,604,None,Equilateral Arrow,,,,,,,,,,,,,,,,,,,,,,,,,,,,,,,,,,,,,,,,,,,,,,,,,,,,,,,,,,,,,,,,,,,,,,,,,,,,,,,,,,,,,,,,,,,,,,,,,,,RXWmfA_DkwhP,,,
2193,Line,,2,,,603,601,None,None,,,,,,,,,,,,,,,,,,,,,,,,,,,,,,,,,,,,,,,,,,,,,,,,,,,,,,,,,,,,,,,,,,,,,,,,,,,,,,,,,,,,,,,,,,,,,,,,,,,RXWmU~MOxXHt,,,
2194,Line,,2,,,601,602,None,None,,,,,,,,,,,,,,,,,,,,,,,,,,,,,,,,,,,,,,,,,,,,,,,,,,,,,,,,,,,,,,,,,,,,,,,,,,,,,,,,,,,,,,,,,,,,,,,,,,,RXWmrShTsTVS,,,
2195,Line,,2,,,604,606,None,None,,,,,,,,,,,,,,,,,,,,,,,,,,,,,,,,,,,,,,,,,,,,,,,,,,,,,,,,,,,,,,,,,,,,,,,,,,,,,,,,,,,,,,,,,,,,,,,,,,,RXWmc48Ui~eF,,,
2196,Line,,2,,,600,605,None,Equilateral Arrow,,,,,,,,,,,,,,,,,,,,,,,,,,,,,,,,,,,,,,,,,,,,,,,,,,,,,,,,,,,,,,,,,,,,,,,,,,,,,,,,,,,,,,,,,,,,,,,,,,,RXWmc4lWBI8n,,,
2197,Line,,2,,,605,609,None,None,,,,,,,,,,,,,,,,,,,,,,,,,,,,,,,,,,,,,,,,,,,,,,,,,,,,,,,,,,,,,,,,,,,,,,,,,,,,,,,,,,,,,,,,,,,,,,,,,,,RXWm3f4BYE0o,,,
2198,Line,,2,,,589,610,None,Equilateral Arrow,,,,,,,,,,,,,,,,,,,,,,,,,,,,,,,,,,,,,,,,,,,,,,,,,,,,,,,,,,,,,,,,,,,,,,,,,,,,,,,,,,,,,,,,,,,,,,,,,,,RXWmNSHAnJOF,,,
2199,Line,,2,,,610,612,None,Equilateral Arrow,,,,,,,,,,,,,,,,,,,,,,,,,,,,,,,,,,,,,,,,,,,,,,,,,,,,,,,,,,,,,,,,,,,,,,,,,,,,,,,,,,,,,,,,,,,,,,,,,,,RXWm-MyFCXNt,,,
2200,Line,,2,,,507,561,None,Equilateral Arrow,,,,,,,,,,,,,,,,,,,,,,,,,,,,,,,,,,,,,,,,,,,,,,,,,,,,,,,,,,,,,,,,,,,,,,,,,,,,,,,,,,,,,,,,,,,,,,,,,,,RXWmBwuEdHEJ,,,
2201,Line,,2,,,507,587,None,Equilateral Arrow,,,,,,,,,,,,,,,,,,,,,,,,,,,,,,,,,,,,,,,,,,,,,,,,,,,,,,,,,,,,,,,,,,,,,,,,,,,,,,,,,,,,,,,,,,,,,,,,,,,RXWmGrungEeF,,,
2202,Line,,2,,,519,616,None,None,,,,,,,,,,,,,,,,,,,,,,,,,,,,,,,,,,,,,,,,,,,,,,,,,,,,,,,,,,,,,,,,,,,,,,,,,,,,,,,,,,,,,,,,,,,,,,,,,,,RXWmBpOzNYFw,,,
2203,Line,,2,,,620,621,None,Equilateral Arrow,,,,,,,,,,,,,,,,,,,,,,,,,,,,,,,,,,,,,,,,,,,,,,,,,,,,,,,,,,,,,,,,,,,,,,,,,,,,,,,,,,,,,,,,,,,,,,,,,,,RXWmc40J4oTt,,,
2204,Line,,2,,,503,622,None,Equilateral Arrow,,,,,,,,,,,,,,,,,,,,,,,,,,,,,,,,,,,,,,,,,,,,,,,,,,,,,,,,,,,,,,,,,,,,,,,,,,,,,,,,,,,,,,,,,,,,,,,,,,,RXWmARJtTWKC,,,
2205,Line,,2,,,622,543,None,Equilateral Arrow,,,,,,,,,,,,,,,,,,,,,,,,,,,,,,,,,,,,,,,,,,,,,,,,,,,,,,,,,,,,,,,,,,,,,,,,,,,,,,,,,,,,,,,,,,,,,,,,,,,RXWmE0b8GxI_,,,
2206,Line,,2,,,,623,None,Equilateral Arrow,,,,,,,,,,,,,,,,,,,,,,,,,,,,,,,,,,,,,,,,,,,,,,,,,,,,,,,,,,,,,,,,,,,,,,,,,,,,,,,,,,,,,,,,,,,,,,,,,,,RXWmDY-jY4WY,,,
2207,Line,,2,,,,624,None,None,,,,,,,,,,,,,,,,,,,,,,,,,,,,,,,,,,,,,,,,,,,,,,,,,,,,,,,,,,,,,,,,,,,,,,,,,,,,,,,,,,,,,,,,,,,,,,,,,,,RXWm5iYuWyKy,,,
2208,Line,,2,,,,626,None,Equilateral Arrow,,,,,,,,,,,,,,,,,,,,,,,,,,,,,,,,,,,,,,,,,,,,,,,,,,,,,,,,,,,,,,,,,,,,,,,,,,,,,,,,,,,,,,,,,,,,,,,,,,,RXWm0I8BK-YX,,,
2209,Line,,2,,,626,625,None,Equilateral Arrow,,,,,,,,,,,,,,,,,,,,,,,,,,,,,,,,,,,,,,,,,,,,,,,,,,,,,,,,,,,,,,,,,,,,,,,,,,,,,,,,,,,,,,,,,,,,,,,,,,,RXWmXZEpbryb,,,
2210,Line,,2,,,,627,None,Equilateral Arrow,,,,,,,,,,,,,,,,,,,,,,,,,,,,,,,,,,,,,,,,,,,,,,,,,,,,,,,,,,,,,,,,,,,,,,,,,,,,,,,,,,,,,,,,,,,,,,,,,,,RXWmFkKIszAr,,,
2211,Line,,2,,,,628,None,None,,,,,,,,,,,,,,,,,,,,,,,,,,,,,,,,,,,,,,,,,,,,,,,,,,,,,,,,,,,,,,,,,,,,,,,,,,,,,,,,,,,,,,,,,,,,,,,,,,,RXWmYoDB4s60,,,
2212,Line,,2,,,,630,None,Equilateral Arrow,,,,,,,,,,,,,,,,,,,,,,,,,,,,,,,,,,,,,,,,,,,,,,,,,,,,,,,,,,,,,,,,,,,,,,,,,,,,,,,,,,,,,,,,,,,,,,,,,,,RXWmblSDA9XH,,,
2213,Line,,2,,,630,629,None,Equilateral Arrow,,,,,,,,,,,,,,,,,,,,,,,,,,,,,,,,,,,,,,,,,,,,,,,,,,,,,,,,,,,,,,,,,,,,,,,,,,,,,,,,,,,,,,,,,,,,,,,,,,,RXWmHa5kpfki,,,
2214,Line,,2,,,,631,None,Equilateral Arrow,,,,,,,,,,,,,,,,,,,,,,,,,,,,,,,,,,,,,,,,,,,,,,,,,,,,,,,,,,,,,,,,,,,,,,,,,,,,,,,,,,,,,,,,,,,,,,,,,,,RXWmQlxasSpn,,,
2215,Line,,2,,,,632,None,None,,,,,,,,,,,,,,,,,,,,,,,,,,,,,,,,,,,,,,,,,,,,,,,,,,,,,,,,,,,,,,,,,,,,,,,,,,,,,,,,,,,,,,,,,,,,,,,,,,,RXWmknHBMfqE,,,
2216,Line,,2,,,,634,None,Equilateral Arrow,,,,,,,,,,,,,,,,,,,,,,,,,,,,,,,,,,,,,,,,,,,,,,,,,,,,,,,,,,,,,,,,,,,,,,,,,,,,,,,,,,,,,,,,,,,,,,,,,,,RXWmnGMBpyW~,,,
2217,Line,,2,,,634,633,None,Equilateral Arrow,,,,,,,,,,,,,,,,,,,,,,,,,,,,,,,,,,,,,,,,,,,,,,,,,,,,,,,,,,,,,,,,,,,,,,,,,,,,,,,,,,,,,,,,,,,,,,,,,,,RXWmq7cbi5uB,,,
2218,Line,,2,,,,635,None,Equilateral Arrow,,,,,,,,,,,,,,,,,,,,,,,,,,,,,,,,,,,,,,,,,,,,,,,,,,,,,,,,,,,,,,,,,,,,,,,,,,,,,,,,,,,,,,,,,,,,,,,,,,,RXWmhShsdLWj,,,
2219,Line,,2,,,,636,None,None,,,,,,,,,,,,,,,,,,,,,,,,,,,,,,,,,,,,,,,,,,,,,,,,,,,,,,,,,,,,,,,,,,,,,,,,,,,,,,,,,,,,,,,,,,,,,,,,,,,RXWmvk4_SeQX,,,
2220,Line,,2,,,222,637,None,Equilateral Arrow,,,,,,,,,,,,,,,,,,,,,,,,,,,,,,,,,,,,,,,,,,,,,,,,,,,,,,,,,,,,,,,,,,,,,,,,,,,,,,,,,,,,,,,,,,,,,,,,,,,z~Wmt3USSLqb,,,
2221,Line,,2,,,637,225,None,Equilateral Arrow,,Approved,,,,,,,,,,,,,,,,,,,,,,,,,,,,,,,,,,,,,,,,,,,,,,,,,,,,,,,,,,,,,,,,,,,,,,,,,,,,,,,,,,,,,,,,,,,,,,,,,4~WmEn9c2nYL,,,
2222,Line,,2,,,637,638,None,Equilateral Arrow,,Not Approved,,,,,,,,,,,,,,,,,,,,,,,,,,,,,,,,,,,,,,,,,,,,,,,,,,,,,,,,,,,,,,,,,,,,,,,,,,,,,,,,,,,,,,,,,,,,,,,,,kaXmHg8m10F8,,,
2223,Line,,2,,,638,639,None,Arrow,,Yes,,,,,,,,,,,,,,,,,,,,,,,,,,,,,,,,,,,,,,,,,,,,,,,,,,,,,,,,,,,,,,,,,,,,,,,,,,,,,,,,,,,,,,,,,,,,,,,,,2aXmpn9nGXr3,,,
2224,Line,,2,,,638,640,None,Arrow,,No,,,,,,,,,,,,,,,,,,,,,,,,,,,,,,,,,,,,,,,,,,,,,,,,,,,,,,,,,,,,,,,,,,,,,,,,,,,,,,,,,,,,,,,,,,,,,,,,,2aXmIBbafqJU,,,
2225,Line,,2,,,641,640,None,Arrow,,No,,,,,,,,,,,,,,,,,,,,,,,,,,,,,,,,,,,,,,,,,,,,,,,,,,,,,,,,,,,,,,,,,,,,,,,,,,,,,,,,,,,,,,,,,,,,,,,,,2aXmDc2dg8Xk,,,
2226,Line,,2,,,639,641,None,Arrow,,,,,,,,,,,,,,,,,,,,,,,,,,,,,,,,,,,,,,,,,,,,,,,,,,,,,,,,,,,,,,,,,,,,,,,,,,,,,,,,,,,,,,,,,,,,,,,,,,,2aXm7DCm1OGo,,,
2227,Line,,2,,,641,225,None,Equilateral Arrow,,Yes,,,,,,,,,,,,,,,,,,,,,,,,,,,,,,,,,,,,,,,,,,,,,,,,,,,,,,,,,,,,,,,,,,,,,,,,,,,,,,,,,,,,,,,,,,,,,,,,,bbXm7OwMP7oa,,,
2228,Line,,2,,,313,14,None,Equilateral Arrow,,,,,,,,,,,,,,,,,,,,,,,,,,,,,,,,,,,,,,,,,,,,,,,,,,,,,,,,,,,,,,,,,,,,,,,,,,,,,,,,,,,,,,,,,,,,,,,,,,,CeXmGBdFb9AZ,,,
2229,Line,,2,,,420,648,None,Equilateral Arrow,,,,,,,,,,,,,,,,,,,,,,,,,,,,,,,,,,,,,,,,,,,,,,,,,,,,,,,,,,,,,,,,,,,,,,,,,,,,,,,,,,,,,,,,,,,,,,,,,,,zl9mshn9vW7I,,,
2230,Line,,2,,,269,262,None,Equilateral Arrow,,,,,,,,,,,,,,,,,,,,,,,,,,,,,,,,,,,,,,,,,,,,,,,,,,,,,,,,,,,,,,,,,,,,,,,,,,,,,,,,,,,,,,,,,,,,,,,,,,,~B9mfhkcZ2Sw,,,
2231,Line,,2,,,269,653,None,Equilateral Arrow,,,,,,,,,,,,,,,,,,,,,,,,,,,,,,,,,,,,,,,,,,,,,,,,,,,,,,,,,,,,,,,,,,,,,,,,,,,,,,,,,,,,,,,,,,,,,,,,,,,jC9mAD2Y-pmL,,,
2232,Line,,2,,,653,267,None,Equilateral Arrow,,,,,,,,,,,,,,,,,,,,,,,,,,,,,,,,,,,,,,,,,,,,,,,,,,,,,,,,,,,,,,,,,,,,,,,,,,,,,,,,,,,,,,,,,,,,,,,,,,,GC9mJtE7mAiD,,,
2233,Line,,2,,,266,654,None,Equilateral Arrow,,,,,,,,,,,,,,,,,,,,,,,,,,,,,,,,,,,,,,,,,,,,,,,,,,,,,,,,,,,,,,,,,,,,,,,,,,,,,,,,,,,,,,,,,,,,,,,,,,,eF9mWVh6JEwa,,,
2234,Line,,2,,,654,271,None,Equilateral Arrow,,Yes,,,,,,,,,,,,,,,,,,,,,,,,,,,,,,,,,,,,,,,,,,,,,,,,,,,,,,,,,,,,,,,,,,,,,,,,,,,,,,,,,,,,,,,,,,,,,,,,,AF9mdr3cjSoN,,,
2235,Line,,2,,,654,262,None,Equilateral Arrow,,No,,,,,,,,,,,,,,,,,,,,,,,,,,,,,,,,,,,,,,,,,,,,,,,,,,,,,,,,,,,,,,,,,,,,,,,,,,,,,,,,,,,,,,,,,,,,,,,,,gG9mnlZpHZvg,,,
2236,Line,,2,,,276,652,None,Equilateral Arrow,,Process for creation of Vendor,,,,,,,,,,,,,,,,,,,,,,,,,,,,,,,,,,,,,,,,,,,,,,,,,,,,,,,,,,,,,,,,,,,,,,,,,,,,,,,,,,,,,,,,,,,,,,,,,LO9m951VDyys,,,
2237,Line,,2,,,52,655,None,None,,,,,,,,,,,,,,,,,,,,,,,,,,,,,,,,,,,,,,,,,,,,,,,,,,,,,,,,,,,,,,,,,,,,,,,,,,,,,,,,,,,,,,,,,,,,,,,,,,,0~qnkeaGXD~I,,,
2238,Line,,2,,,656,657,None,None,,,,,,,,,,,,,,,,,,,,,,,,,,,,,,,,,,,,,,,,,,,,,,,,,,,,,,,,,,,,,,,,,,,,,,,,,,,,,,,,,,,,,,,,,,,,,,,,,,,tnrnw_96fbft,,,
2239,Line,,2,,,52,656,None,Equilateral Arrow,,,,,,,,,,,,,,,,,,,,,,,,,,,,,,,,,,,,,,,,,,,,,,,,,,,,,,,,,,,,,,,,,,,,,,,,,,,,,,,,,,,,,,,,,,,,,,,,,,,6prn_bCRLcKU,,,
2240,Line,,2,,,659,660,None,None,,,,,,,,,,,,,,,,,,,,,,,,,,,,,,,,,,,,,,,,,,,,,,,,,,,,,,,,,,,,,,,,,,,,,,,,,,,,,,,,,,,,,,,,,,,,,,,,,,,m0rnm0RXqG6U,,,
2241,Line,,2,,,661,662,None,None,,,,,,,,,,,,,,,,,,,,,,,,,,,,,,,,,,,,,,,,,,,,,,,,,,,,,,,,,,,,,,,,,,,,,,,,,,,,,,,,,,,,,,,,,,,,,,,,,,,.3rn1o.SUK6a,,,
2242,Line,,2,,,659,447,None,Equilateral Arrow,,,,,,,,,,,,,,,,,,,,,,,,,,,,,,,,,,,,,,,,,,,,,,,,,,,,,,,,,,,,,,,,,,,,,,,,,,,,,,,,,,,,,,,,,,,,,,,,,,,U4rng~L.1yNe,,,
2243,Line,,2,,,487,663,None,Equilateral Arrow,,,,,,,,,,,,,,,,,,,,,,,,,,,,,,,,,,,,,,,,,,,,,,,,,,,,,,,,,,,,,,,,,,,,,,,,,,,,,,,,,,,,,,,,,,,,,,,,,,,08tnASSqIgNU,,,
2244,Line,,2,,,487,665,None,Equilateral Arrow,,,,,,,,,,,,,,,,,,,,,,,,,,,,,,,,,,,,,,,,,,,,,,,,,,,,,,,,,,,,,,,,,,,,,,,,,,,,,,,,,,,,,,,,,,,,,,,,,,,v_tnTsbzeB-u,,,
2245,Line,,2,,,665,666,None,Equilateral Arrow,,,,,,,,,,,,,,,,,,,,,,,,,,,,,,,,,,,,,,,,,,,,,,,,,,,,,,,,,,,,,,,,,,,,,,,,,,,,,,,,,,,,,,,,,,,,,,,,,,,K_tnrD9_3ajW,,,
2246,Line,,2,,,665,664,None,Equilateral Arrow,,,,,,,,,,,,,,,,,,,,,,,,,,,,,,,,,,,,,,,,,,,,,,,,,,,,,,,,,,,,,,,,,,,,,,,,,,,,,,,,,,,,,,,,,,,,,,,,,,,T_tnY82Umk2I,,,
2247,Line,,2,,,667,668,None,None,,,,,,,,,,,,,,,,,,,,,,,,,,,,,,,,,,,,,,,,,,,,,,,,,,,,,,,,,,,,,,,,,,,,,,,,,,,,,,,,,,,,,,,,,,,,,,,,,,,2aunZxMOh.vk,,,
2248,Line,,2,,,664,,None,Equilateral Arrow,,,,,,,,,,,,,,,,,,,,,,,,,,,,,,,,,,,,,,,,,,,,,,,,,,,,,,,,,,,,,,,,,,,,,,,,,,,,,,,,,,,,,,,,,,,,,,,,,,,MfunzJjXAcgs,,,
2249,Line,,2,,,667,669,None,Equilateral Arrow,,,,,,,,,,,,,,,,,,,,,,,,,,,,,,,,,,,,,,,,,,,,,,,,,,,,,,,,,,,,,,,,,,,,,,,,,,,,,,,,,,,,,,,,,,,,,,,,,,,LgunBqCaQJMA,,,
2250,Line,,2,,,669,670,None,None,,,,,,,,,,,,,,,,,,,,,,,,,,,,,,,,,,,,,,,,,,,,,,,,,,,,,,,,,,,,,,,,,,,,,,,,,,,,,,,,,,,,,,,,,,,,,,,,,,,6gunL9XgPc59,,,
2251,Line,,2,,,671,50,None,Equilateral Arrow,,,,,,,,,,,,,,,,,,,,,,,,,,,,,,,,,,,,,,,,,,,,,,,,,,,,,,,,,,,,,,,,,,,,,,,,,,,,,,,,,,,,,,,,,,,,,,,,,,,SiunixHKA-Ex,,,
2252,Line,,2,,,669,671,None,Equilateral Arrow,,,,,,,,,,,,,,,,,,,,,,,,,,,,,,,,,,,,,,,,,,,,,,,,,,,,,,,,,,,,,,,,,,,,,,,,,,,,,,,,,,,,,,,,,,,,,,,,,,,khunnNNne5kk,,,
2253,Line,,2,,,50,900,None,Equilateral Arrow,,Feedback,,,,,,,,,,,,,,,,,,,,,,,,,,,,,,,,,,,,,,,,,,,,,,,,,,,,,,,,,,,,,,,,,,,,,,,,,,,,,,,,,,,,,,,,,,,,,,,,,IjunTs9-PKI2,,,
2254,Line,,2,,,672,904,None,Equilateral Arrow,,Non Plant,,,,,,,,,,,,,,,,,,,,,,,,,,,,,,,,,,,,,,,,,,,,,,,,,,,,,,,,,,,,,,,,,,,,,,,,,,,,,,,,,,,,,,,,,,,,,,,,,9runN~AAk~3~,,,
2255,Line,,2,,,672,903,None,Equilateral Arrow,,Plant,,,,,,,,,,,,,,,,,,,,,,,,,,,,,,,,,,,,,,,,,,,,,,,,,,,,,,,,,,,,,,,,,,,,,,,,,,,,,,,,,,,,,,,,,,,,,,,,,psunqwsSxVmM,,,
2256,Line,,2,,,670,991,None,Equilateral Arrow,,,,,,,,,,,,,,,,,,,,,,,,,,,,,,,,,,,,,,,,,,,,,,,,,,,,,,,,,,,,,,,,,,,,,,,,,,,,,,,,,,,,,,,,,,,,,,,,,,,A7vna5SK9~ar,,,
2257,Line,,2,,,991,53,None,Equilateral Arrow,,,,,,,,,,,,,,,,,,,,,,,,,,,,,,,,,,,,,,,,,,,,,,,,,,,,,,,,,,,,,,,,,,,,,,,,,,,,,,,,,,,,,,,,,,,,,,,,,,,~nwngjw.FBPt,,,
2258,Line,,2,,,53,673,None,None,,,,,,,,,,,,,,,,,,,,,,,,,,,,,,,,,,,,,,,,,,,,,,,,,,,,,,,,,,,,,,,,,,,,,,,,,,,,,,,,,,,,,,,,,,,,,,,,,,,GwwnvmdpVEYa,,,
2259,Line,,2,,,660,53,None,None,,,,,,,,,,,,,,,,,,,,,,,,,,,,,,,,,,,,,,,,,,,,,,,,,,,,,,,,,,,,,,,,,,,,,,,,,,,,,,,,,,,,,,,,,,,,,,,,,,,gZHvLtBreUej,,,
2260,Line,,2,,,332,712,None,Equilateral Arrow,,,,,,,,,,,,,,,,,,,,,,,,,,,,,,,,,,,,,,,,,,,,,,,,,,,,,,,,,,,,,,,,,,,,,,,,,,,,,,,,,,,,,,,,,,,,,,,,,,,qYXr9Goe.5iV,,,
2261,Line,,2,,3237,681,684,None,Arrow,,,,,,,,,,,,,,,,,,,,,,,,,,,,,,,,,,,,,,,,,,,,,,,,,,,,,,,,,,,,,,,,,,,,,,,,,,,,,,,,,,,,,,,,,,,,,,,,,,,UJZr4PKJmhQ4,,,
2262,Line,,2,,3237,681,682,None,None,,,,,,,,,,,,,,,,,,,,,,,,,,,,,,,,,,,,,,,,,,,,,,,,,,,,,,,,,,,,,,,,,,,,,,,,,,,,,,,,,,,,,,,,,,,,,,,,,,,UJZrOwYKNZhW,,,
2263,Line,,2,,3237,680,,None,Arrow,,,,,,,,,,,,,,,,,,,,,,,,,,,,,,,,,,,,,,,,,,,,,,,,,,,,,,,,,,,,,,,,,,,,,,,,,,,,,,,,,,,,,,,,,,,,,,,,,,,UJZreo4.jNgk,,,
2264,Line,,2,,3238,688,689,None,Arrow,,,,,,,,,,,,,,,,,,,,,,,,,,,,,,,,,,,,,,,,,,,,,,,,,,,,,,,,,,,,,,,,,,,,,,,,,,,,,,,,,,,,,,,,,,,,,,,,,,,UJZrFN6TMDrH,,,
2265,Line,,2,,3238,688,687,None,None,,,,,,,,,,,,,,,,,,,,,,,,,,,,,,,,,,,,,,,,,,,,,,,,,,,,,,,,,,,,,,,,,,,,,,,,,,,,,,,,,,,,,,,,,,,,,,,,,,,UJZrPjMv6tf6,,,
2266,Line,,2,,3238,686,,None,Arrow,,,,,,,,,,,,,,,,,,,,,,,,,,,,,,,,,,,,,,,,,,,,,,,,,,,,,,,,,,,,,,,,,,,,,,,,,,,,,,,,,,,,,,,,,,,,,,,,,,,UJZrDB8EwTt2,,,
2267,Line,,2,,3239,693,696,None,Arrow,,,,,,,,,,,,,,,,,,,,,,,,,,,,,,,,,,,,,,,,,,,,,,,,,,,,,,,,,,,,,,,,,,,,,,,,,,,,,,,,,,,,,,,,,,,,,,,,,,,UJZrz-H68jmJ,,,
2268,Line,,2,,3239,693,694,None,None,,,,,,,,,,,,,,,,,,,,,,,,,,,,,,,,,,,,,,,,,,,,,,,,,,,,,,,,,,,,,,,,,,,,,,,,,,,,,,,,,,,,,,,,,,,,,,,,,,,UJZrljQvFaxB,,,
2269,Line,,2,,3239,692,,None,Arrow,,,,,,,,,,,,,,,,,,,,,,,,,,,,,,,,,,,,,,,,,,,,,,,,,,,,,,,,,,,,,,,,,,,,,,,,,,,,,,,,,,,,,,,,,,,,,,,,,,,UJZr.EvkWvVp,,,
2270,Line,,2,,,701,702,None,Arrow,,,,,,,,,,,,,,,,,,,,,,,,,,,,,,,,,,,,,,,,,,,,,,,,,,,,,,,,,,,,,,,,,,,,,,,,,,,,,,,,,,,,,,,,,,,,,,,,,,,UJZrcsfmK4Nv,,,
2271,Line,,2,,,702,703,None,None,,,,,,,,,,,,,,,,,,,,,,,,,,,,,,,,,,,,,,,,,,,,,,,,,,,,,,,,,,,,,,,,,,,,,,,,,,,,,,,,,,,,,,,,,,,,,,,,,,,UJZrfbCCokkA,,,
2272,Line,,2,,,702,680,None,Arrow,,,,,,,,,,,,,,,,,,,,,,,,,,,,,,,,,,,,,,,,,,,,,,,,,,,,,,,,,,,,,,,,,,,,,,,,,,,,,,,,,,,,,,,,,,,,,,,,,,,UJZr3LQdcj23,,,
2273,Line,,2,,,702,692,None,Equilateral Arrow,,,,,,,,,,,,,,,,,,,,,,,,,,,,,,,,,,,,,,,,,,,,,,,,,,,,,,,,,,,,,,,,,,,,,,,,,,,,,,,,,,,,,,,,,,,,,,,,,,,UJZrDWAxb-gK,,,
2274,Line,,2,,,716,686,None,Equilateral Arrow,,,,,,,,,,,,,,,,,,,,,,,,,,,,,,,,,,,,,,,,,,,,,,,,,,,,,,,,,,,,,,,,,,,,,,,,,,,,,,,,,,,,,,,,,,,,,,,,,,,D5WsmM~7G_l3,,,
2275,Line,,2,,,705,716,None,Equilateral Arrow,,,,,,,,,,,,,,,,,,,,,,,,,,,,,,,,,,,,,,,,,,,,,,,,,,,,,,,,,,,,,,,,,,,,,,,,,,,,,,,,,,,,,,,,,,,,,,,,,,,UJZrszxwbBsd,,,
2276,Line,,2,,,703,708,None,Equilateral Arrow,,,,,,,,,,,,,,,,,,,,,,,,,,,,,,,,,,,,,,,,,,,,,,,,,,,,,,,,,,,,,,,,,,,,,,,,,,,,,,,,,,,,,,,,,,,,,,,,,,,TG0rFZY~BdwB,,,
2277,Line,,2,,,709,711,None,Equilateral Arrow,,,,,,,,,,,,,,,,,,,,,,,,,,,,,,,,,,,,,,,,,,,,,,,,,,,,,,,,,,,,,,,,,,,,,,,,,,,,,,,,,,,,,,,,,,,,,,,,,,,gW0rYiS24px6,,,
2278,Line,,2,,,319,,None,Equilateral Arrow,,,,,,,,,,,,,,,,,,,,,,,,,,,,,,,,,,,,,,,,,,,,,,,,,,,,,,,,,,,,,,,,,,,,,,,,,,,,,,,,,,,,,,,,,,,,,,,,,,,kH2rZXGikcOP,,,
2279,Line,,2,,,441,713,None,Equilateral Arrow,,,,,,,,,,,,,,,,,,,,,,,,,,,,,,,,,,,,,,,,,,,,,,,,,,,,,,,,,,,,,,,,,,,,,,,,,,,,,,,,,,,,,,,,,,,,,,,,,,,Eeisw-7mY1-q,,,
2280,Line,,2,,,713,435,None,Equilateral Arrow,,,,,,,,,,,,,,,,,,,,,,,,,,,,,,,,,,,,,,,,,,,,,,,,,,,,,,,,,,,,,,,,,,,,,,,,,,,,,,,,,,,,,,,,,,,,,,,,,,,WfisRWgT5zL5,,,
2281,Line,,2,,,51,715,None,Equilateral Arrow,,,,,,,,,,,,,,,,,,,,,,,,,,,,,,,,,,,,,,,,,,,,,,,,,,,,,,,,,,,,,,,,,,,,,,,,,,,,,,,,,,,,,,,,,,,,,,,,,,,zhUsYCIzvM83,,,
2282,Line,,2,,,716,717,None,None,,,,,,,,,,,,,,,,,,,,,,,,,,,,,,,,,,,,,,,,,,,,,,,,,,,,,,,,,,,,,,,,,,,,,,,,,,,,,,,,,,,,,,,,,,,,,,,,,,,65WssxZXRAqq,,,
2283,Line,,2,,,431,736,None,None,,Yes (Online + Retail),,,,,,,,,,,,,,,,,,,,,,,,,,,,,,,,,,,,,,,,,,,,,,,,,,,,,,,,,,,,,,,,,,,,,,,,,,,,,,,,,,,,,,,,,,,,,,,,,p2-sg-.Iy1CS,,,
2284,Line,,2,,,737,735,None,None,,,,,,,,,,,,,,,,,,,,,,,,,,,,,,,,,,,,,,,,,,,,,,,,,,,,,,,,,,,,,,,,,,,,,,,,,,,,,,,,,,,,,,,,,,,,,,,,,,,.t_sAzMiJ2u_,,,
2285,Line,,2,,,719,734,None,None,,,,,,,,,,,,,,,,,,,,,,,,,,,,,,,,,,,,,,,,,,,,,,,,,,,,,,,,,,,,,,,,,,,,,,,,,,,,,,,,,,,,,,,,,,,,,,,,,,,mv_s0CQ~Ck5Y,,,
2286,Line,,2,,,719,720,None,Equilateral Arrow,,,,,,,,,,,,,,,,,,,,,,,,,,,,,,,,,,,,,,,,,,,,,,,,,,,,,,,,,,,,,,,,,,,,,,,,,,,,,,,,,,,,,,,,,,,,,,,,,,,nw_s3nieve2s,,,
2287,Line,,2,,,720,721,None,Equilateral Arrow,,,,,,,,,,,,,,,,,,,,,,,,,,,,,,,,,,,,,,,,,,,,,,,,,,,,,,,,,,,,,,,,,,,,,,,,,,,,,,,,,,,,,,,,,,,,,,,,,,,Hy_sAks9PEi2,,,
2288,Line,,2,,,721,738,None,None,,,,,,,,,,,,,,,,,,,,,,,,,,,,,,,,,,,,,,,,,,,,,,,,,,,,,,,,,,,,,,,,,,,,,,,,,,,,,,,,,,,,,,,,,,,,,,,,,,,Rz_sAG~Qzzxd,,,
2289,Line,,2,,,721,722,None,Equilateral Arrow,,,,,,,,,,,,,,,,,,,,,,,,,,,,,,,,,,,,,,,,,,,,,,,,,,,,,,,,,,,,,,,,,,,,,,,,,,,,,,,,,,,,,,,,,,,,,,,,,,,nE_spQiR6qlK,,,
2290,Line,,2,,,722,723,None,None,,,,,,,,,,,,,,,,,,,,,,,,,,,,,,,,,,,,,,,,,,,,,,,,,,,,,,,,,,,,,,,,,,,,,,,,,,,,,,,,,,,,,,,,,,,,,,,,,,,nE_swFnKS_BL,,,
2291,Line,,2,,,722,729,None,Equilateral Arrow,,,,,,,,,,,,,,,,,,,,,,,,,,,,,,,,,,,,,,,,,,,,,,,,,,,,,,,,,,,,,,,,,,,,,,,,,,,,,,,,,,,,,,,,,,,,,,,,,,,~E_sx5A-SjbR,,,
2292,Line,,2,,,730,728,None,Equilateral Arrow,,,,,,,,,,,,,,,,,,,,,,,,,,,,,,,,,,,,,,,,,,,,,,,,,,,,,,,,,,,,,,,,,,,,,,,,,,,,,,,,,,,,,,,,,,,,,,,,,,,IH_s3b-KoCGc,,,
2293,Line,,2,,,728,724,None,Equilateral Arrow,,,,,,,,,,,,,,,,,,,,,,,,,,,,,,,,,,,,,,,,,,,,,,,,,,,,,,,,,,,,,,,,,,,,,,,,,,,,,,,,,,,,,,,,,,,,,,,,,,,2L_sg0NruZOP,,,
2294,Line,,2,,,724,725,None,None,,,,,,,,,,,,,,,,,,,,,,,,,,,,,,,,,,,,,,,,,,,,,,,,,,,,,,,,,,,,,,,,,,,,,,,,,,,,,,,,,,,,,,,,,,,,,,,,,,,sP_s7tfeJW91,,,
2295,Line,,2,,,727,726,None,Equilateral Arrow,,Yes,,,,,,,,,,,,,,,,,,,,,,,,,,,,,,,,,,,,,,,,,,,,,,,,,,,,,,,,,,,,,,,,,,,,,,,,,,,,,,,,,,,,,,,,,,,,,,,,,hX_sCP_MiIqw,,,
2296,Line,,2,,,727,431,None,Equilateral Arrow,,No,,,,,,,,,,,,,,,,,,,,,,,,,,,,,,,,,,,,,,,,,,,,,,,,,,,,,,,,,,,,,,,,,,,,,,,,,,,,,,,,,,,,,,,,,,,,,,,,,mX_syazALlTb,,,
2297,Line,,2,,,739,726,None,Equilateral Arrow,,,,,,,,,,,,,,,,,,,,,,,,,,,,,,,,,,,,,,,,,,,,,,,,,,,,,,,,,,,,,,,,,,,,,,,,,,,,,,,,,,,,,,,,,,,,,,,,,,,2Z_ss--VdHkR,,,
2298,Line,,2,,,724,739,None,Equilateral Arrow,,,,,,,,,,,,,,,,,,,,,,,,,,,,,,,,,,,,,,,,,,,,,,,,,,,,,,,,,,,,,,,,,,,,,,,,,,,,,,,,,,,,,,,,,,,,,,,,,,,mZ_s65aPzilK,,,
2299,Line,,2,,,739,740,None,None,,,,,,,,,,,,,,,,,,,,,,,,,,,,,,,,,,,,,,,,,,,,,,,,,,,,,,,,,,,,,,,,,,,,,,,,,,,,,,,,,,,,,,,,,,,,,,,,,,,.Z_sBseBLCPt,,,
2300,Line,,2,,,726,731,None,Equilateral Arrow,,,,,,,,,,,,,,,,,,,,,,,,,,,,,,,,,,,,,,,,,,,,,,,,,,,,,,,,,,,,,,,,,,,,,,,,,,,,,,,,,,,,,,,,,,,,,,,,,,,a5_s5aF2vj5T,,,
2301,Line,,2,,,731,732,None,Equilateral Arrow,,,,,,,,,,,,,,,,,,,,,,,,,,,,,,,,,,,,,,,,,,,,,,,,,,,,,,,,,,,,,,,,,,,,,,,,,,,,,,,,,,,,,,,,,,,,,,,,,,,K5_sAXns6eFL,,,
2302,Line,,2,,,732,733,None,Equilateral Arrow,,,,,,,,,,,,,,,,,,,,,,,,,,,,,,,,,,,,,,,,,,,,,,,,,,,,,,,,,,,,,,,,,,,,,,,,,,,,,,,,,,,,,,,,,,,,,,,,,,,t~_stpwLlnRW,,,
2303,Line,,2,,,733,741,None,Equilateral Arrow,,,,,,,,,,,,,,,,,,,,,,,,,,,,,,,,,,,,,,,,,,,,,,,,,,,,,,,,,,,,,,,,,,,,,,,,,,,,,,,,,,,,,,,,,,,,,,,,,,,va.sbxsYR10b,,,
2304,Line,,2,,,741,743,None,Equilateral Arrow,,,,,,,,,,,,,,,,,,,,,,,,,,,,,,,,,,,,,,,,,,,,,,,,,,,,,,,,,,,,,,,,,,,,,,,,,,,,,,,,,,,,,,,,,,,,,,,,,,,Ga.seDgCdmzx,,,
2305,Line,,2,,,741,742,None,None,,,,,,,,,,,,,,,,,,,,,,,,,,,,,,,,,,,,,,,,,,,,,,,,,,,,,,,,,,,,,,,,,,,,,,,,,,,,,,,,,,,,,,,,,,,,,,,,,,,Na.sCb9DVhtz,,,
2306,Line,,2,,,743,744,None,Equilateral Arrow,,,,,,,,,,,,,,,,,,,,,,,,,,,,,,,,,,,,,,,,,,,,,,,,,,,,,,,,,,,,,,,,,,,,,,,,,,,,,,,,,,,,,,,,,,,,,,,,,,,6c.sTNFDtLQY,,,
2307,Line,,2,,,744,745,None,None,,,,,,,,,,,,,,,,,,,,,,,,,,,,,,,,,,,,,,,,,,,,,,,,,,,,,,,,,,,,,,,,,,,,,,,,,,,,,,,,,,,,,,,,,,,,,,,,,,,sd.sj_iYvvGf,,,
2308,Line,,2,,,744,746,None,None,,,,,,,,,,,,,,,,,,,,,,,,,,,,,,,,,,,,,,,,,,,,,,,,,,,,,,,,,,,,,,,,,,,,,,,,,,,,,,,,,,,,,,,,,,,,,,,,,,,nh.sj~QfZMVr,,,
2309,Line,,2,,,752,747,None,Equilateral Arrow,,,,,,,,,,,,,,,,,,,,,,,,,,,,,,,,,,,,,,,,,,,,,,,,,,,,,,,,,,,,,,,,,,,,,,,,,,,,,,,,,,,,,,,,,,,,,,,,,,,9r.sD-XNvA2n,,,
2310,Line,,2,,,744,752,None,Equilateral Arrow,,,,,,,,,,,,,,,,,,,,,,,,,,,,,,,,,,,,,,,,,,,,,,,,,,,,,,,,,,,,,,,,,,,,,,,,,,,,,,,,,,,,,,,,,,,,,,,,,,,bk.s2zzsor_-,,,
2311,Line,,2,,,747,748,None,None,,,,,,,,,,,,,,,,,,,,,,,,,,,,,,,,,,,,,,,,,,,,,,,,,,,,,,,,,,,,,,,,,,,,,,,,,,,,,,,,,,,,,,,,,,,,,,,,,,,nk.sQrtpGfPy,,,
2312,Line,,2,,,747,749,None,Equilateral Arrow,,,,,,,,,,,,,,,,,,,,,,,,,,,,,,,,,,,,,,,,,,,,,,,,,,,,,,,,,,,,,,,,,,,,,,,,,,,,,,,,,,,,,,,,,,,,,,,,,,,Lk.spEewqkaM,,,
2313,Line,,2,,,749,750,None,Equilateral Arrow,,,,,,,,,,,,,,,,,,,,,,,,,,,,,,,,,,,,,,,,,,,,,,,,,,,,,,,,,,,,,,,,,,,,,,,,,,,,,,,,,,,,,,,,,,,,,,,,,,,6k.s.LdRQxx.,,,
2314,Line,,2,,,750,751,None,Equilateral Arrow,,,,,,,,,,,,,,,,,,,,,,,,,,,,,,,,,,,,,,,,,,,,,,,,,,,,,,,,,,,,,,,,,,,,,,,,,,,,,,,,,,,,,,,,,,,,,,,,,,,Kl.s73h5QQom,,,
2315,Line,,2,,,751,753,None,None,,,,,,,,,,,,,,,,,,,,,,,,,,,,,,,,,,,,,,,,,,,,,,,,,,,,,,,,,,,,,,,,,,,,,,,,,,,,,,,,,,,,,,,,,,,,,,,,,,,iA.swEfia1-Q,,,
2316,Line,,2,,,751,754,None,Equilateral Arrow,,,,,,,,,,,,,,,,,,,,,,,,,,,,,,,,,,,,,,,,,,,,,,,,,,,,,,,,,,,,,,,,,,,,,,,,,,,,,,,,,,,,,,,,,,,,,,,,,,,0A.sQ.x-fvWi,,,
2317,Line,,2,,,754,755,None,Equilateral Arrow,,,,,,,,,,,,,,,,,,,,,,,,,,,,,,,,,,,,,,,,,,,,,,,,,,,,,,,,,,,,,,,,,,,,,,,,,,,,,,,,,,,,,,,,,,,,,,,,,,,AC.s3Kk2vG8S,,,
2318,Line,,2,,,433,719,None,None,,,,,,,,,,,,,,,,,,,,,,,,,,,,,,,,,,,,,,,,,,,,,,,,,,,,,,,,,,,,,,,,,,,,,,,,,,,,,,,,,,,,,,,,,,,,,,,,,,,32~sRG26_Wx4,,,
2319,Line,,2,,,756,757,None,None,,,,,,,,,,,,,,,,,,,,,,,,,,,,,,,,,,,,,,,,,,,,,,,,,,,,,,,,,,,,,,,,,,,,,,,,,,,,,,,,,,,,,,,,,,,,,,,,,,,UHatRW-HSk0v,,,
2320,Line,,2,,,468,758,None,None,,,,,,,,,,,,,,,,,,,,,,,,,,,,,,,,,,,,,,,,,,,,,,,,,,,,,,,,,,,,,,,,,,,,,,,,,,,,,,,,,,,,,,,,,,,,,,,,,,,LNatHbXiL_xe,,,
2321,Line,,2,,,758,721,None,Equilateral Arrow,,,,,,,,,,,,,,,,,,,,,,,,,,,,,,,,,,,,,,,,,,,,,,,,,,,,,,,,,,,,,,,,,,,,,,,,,,,,,,,,,,,,,,,,,,,,,,,,,,,5OatgIWof8qw,,,
2322,Line,,2,,,729,760,None,None,,,,,,,,,,,,,,,,,,,,,,,,,,,,,,,,,,,,,,,,,,,,,,,,,,,,,,,,,,,,,,,,,,,,,,,,,,,,,,,,,,,,,,,,,,,,,,,,,,,F7atJsAGdwhY,,,
2323,Line,,2,,,760,730,None,None,,Yes,,,,,,,,,,,,,,,,,,,,,,,,,,,,,,,,,,,,,,,,,,,,,,,,,,,,,,,,,,,,,,,,,,,,,,,,,,,,,,,,,,,,,,,,,,,,,,,,,27atqXnewJrN,,,
2324,Line,,2,,,760,759,None,None,,No,,,,,,,,,,,,,,,,,,,,,,,,,,,,,,,,,,,,,,,,,,,,,,,,,,,,,,,,,,,,,,,,,,,,,,,,,,,,,,,,,,,,,,,,,,,,,,,,,d8atkY~iApuu,,,
2325,Line,,2,,,759,728,None,None,,,,,,,,,,,,,,,,,,,,,,,,,,,,,,,,,,,,,,,,,,,,,,,,,,,,,,,,,,,,,,,,,,,,,,,,,,,,,,,,,,,,,,,,,,,,,,,,,,,o8atXtLRkM_6,,,
2326,Line,,2,,,761,727,None,Equilateral Arrow,,,,,,,,,,,,,,,,,,,,,,,,,,,,,,,,,,,,,,,,,,,,,,,,,,,,,,,,,,,,,,,,,,,,,,,,,,,,,,,,,,,,,,,,,,,,,,,,,,,.gdtuZv6zPTK,,,
2327,Line,,2,,,429,761,None,Equilateral Arrow,,,,,,,,,,,,,,,,,,,,,,,,,,,,,,,,,,,,,,,,,,,,,,,,,,,,,,,,,,,,,,,,,,,,,,,,,,,,,,,,,,,,,,,,,,,,,,,,,,,ifutXulXj6Bn,,,
2328,Line,,2,,,430,429,None,Equilateral Arrow,,,,,,,,,,,,,,,,,,,,,,,,,,,,,,,,,,,,,,,,,,,,,,,,,,,,,,,,,,,,,,,,,,,,,,,,,,,,,,,,,,,,,,,,,,,,,,,,,,,rfutKB-o05DA,,,
2329,Line,,2,,,761,763,None,None,,,,,,,,,,,,,,,,,,,,,,,,,,,,,,,,,,,,,,,,,,,,,,,,,,,,,,,,,,,,,,,,,,,,,,,,,,,,,,,,,,,,,,,,,,,,,,,,,,,lmut9uj3p-yz,,,
2330,Line,,2,,,762,771,None,None,,,,,,,,,,,,,,,,,,,,,,,,,,,,,,,,,,,,,,,,,,,,,,,,,,,,,,,,,,,,,,,,,,,,,,,,,,,,,,,,,,,,,,,,,,,,,,,,,,,AswtXck3E_bZ,,,
2331,Line,,2,,,755,762,None,Equilateral Arrow,,,,,,,,,,,,,,,,,,,,,,,,,,,,,,,,,,,,,,,,,,,,,,,,,,,,,,,,,,,,,,,,,,,,,,,,,,,,,,,,,,,,,,,,,,,,,,,,,,,AvwtlReJ_VDS,,,
2332,Line,,2,,,772,774,None,Equilateral Arrow,,,,,,,,,,,,,,,,,,,,,,,,,,,,,,,,,,,,,,,,,,,,,,,,,,,,,,,,,,,,,,,,,,,,,,,,,,,,,,,,,,,,,,,,,,,,,,,,,,,RvwtqLsQ~HYu,,,
2333,Line,,2,,,772,773,None,None,,,,,,,,,,,,,,,,,,,,,,,,,,,,,,,,,,,,,,,,,,,,,,,,,,,,,,,,,,,,,,,,,,,,,,,,,,,,,,,,,,,,,,,,,,,,,,,,,,,Rvwt4_4OP~..,,,
2334,Line,,2,,,762,772,None,None,,,,,,,,,,,,,,,,,,,,,,,,,,,,,,,,,,,,,,,,,,,,,,,,,,,,,,,,,,,,,,,,,,,,,,,,,,,,,,,,,,,,,,,,,,,,,,,,,,,9vwt5F9kwU03,,,
2335,Line,,2,,,727,777,None,None,,via Delivery Note,,,,,,,,,,,,,,,,,,,,,,,,,,,,,,,,,,,,,,,,,,,,,,,,,,,,,,,,,,,,,,,,,,,,,,,,,,,,,,,,,,,,,,,,,,,,,,,,,RBwtSed.oZg7,,,
2336,Line,,2,,,755,778,None,None,,,,,,,,,,,,,,,,,,,,,,,,,,,,,,,,,,,,,,,,,,,,,,,,,,,,,,,,,,,,,,,,,,,,,,,,,,,,,,,,,,,,,,,,,,,,,,,,,,,CPwtPN7P88RE,,,
2337,Line,,2,,,764,779,None,None,,,,,,,,,,,,,,,,,,,,,,,,,,,,,,,,,,,,,,,,,,,,,,,,,,,,,,,,,,,,,,,,,,,,,,,,,,,,,,,,,,,,,,,,,,,,,,,,,,,~fxtTNOL8uT8,,,
2338,Line,,2,,,780,781,None,Equilateral Arrow,,Non plant,,,,,,,,,,,,,,,,,,,,,,,,,,,,,,,,,,,,,,,,,,,,,,,,,,,,,,,,,,,,,,,,,,,,,,,,,,,,,,,,,,,,,,,,,,,,,,,,,YgxthVdxiZ29,,,
2339,Line,,2,,,780,764,None,None,,Plant,,,,,,,,,,,,,,,,,,,,,,,,,,,,,,,,,,,,,,,,,,,,,,,,,,,,,,,,,,,,,,,,,,,,,,,,,,,,,,,,,,,,,,,,,,,,,,,,,9gxtY-6wCFVu,,,
2340,Line,,2,,,779,781,None,Equilateral Arrow,,,,,,,,,,,,,,,,,,,,,,,,,,,,,,,,,,,,,,,,,,,,,,,,,,,,,,,,,,,,,,,,,,,,,,,,,,,,,,,,,,,,,,,,,,,,,,,,,,,_nxtsCch4NzR,,,
2341,Line,,2,,,781,782,None,Equilateral Arrow,,,,,,,,,,,,,,,,,,,,,,,,,,,,,,,,,,,,,,,,,,,,,,,,,,,,,,,,,,,,,,,,,,,,,,,,,,,,,,,,,,,,,,,,,,,,,,,,,,,xpxtFobyD.6I,,,
2342,Line,,2,,,783,784,None,Equilateral Arrow,,,,,,,,,,,,,,,,,,,,,,,,,,,,,,,,,,,,,,,,,,,,,,,,,,,,,,,,,,,,,,,,,,,,,,,,,,,,,,,,,,,,,,,,,,,,,,,,,,,8uxtEpNp8L-J,,,
2343,Line,,2,,,784,785,None,Equilateral Arrow,,,,,,,,,,,,,,,,,,,,,,,,,,,,,,,,,,,,,,,,,,,,,,,,,,,,,,,,,,,,,,,,,,,,,,,,,,,,,,,,,,,,,,,,,,,,,,,,,,,zvxtqh2dM8b_,,,
2344,Line,,2,,,774,786,None,None,,,,,,,,,,,,,,,,,,,,,,,,,,,,,,,,,,,,,,,,,,,,,,,,,,,,,,,,,,,,,,,,,,,,,,,,,,,,,,,,,,,,,,,,,,,,,,,,,,,3vxt7ZLyT3ct,,,
2345,Line,,2,,,782,787,None,Equilateral Arrow,,,,,,,,,,,,,,,,,,,,,,,,,,,,,,,,,,,,,,,,,,,,,,,,,,,,,,,,,,,,,,,,,,,,,,,,,,,,,,,,,,,,,,,,,,,,,,,,,,,IxxtzjGW9bNF,,,
2346,Line,,2,,,727,789,None,None,,Two methods,via stock register,,,,,,,,,,,,,,,,,,,,,,,,,,,,,,,,,,,,,,,,,,,,,,,,,,,,,,,,,,,,,,,,,,,,,,,,,,,,,,,,,,,,,,,,,,,,,,,,dlJtZm1Z5iai,,,
2347,Line,,2,,,431,790,None,None,,,,,,,,,,,,,,,,,,,,,,,,,,,,,,,,,,,,,,,,,,,,,,,,,,,,,,,,,,,,,,,,,,,,,,,,,,,,,,,,,,,,,,,,,,,,,,,,,,,zrJtwfuQL4ff,,,
2348,Line,,2,,,792,797,None,None,,No,,,,,,,,,,,,,,,,,,,,,,,,,,,,,,,,,,,,,,,,,,,,,,,,,,,,,,,,,,,,,,,,,,,,,,,,,,,,,,,,,,,,,,,,,,,,,,,,,51Lts8sMtgB8,,,
2349,Line,,2,,,797,793,None,None,,,,,,,,,,,,,,,,,,,,,,,,,,,,,,,,,,,,,,,,,,,,,,,,,,,,,,,,,,,,,,,,,,,,,,,,,,,,,,,,,,,,,,,,,,,,,,,,,,,mANtH_U.azwf,,,
2350,Line,,2,,,792,794,None,None,,Yes,,,,,,,,,,,,,,,,,,,,,,,,,,,,,,,,,,,,,,,,,,,,,,,,,,,,,,,,,,,,,,,,,,,,,,,,,,,,,,,,,,,,,,,,,,,,,,,,,81Lt7C1Hb33C,,,
2351,Line,,2,,,343,795,None,None,,,,,,,,,,,,,,,,,,,,,,,,,,,,,,,,,,,,,,,,,,,,,,,,,,,,,,,,,,,,,,,,,,,,,,,,,,,,,,,,,,,,,,,,,,,,,,,,,,,3wNtbvCZnqYb,,,
2352,Line,,2,,,795,791,None,None,,,,,,,,,,,,,,,,,,,,,,,,,,,,,,,,,,,,,,,,,,,,,,,,,,,,,,,,,,,,,,,,,,,,,,,,,,,,,,,,,,,,,,,,,,,,,,,,,,,4wNtdAPRytP1,,,
2353,Line,,2,,,791,792,None,None,,,,,,,,,,,,,,,,,,,,,,,,,,,,,,,,,,,,,,,,,,,,,,,,,,,,,,,,,,,,,,,,,,,,,,,,,,,,,,,,,,,,,,,,,,,,,,,,,,,7wNtt4aK9-M7,,,
2354,Line,,2,,,795,796,None,None,,,,,,,,,,,,,,,,,,,,,,,,,,,,,,,,,,,,,,,,,,,,,,,,,,,,,,,,,,,,,,,,,,,,,,,,,,,,,,,,,,,,,,,,,,,,,,,,,,,byNtcF_CuZ0J,,,
2355,Line,,2,,,796,799,None,None,,,,,,,,,,,,,,,,,,,,,,,,,,,,,,,,,,,,,,,,,,,,,,,,,,,,,,,,,,,,,,,,,,,,,,,,,,,,,,,,,,,,,,,,,,,,,,,,,,,GCNtgnH05BT8,,,
2356,Line,,2,,,794,798,None,None,,,,,,,,,,,,,,,,,,,,,,,,,,,,,,,,,,,,,,,,,,,,,,,,,,,,,,,,,,,,,,,,,,,,,,,,,,,,,,,,,,,,,,,,,,,,,,,,,,,7CNt6QFb43E2,,,
2357,Line,,2,,,337,2351,None,None,,,,,,,,,,,,,,,,,,,,,,,,,,,,,,,,,,,,,,,,,,,,,,,,,,,,,,,,,,,,,,,,,,,,,,,,,,,,,,,,,,,,,,,,,,,,,,,,,,,bGNt~0X7WJm8,,,
2358,Line,,2,,,787,800,None,None,,,,,,,,,,,,,,,,,,,,,,,,,,,,,,,,,,,,,,,,,,,,,,,,,,,,,,,,,,,,,,,,,,,,,,,,,,,,,,,,,,,,,,,,,,,,,,,,,,,srOtKPhsYK~o,,,
2359,Line,,2,,,800,783,None,None,,,,,,,,,,,,,,,,,,,,,,,,,,,,,,,,,,,,,,,,,,,,,,,,,,,,,,,,,,,,,,,,,,,,,,,,,,,,,,,,,,,,,,,,,,,,,,,,,,,IrOtZHjwgkJY,,,
2360,Line,,2,,,802,803,None,None,,,,,,,,,,,,,,,,,,,,,,,,,,,,,,,,,,,,,,,,,,,,,,,,,,,,,,,,,,,,,,,,,,,,,,,,,,,,,,,,,,,,,,,,,,,,,,,,,,,SxOtfwWP5wDt,,,
2361,Line,,2,,,802,804,None,None,,,,,,,,,,,,,,,,,,,,,,,,,,,,,,,,,,,,,,,,,,,,,,,,,,,,,,,,,,,,,,,,,,,,,,,,,,,,,,,,,,,,,,,,,,,,,,,,,,,UxOt8kEFLF4j,,,
2362,Line,,2,,,804,805,None,None,,,,,,,,,,,,,,,,,,,,,,,,,,,,,,,,,,,,,,,,,,,,,,,,,,,,,,,,,,,,,,,,,,,,,,,,,,,,,,,,,,,,,,,,,,,,,,,,,,,tAOt6WJQrKjL,,,
2363,Line,,2,,,804,806,None,None,,,,,,,,,,,,,,,,,,,,,,,,,,,,,,,,,,,,,,,,,,,,,,,,,,,,,,,,,,,,,,,,,,,,,,,,,,,,,,,,,,,,,,,,,,,,,,,,,,,zAOt4wyD.3Dt,,,
2364,Line,,2,,,803,807,None,None,,,,,,,,,,,,,,,,,,,,,,,,,,,,,,,,,,,,,,,,,,,,,,,,,,,,,,,,,,,,,,,,,,,,,,,,,,,,,,,,,,,,,,,,,,,,,,,,,,,yBOt3xRGpx4S,,,
2365,Line,,2,,,785,810,None,None,,,,,,,,,,,,,,,,,,,,,,,,,,,,,,,,,,,,,,,,,,,,,,,,,,,,,,,,,,,,,,,,,,,,,,,,,,,,,,,,,,,,,,,,,,,,,,,,,,,UIOts2bO9xmy,,,
2366,Line,,2,,,826,828,None,Equilateral Arrow,,Online,,,,,,,,,,,,,,,,,,,,,,,,,,,,,,,,,,,,,,,,,,,,,,,,,,,,,,,,,,,,,,,,,,,,,,,,,,,,,,,,,,,,,,,,,,,,,,,,,XG9tBM2Jg30R,,,
2367,Line,,2,,,826,886,None,Equilateral Arrow,,Retail,,,,,,,,,,,,,,,,,,,,,,,,,,,,,,,,,,,,,,,,,,,,,,,,,,,,,,,,,,,,,,,,,,,,,,,,,,,,,,,,,,,,,,,,,,,,,,,,,XG9tSEiKBh8e,,,
2368,Line,,2,,,828,816,None,Equilateral Arrow,,,,,,,,,,,,,,,,,,,,,,,,,,,,,,,,,,,,,,,,,,,,,,,,,,,,,,,,,,,,,,,,,,,,,,,,,,,,,,,,,,,,,,,,,,,,,,,,,,,XG9tw5Q7~bk8,,,
2369,Line,,2,,,889,891,None,Equilateral Arrow,,Available,,,,,,,,,,,,,,,,,,,,,,,,,,,,,,,,,,,,,,,,,,,,,,,,,,,,,,,,,,,,,,,,,,,,,,,,,,,,,,,,,,,,,,,,,,,,,,,,,XG9t.VQ0JKYv,,,
2370,Line,,2,,,891,831,None,Equilateral Arrow,,,,,,,,,,,,,,,,,,,,,,,,,,,,,,,,,,,,,,,,,,,,,,,,,,,,,,,,,,,,,,,,,,,,,,,,,,,,,,,,,,,,,,,,,,,,,,,,,,,XG9tu6rDeemd,,,
2371,Line,,2,,,831,811,None,Equilateral Arrow,,,,,,,,,,,,,,,,,,,,,,,,,,,,,,,,,,,,,,,,,,,,,,,,,,,,,,,,,,,,,,,,,,,,,,,,,,,,,,,,,,,,,,,,,,,,,,,,,,,XG9tlUWIMedL,,,
2372,Line,,2,,,811,812,None,None,,,,,,,,,,,,,,,,,,,,,,,,,,,,,,,,,,,,,,,,,,,,,,,,,,,,,,,,,,,,,,,,,,,,,,,,,,,,,,,,,,,,,,,,,,,,,,,,,,,XG9tP1m.o4uw,,,
2373,Line,,2,,,811,813,None,Equilateral Arrow,,,,,,,,,,,,,,,,,,,,,,,,,,,,,,,,,,,,,,,,,,,,,,,,,,,,,,,,,,,,,,,,,,,,,,,,,,,,,,,,,,,,,,,,,,,,,,,,,,,XG9tjQIyH.dt,,,
2374,Line,,2,,,813,814,None,None,,,,,,,,,,,,,,,,,,,,,,,,,,,,,,,,,,,,,,,,,,,,,,,,,,,,,,,,,,,,,,,,,,,,,,,,,,,,,,,,,,,,,,,,,,,,,,,,,,,XG9tedj_Idgo,,,
2375,Line,,2,,,813,815,None,Equilateral Arrow,,,,,,,,,,,,,,,,,,,,,,,,,,,,,,,,,,,,,,,,,,,,,,,,,,,,,,,,,,,,,,,,,,,,,,,,,,,,,,,,,,,,,,,,,,,,,,,,,,,XG9t877WF_rh,,,
2376,Line,,2,,,816,817,None,Equilateral Arrow,,,,,,,,,,,,,,,,,,,,,,,,,,,,,,,,,,,,,,,,,,,,,,,,,,,,,,,,,,,,,,,,,,,,,,,,,,,,,,,,,,,,,,,,,,,,,,,,,,,XG9tvW~IC.ef,,,
2377,Line,,2,,,816,827,None,None,,,,,,,,,,,,,,,,,,,,,,,,,,,,,,,,,,,,,,,,,,,,,,,,,,,,,,,,,,,,,,,,,,,,,,,,,,,,,,,,,,,,,,,,,,,,,,,,,,,XG9tkv_KLbRm,,,
2378,Line,,2,,,817,818,None,Equilateral Arrow,,,,,,,,,,,,,,,,,,,,,,,,,,,,,,,,,,,,,,,,,,,,,,,,,,,,,,,,,,,,,,,,,,,,,,,,,,,,,,,,,,,,,,,,,,,,,,,,,,,XG9tO5aETX1q,,,
2379,Line,,2,,,818,829,None,None,,,,,,,,,,,,,,,,,,,,,,,,,,,,,,,,,,,,,,,,,,,,,,,,,,,,,,,,,,,,,,,,,,,,,,,,,,,,,,,,,,,,,,,,,,,,,,,,,,,XG9tVNLbVOO4,,,
2380,Line,,2,,,828,832,None,None,,,,,,,,,,,,,,,,,,,,,,,,,,,,,,,,,,,,,,,,,,,,,,,,,,,,,,,,,,,,,,,,,,,,,,,,,,,,,,,,,,,,,,,,,,,,,,,,,,,XG9t052YsOly,,,
2381,Line,,2,,,819,820,None,None,,,,,,,,,,,,,,,,,,,,,,,,,,,,,,,,,,,,,,,,,,,,,,,,,,,,,,,,,,,,,,,,,,,,,,,,,,,,,,,,,,,,,,,,,,,,,,,,,,,XG9t8vEF8.fQ,,,
2382,Line,,2,,,825,823,None,Equilateral Arrow,,,,,,,,,,,,,,,,,,,,,,,,,,,,,,,,,,,,,,,,,,,,,,,,,,,,,,,,,,,,,,,,,,,,,,,,,,,,,,,,,,,,,,,,,,,,,,,,,,,XG9teUhjoWzt,,,
2383,Line,,2,,,823,821,None,Equilateral Arrow,,,,,,,,,,,,,,,,,,,,,,,,,,,,,,,,,,,,,,,,,,,,,,,,,,,,,,,,,,,,,,,,,,,,,,,,,,,,,,,,,,,,,,,,,,,,,,,,,,,XG9t_USKEnRZ,,,
2384,Line,,2,,,821,822,None,None,,,,,,,,,,,,,,,,,,,,,,,,,,,,,,,,,,,,,,,,,,,,,,,,,,,,,,,,,,,,,,,,,,,,,,,,,,,,,,,,,,,,,,,,,,,,,,,,,,,XG9t5ejIAvpC,,,
2385,Line,,2,,,821,830,None,Equilateral Arrow,,,,,,,,,,,,,,,,,,,,,,,,,,,,,,,,,,,,,,,,,,,,,,,,,,,,,,,,,,,,,,,,,,,,,,,,,,,,,,,,,,,,,,,,,,,,,,,,,,,XG9tLb_Jh5vQ,,,
2386,Line,,2,,,830,836,None,None,,,,,,,,,,,,,,,,,,,,,,,,,,,,,,,,,,,,,,,,,,,,,,,,,,,,,,,,,,,,,,,,,,,,,,,,,,,,,,,,,,,,,,,,,,,,,,,,,,,XG9t4s_Qud2d,,,
2387,Line,,2,,,886,816,None,None,,,,,,,,,,,,,,,,,,,,,,,,,,,,,,,,,,,,,,,,,,,,,,,,,,,,,,,,,,,,,,,,,,,,,,,,,,,,,,,,,,,,,,,,,,,,,,,,,,,XG9tFDQQvv2N,,,
2388,Line,,2,,,831,833,None,None,,,,,,,,,,,,,,,,,,,,,,,,,,,,,,,,,,,,,,,,,,,,,,,,,,,,,,,,,,,,,,,,,,,,,,,,,,,,,,,,,,,,,,,,,,,,,,,,,,,XG9t9pE5OCIU,,,
2389,Line,,2,,,815,834,None,None,,,,,,,,,,,,,,,,,,,,,,,,,,,,,,,,,,,,,,,,,,,,,,,,,,,,,,,,,,,,,,,,,,,,,,,,,,,,,,,,,,,,,,,,,,,,,,,,,,,XG9tfrWAbY5H,,,
2390,Line,,2,,,834,818,None,Equilateral Arrow,,,,,,,,,,,,,,,,,,,,,,,,,,,,,,,,,,,,,,,,,,,,,,,,,,,,,,,,,,,,,,,,,,,,,,,,,,,,,,,,,,,,,,,,,,,,,,,,,,,XG9tdqTx~XKZ,,,
2391,Line,,2,,,824,837,None,Equilateral Arrow,,,,,,,,,,,,,,,,,,,,,,,,,,,,,,,,,,,,,,,,,,,,,,,,,,,,,,,,,,,,,,,,,,,,,,,,,,,,,,,,,,,,,,,,,,,,,,,,,,,XG9t-t1rxw9M,,,
2392,Line,,2,,,837,825,None,Equilateral Arrow,,Yes,,,,,,,,,,,,,,,,,,,,,,,,,,,,,,,,,,,,,,,,,,,,,,,,,,,,,,,,,,,,,,,,,,,,,,,,,,,,,,,,,,,,,,,,,,,,,,,,,XG9tkGY86QIu,,,
2393,Line,,2,,,837,835,None,Equilateral Arrow,,No,,,,,,,,,,,,,,,,,,,,,,,,,,,,,,,,,,,,,,,,,,,,,,,,,,,,,,,,,,,,,,,,,,,,,,,,,,,,,,,,,,,,,,,,,,,,,,,,,XG9tTIDPM6vc,,,
2394,Line,,2,,,835,823,None,None,,,,,,,,,,,,,,,,,,,,,,,,,,,,,,,,,,,,,,,,,,,,,,,,,,,,,,,,,,,,,,,,,,,,,,,,,,,,,,,,,,,,,,,,,,,,,,,,,,,XG9tR35isbCH,,,
2395,Line,,2,,,838,839,None,None,,via Delivery Note,,,,,,,,,,,,,,,,,,,,,,,,,,,,,,,,,,,,,,,,,,,,,,,,,,,,,,,,,,,,,,,,,,,,,,,,,,,,,,,,,,,,,,,,,,,,,,,,,r29tqtuHQPtn,,,
2396,Line,,2,,,838,840,None,None,,Two methods,via stock register,,,,,,,,,,,,,,,,,,,,,,,,,,,,,,,,,,,,,,,,,,,,,,,,,,,,,,,,,,,,,,,,,,,,,,,,,,,,,,,,,,,,,,,,,,,,,,,,r29to~6e3A07,,,
2397,Line,,2,,,846,838,None,Equilateral Arrow,,Non Plant,,,,,,,,,,,,,,,,,,,,,,,,,,,,,,,,,,,,,,,,,,,,,,,,,,,,,,,,,,,,,,,,,,,,,,,,,,,,,,,,,,,,,,,,,,,,,,,,,V.9tr0GgH8S6,,,
2398,Line,,2,,,846,845,None,None,,Plant,,,,,,,,,,,,,,,,,,,,,,,,,,,,,,,,,,,,,,,,,,,,,,,,,,,,,,,,,,,,,,,,,,,,,,,,,,,,,,,,,,,,,,,,,,,,,,,,,sz-tfgb85m7~,,,
2399,Line,,2,,,838,926,None,None,,"Yes, in RM Store",,,,,,,,,,,,,,,,,,,,,,,,,,,,,,,,,,,,,,,,,,,,,,,,,,,,,,,,,,,,,,,,,,,,,,,,,,,,,,,,,,,,,,,,,,,,,,,,,ZS-tIFE.MiiO,,,
2400,Line,,2,,,843,844,None,None,,,,,,,,,,,,,,,,,,,,,,,,,,,,,,,,,,,,,,,,,,,,,,,,,,,,,,,,,,,,,,,,,,,,,,,,,,,,,,,,,,,,,,,,,,,,,,,,,,,r29tJwDgCqdz,,,
2401,Line,,2,,,842,846,None,Equilateral Arrow,,,,,,,,,,,,,,,,,,,,,,,,,,,,,,,,,,,,,,,,,,,,,,,,,,,,,,,,,,,,,,,,,,,,,,,,,,,,,,,,,,,,,,,,,,,,,,,,,,,r29tMsSfY9W_,,,
2402,Line,,2,,,846,847,None,None,,,,,,,,,,,,,,,,,,,,,,,,,,,,,,,,,,,,,,,,,,,,,,,,,,,,,,,,,,,,,,,,,,,,,,,,,,,,,,,,,,,,,,,,,,,,,,,,,,,r29tFupvv9~w,,,
2403,Line,,2,,,845,884,None,None,,,,,,,,,,,,,,,,,,,,,,,,,,,,,,,,,,,,,,,,,,,,,,,,,,,,,,,,,,,,,,,,,,,,,,,,,,,,,,,,,,,,,,,,,,,,,,,,,,,O4-tz8_HlNm2,,,
2404,Line,,2,,,845,849,None,None,,No,,,,,,,,,,,,,,,,,,,,,,,,,,,,,,,,,,,,,,,,,,,,,,,,,,,,,,,,,,,,,,,,,,,,,,,,,,,,,,,,,,,,,,,,,,,,,,,,,HPaupLtlqJPF,,,
2405,Line,,2,,,845,851,None,None,,Yes,,,,,,,,,,,,,,,,,,,,,,,,,,,,,,,,,,,,,,,,,,,,,,,,,,,,,,,,,,,,,,,,,,,,,,,,,,,,,,,,,,,,,,,,,,,,,,,,,QVauZbZhHolo,,,
2406,Line,,2,,,843,848,None,Equilateral Arrow,,,,,,,,,,,,,,,,,,,,,,,,,,,,,,,,,,,,,,,,,,,,,,,,,,,,,,,,,,,,,,,,,,,,,,,,,,,,,,,,,,,,,,,,,,,,,,,,,,,z39toU5zwaK_,,,
2407,Line,,2,,,848,842,None,Equilateral Arrow,,,,,,,,,,,,,,,,,,,,,,,,,,,,,,,,,,,,,,,,,,,,,,,,,,,,,,,,,,,,,,,,,,,,,,,,,,,,,,,,,,,,,,,,,,,,,,,,,,,r.9tZPiFBc-G,,,
2408,Line,,2,,,849,935,None,Equilateral Arrow,,>,,,,,,,,,,,,,,,,,,,,,,,,,,,,,,,,,,,,,,,,,,,,,,,,,,,,,,,,,,,,,,,,,,,,,,,,,,,,,,,,,,,,,,,,,,,,,,,,,O_aui6H671Lq,,,
2409,Line,,2,,,926,935,None,Equilateral Arrow,,^,^,^,^,< ,,,,,,,,,,,,,,,,,,,,,,,,,,,,,,,,,,,,,,,,,,,,,,,,,,,,,,,,,,,,,,,,,,,,,,,,,,,,,,,,,,,,,,,,,,,,,vbbu-NN.xc34,,,
2410,Line,,2,,,841,853,None,Equilateral Arrow,,,,,,,,,,,,,,,,,,,,,,,,,,,,,,,,,,,,,,,,,,,,,,,,,,,,,,,,,,,,,,,,,,,,,,,,,,,,,,,,,,,,,,,,,,,,,,,,,,,~6auvlg~kWuB,,,
2411,Line,,2,,,854,855,None,Equilateral Arrow,,,,,,,,,,,,,,,,,,,,,,,,,,,,,,,,,,,,,,,,,,,,,,,,,,,,,,,,,,,,,,,,,,,,,,,,,,,,,,,,,,,,,,,,,,,,,,,,,,,gfbuAbX~BwLJ,,,
2412,Line,,2,,,855,856,None,Equilateral Arrow,,,,,,,,,,,,,,,,,,,,,,,,,,,,,,,,,,,,,,,,,,,,,,,,,,,,,,,,,,,,,,,,,,,,,,,,,,,,,,,,,,,,,,,,,,,,,,,,,,,gfbufwVnOx4-,,,
2413,Line,,2,,,850,841,None,Equilateral Arrow,,,,,,,,,,,,,,,,,,,,,,,,,,,,,,,,,,,,,,,,,,,,,,,,,,,,,,,,,,,,,,,,,,,,,,,,,,,,,,,,,,,,,,,,,,,,,,,,,,,Z6audV2EfbJB,,,
2414,Line,,2,,,856,857,None,Equilateral Arrow,,,,,,,,,,,,,,,,,,,,,,,,,,,,,,,,,,,,,,,,,,,,,,,,,,,,,,,,,,,,,,,,,,,,,,,,,,,,,,,,,,,,,,,,,,,,,,,,,,,gfbufDl4H4T5,,,
2415,Line,,2,,,857,859,None,Equilateral Arrow,,,,,,,,,,,,,,,,,,,,,,,,,,,,,,,,,,,,,,,,,,,,,,,,,,,,,,,,,,,,,,,,,,,,,,,,,,,,,,,,,,,,,,,,,,,,,,,,,,,gfbu1oq9DmIy,,,
2416,Line,,2,,,857,858,None,None,,,,,,,,,,,,,,,,,,,,,,,,,,,,,,,,,,,,,,,,,,,,,,,,,,,,,,,,,,,,,,,,,,,,,,,,,,,,,,,,,,,,,,,,,,,,,,,,,,,gfbu2cJovkHX,,,
2417,Line,,2,,,869,860,None,Equilateral Arrow,,,,,,,,,,,,,,,,,,,,,,,,,,,,,,,,,,,,,,,,,,,,,,,,,,,,,,,,,,,,,,,,,,,,,,,,,,,,,,,,,,,,,,,,,,,,,,,,,,,rjbuwfkuJqtD,,,
2418,Line,,2,,,860,863,None,None,,,,,,,,,,,,,,,,,,,,,,,,,,,,,,,,,,,,,,,,,,,,,,,,,,,,,,,,,,,,,,,,,,,,,,,,,,,,,,,,,,,,,,,,,,,,,,,,,,,gfbuwUVOcppQ,,,
2419,Line,,2,,,860,885,None,None,,,,,,,,,,,,,,,,,,,,,,,,,,,,,,,,,,,,,,,,,,,,,,,,,,,,,,,,,,,,,,,,,,,,,,,,,,,,,,,,,,,,,,,,,,,,,,,,,,,gfbuJ~Ru1OLV,,,
2420,Line,,2,,,859,869,None,Equilateral Arrow,,,,,,,,,,,,,,,,,,,,,,,,,,,,,,,,,,,,,,,,,,,,,,,,,,,,,,,,,,,,,,,,,,,,,,,,,,,,,,,,,,,,,,,,,,,,,,,,,,,gfbuq5yOQiFH,,,
2421,Line,,2,,,867,861,None,Equilateral Arrow,,,,,,,,,,,,,,,,,,,,,,,,,,,,,,,,,,,,,,,,,,,,,,,,,,,,,,,,,,,,,,,,,,,,,,,,,,,,,,,,,,,,,,,,,,,,,,,,,,,gfbunHLzW8~p,,,
2422,Line,,2,,,860,867,None,Equilateral Arrow,,,,,,,,,,,,,,,,,,,,,,,,,,,,,,,,,,,,,,,,,,,,,,,,,,,,,,,,,,,,,,,,,,,,,,,,,,,,,,,,,,,,,,,,,,,,,,,,,,,gfbuDo_isJfK,,,
2423,Line,,2,,,861,862,None,None,,,,,,,,,,,,,,,,,,,,,,,,,,,,,,,,,,,,,,,,,,,,,,,,,,,,,,,,,,,,,,,,,,,,,,,,,,,,,,,,,,,,,,,,,,,,,,,,,,,gfbutLIj-HHD,,,
2424,Line,,2,,,861,864,None,Equilateral Arrow,,,,,,,,,,,,,,,,,,,,,,,,,,,,,,,,,,,,,,,,,,,,,,,,,,,,,,,,,,,,,,,,,,,,,,,,,,,,,,,,,,,,,,,,,,,,,,,,,,,gfbutewbxiIa,,,
2425,Line,,2,,,864,865,None,Equilateral Arrow,,,,,,,,,,,,,,,,,,,,,,,,,,,,,,,,,,,,,,,,,,,,,,,,,,,,,,,,,,,,,,,,,,,,,,,,,,,,,,,,,,,,,,,,,,,,,,,,,,,gfbud2y1m5zf,,,
2426,Line,,2,,,934,852,None,Equilateral Arrow,,,,,,,,,,,,,,,,,,,,,,,,,,,,,,,,,,,,,,,,,,,,,,,,,,,,,,,,,,,,,,,,,,,,,,,,,,,,,,,,,,,,,,,,,,,,,,,,,,,SxZukrGF8h7X,,,
2427,Line,,2,,,925,934,None,Equilateral Arrow,,,,,,,,,,,,,,,,,,,,,,,,,,,,,,,,,,,,,,,,,,,,,,,,,,,,,,,,,,,,,,,,,,,,,,,,,,,,,,,,,,,,,,,,,,,,,,,,,,,lJbuYgib_mWR,,,
2428,Line,,2,,,853,879,None,None,,,,,,,,,,,,,,,,,,,,,,,,,,,,,,,,,,,,,,,,,,,,,,,,,,,,,,,,,,,,,,,,,,,,,,,,,,,,,,,,,,,,,,,,,,,,,,,,,,,Gibu_kXLiHeQ,,,
2429,Line,,2,,,879,852,None,None,,PASS,,,,,,,,,,,,,,,,,,,,,,,,,,,,,,,,,,,,,,,,,,,,,,,,,,,,,,,,,,,,,,,,,,,,,,,,,,,,,,,,,,,,,,,,,,,,,,,,,XAbuoYUMXH5.,,,
2430,Line,,2,,,852,854,None,Equilateral Arrow,,,,,,,,,,,,,,,,,,,,,,,,,,,,,,,,,,,,,,,,,,,,,,,,,,,,,,,,,,,,,,,,,,,,,,,,,,,,,,,,,,,,,,,,,,,,,,,,,,,gibu37sL_dQj,,,
2431,Line,,2,,,865,866,None,Equilateral Arrow,,,,,,,,,,,,,,,,,,,,,,,,,,,,,,,,,,,,,,,,,,,,,,,,,,,,,,,,,,,,,,,,,,,,,,,,,,,,,,,,,,,,,,,,,,,,,,,,,,,gfbuSg8eFY6i,,,
2432,Line,,2,,,819,892,None,Equilateral Arrow,,,,,,,,,,,,,,,,,,,,,,,,,,,,,,,,,,,,,,,,,,,,,,,,,,,,,,,,,,,,,,,,,,,,,,,,,,,,,,,,,,,,,,,,,,,,,,,,,,,​-lbuWwsC8Zk4,,,
2433,Line,,2,,,838,925,None,Equilateral Arrow,,Yes in FG STORE,,,,,,,,,,,,,,,,,,,,,,,,,,,,,,,,,,,,,,,,,,,,,,,,,,,,,,,,,,,,,,,,,,,,,,,,,,,,,,,,,,,,,,,,,,,,,,,,,zfbumh6UIvug,,,
2434,Line,,2,,,866,871,None,None,,,,,,,,,,,,,,,,,,,,,,,,,,,,,,,,,,,,,,,,,,,,,,,,,,,,,,,,,,,,,,,,,,,,,,,,,,,,,,,,,,,,,,,,,,,,,,,,,,,gfbueCs-BzB8,,,
2435,Line,,2,,,866,870,None,Equilateral Arrow,,,,,,,,,,,,,,,,,,,,,,,,,,,,,,,,,,,,,,,,,,,,,,,,,,,,,,,,,,,,,,,,,,,,,,,,,,,,,,,,,,,,,,,,,,,,,,,,,,,gfbuxayyY_sY,,,
2436,Line,,2,,,892,824,None,Equilateral Arrow,,,,,,,,,,,,,,,,,,,,,,,,,,,,,,,,,,,,,,,,,,,,,,,,,,,,,,,,,,,,,,,,,,,,,,,,,,,,,,,,,,,,,,,,,,,,,,,,,,,Enbu36pqBJ06,,,
2437,Line,,2,,,870,868,None,Equilateral Arrow,,,,,,,,,,,,,,,,,,,,,,,,,,,,,,,,,,,,,,,,,,,,,,,,,,,,,,,,,,,,,,,,,,,,,,,,,,,,,,,,,,,,,,,,,,,,,,,,,,,gfbuNHwDO2kh,,,
2438,Line,,2,,,872,875,None,None,,,,,,,,,,,,,,,,,,,,,,,,,,,,,,,,,,,,,,,,,,,,,,,,,,,,,,,,,,,,,,,,,,,,,,,,,,,,,,,,,,,,,,,,,,,,,,,,,,,gfbu8lkFls0K,,,
2439,Line,,2,,,873,874,None,Equilateral Arrow,,,,,,,,,,,,,,,,,,,,,,,,,,,,,,,,,,,,,,,,,,,,,,,,,,,,,,,,,,,,,,,,,,,,,,,,,,,,,,,,,,,,,,,,,,,,,,,,,,,gfbu4sQ_.RNU,,,
2440,Line,,2,,,872,873,None,None,,,,,,,,,,,,,,,,,,,,,,,,,,,,,,,,,,,,,,,,,,,,,,,,,,,,,,,,,,,,,,,,,,,,,,,,,,,,,,,,,,,,,,,,,,,,,,,,,,,gfbudQWzjj-X,,,
2441,Line,,2,,,873,876,None,None,,,,,,,,,,,,,,,,,,,,,,,,,,,,,,,,,,,,,,,,,,,,,,,,,,,,,,,,,,,,,,,,,,,,,,,,,,,,,,,,,,,,,,,,,,,,,,,,,,,gfbuT0h_L8LR,,,
2442,Line,,2,,,877,850,None,Equilateral Arrow,,PASS >,,,,,,,,,,,,,,,,,,,,,,,,,,,,,,,,,,,,,,,,,,,,,,,,,,,,,,,,,,,,,,,,,,,,,,,,,,,,,,,,,,,,,,,,,,,,,,,,,vxbu66ZdBwXV,,,
2443,Line,,2,,,851,877,None,Equilateral Arrow,,,,,,,,,,,,,,,,,,,,,,,,,,,,,,,,,,,,,,,,,,,,,,,,,,,,,,,,,,,,,,,,,,,,,,,,,,,,,,,,,,,,,,,,,,,,,,,,,,,1wbuDRK8x-5c,,,
2444,Line,,2,,,877,878,None,None,,,,,,,,,,,,,,,,,,,,,,,,,,,,,,,,,,,,,,,,,,,,,,,,,,,,,,,,,,,,,,,,,,,,,,,,,,,,,,,,,,,,,,,,,,,,,,,,,,,aybuwighOCQX,,,
2445,Line,,2,,,877,881,None,None,,No,,,,,,,,,,,,,,,,,,,,,,,,,,,,,,,,,,,,,,,,,,,,,,,,,,,,,,,,,,,,,,,,,,,,,,,,,,,,,,,,,,,,,,,,,,,,,,,,,nzbujSob-inc,,,
2446,Line,,2,,,879,880,None,None,,FAIL,,,,,,,,,,,,,,,,,,,,,,,,,,,,,,,,,,,,,,,,,,,,,,,,,,,,,,,,,,,,,,,,,,,,,,,,,,,,,,,,,,,,,,,,,,,,,,,,,​-AbuDjE-WlTU,,,
2447,Line,,2,,,879,882,None,None,,,,,,,,,,,,,,,,,,,,,,,,,,,,,,,,,,,,,,,,,,,,,,,,,,,,,,,,,,,,,,,,,,,,,,,,,,,,,,,,,,,,,,,,,,,,,,,,,,,0Dbu4rzg~8rx,,,
2448,Line,,2,,,830,851,None,None,,<<<<<<,<<<<<<,Plant,,,,,,,,,,,,,,,,,,,,,,,,,,,,,,,,,,,,,,,,,,,,,,,,,,,,,,,,,,,,,,,,,,,,,,,,,,,,,,,,,,,,,,,,,,,,,,,JGbufooPxTN8,,,
2449,Line,,2,,,888,883,None,Equilateral Arrow,,,,,,,,,,,,,,,,,,,,,,,,,,,,,,,,,,,,,,,,,,,,,,,,,,,,,,,,,,,,,,,,,,,,,,,,,,,,,,,,,,,,,,,,,,,,,,,,,,,XG9tpTWmZXd-,,,
2450,Line,,2,,,883,889,None,Equilateral Arrow,,,,,,,,,,,,,,,,,,,,,,,,,,,,,,,,,,,,,,,,,,,,,,,,,,,,,,,,,,,,,,,,,,,,,,,,,,,,,,,,,,,,,,,,,,,,,,,,,,,XG9thQ4Q5.ni,,,
2451,Line,,2,,,889,887,None,Equilateral Arrow,,,,,,,,,,,,,,,,,,,,,,,,,,,,,,,,,,,,,,,,,,,,,,,,,,,,,,,,,,,,,,,,,,,,,,,,,,,,,,,,,,,,,,,,,,,,,,,,,,,XG9takXG2E7q,,,
2452,Line,,2,,,1020,925,None,Equilateral Arrow,,,,,,,,,,,,,,,,,,,,,,,,,,,,,,,,,,,,,,,,,,,,,,,,,,,,,,,,,,,,,,,,,,,,,,,,,,,,,,,,,,,,,,,,,,,,,,,,,,,4CjxaxbwkaLB,,,
2453,Line,,2,,,830,1020,None,Equilateral Arrow,,Non Plant,,,,,,,,,,,,,,,,,,,,,,,,,,,,,,,,,,,,,,,,,,,,,,,,,,,,,,,,,,,,,,,,,,,,,,,,,,,,,,,,,,,,,,,,,,,,,,,,,tIbu0xsYm0Yq,,,
2454,Line,,2,,,868,962,None,Equilateral Arrow,,,,,,,,,,,,,,,,,,,,,,,,,,,,,,,,,,,,,,,,,,,,,,,,,,,,,,,,,,,,,,,,,,,,,,,,,,,,,,,,,,,,,,,,,,,,,,,,,,,UEbubEa5JjzK,,,
2455,Line,,2,,,890,872,None,Equilateral Arrow,,,,,,,,,,,,,,,,,,,,,,,,,,,,,,,,,,,,,,,,,,,,,,,,,,,,,,,,,,,,,,,,,,,,,,,,,,,,,,,,,,,,,,,,,,,,,,,,,,,hFbuN-5_k..Z,,,
2456,Line,,2,,,917,932,None,Equilateral Arrow,,,,,,,,,,,,,,,,,,,,,,,,,,,,,,,,,,,,,,,,,,,,,,,,,,,,,,,,,,,,,,,,,,,,,,,,,,,,,,,,,,,,,,,,,,,,,,,,,,,q9vuCk~NZqcl,,,
2457,Line,,2,,,890,893,None,None,,,,,,,,,,,,,,,,,,,,,,,,,,,,,,,,,,,,,,,,,,,,,,,,,,,,,,,,,,,,,,,,,,,,,,,,,,,,,,,,,,,,,,,,,,,,,,,,,,,hGbuNcWQGDGq,,,
2458,Line,,2,,,894,895,None,Equilateral Arrow,,,,,,,,,,,,,,,,,,,,,,,,,,,,,,,,,,,,,,,,,,,,,,,,,,,,,,,,,,,,,,,,,,,,,,,,,,,,,,,,,,,,,,,,,,,,,,,,,,,S9vufjJsW95t,,,
2459,Line,,2,,,897,667,None,Arrow,,Pass,,,,,,,,,,,,,,,,,,,,,,,,,,,,,,,,,,,,,,,,,,,,,,,,,,,,,,,,,,,,,,,,,,,,,,,,,,,,,,,,,,,,,,,,,,,,,,,,,eqpuDML2NP5G,,,
2460,Line,,2,,,897,898,None,Equilateral Arrow,,Rejected,,,,,,,,,,,,,,,,,,,,,,,,,,,,,,,,,,,,,,,,,,,,,,,,,,,,,,,,,,,,,,,,,,,,,,,,,,,,,,,,,,,,,,,,,,,,,,,,,eqpufkLRVlah,,,
2461,Line,,2,,,897,899,None,Equilateral Arrow,,Feedback,,,,,,,,,,,,,,,,,,,,,,,,,,,,,,,,,,,,,,,,,,,,,,,,,,,,,,,,,,,,,,,,,,,,,,,,,,,,,,,,,,,,,,,,,,,,,,,,,eqpu-X01AJBP,,,
2462,Line,,2,,,715,897,None,Equilateral Arrow,,,,,,,,,,,,,,,,,,,,,,,,,,,,,,,,,,,,,,,,,,,,,,,,,,,,,,,,,,,,,,,,,,,,,,,,,,,,,,,,,,,,,,,,,,,,,,,,,,,oqpudFqD_xAc,,,
2463,Line,,2,,,899,667,None,None,,,,,,,,,,,,,,,,,,,,,,,,,,,,,,,,,,,,,,,,,,,,,,,,,,,,,,,,,,,,,,,,,,,,,,,,,,,,,,,,,,,,,,,,,,,,,,,,,,,Fupunn8KYAVf,,,
2464,Line,,2,,,898,667,None,None,,,,,,,,,,,,,,,,,,,,,,,,,,,,,,,,,,,,,,,,,,,,,,,,,,,,,,,,,,,,,,,,,,,,,,,,,,,,,,,,,,,,,,,,,,,,,,,,,,,IupuPy9Suim9,,,
2465,Line,,2,,,656,901,None,Equilateral Arrow,,,,,,,,,,,,,,,,,,,,,,,,,,,,,,,,,,,,,,,,,,,,,,,,,,,,,,,,,,,,,,,,,,,,,,,,,,,,,,,,,,,,,,,,,,,,,,,,,,,xUpuMNtmNNCk,,,
2466,Line,,2,,,901,896,None,Equilateral Arrow,,,,,,,,,,,,,,,,,,,,,,,,,,,,,,,,,,,,,,,,,,,,,,,,,,,,,,,,,,,,,,,,,,,,,,,,,,,,,,,,,,,,,,,,,,,,,,,,,,,zUpuQ7WuloWs,,,
2467,Line,,2,,,903,960,None,None,,,,,,,,,,,,,,,,,,,,,,,,,,,,,,,,,,,,,,,,,,,,,,,,,,,,,,,,,,,,,,,,,,,,,,,,,,,,,,,,,,,,,,,,,,,,,,,,,,,v~puhT4UPoJ1,,,
2468,Line,,2,,,904,1003,None,None,,,,,,,,,,,,,,,,,,,,,,,,,,,,,,,,,,,,,,,,,,,,,,,,,,,,,,,,,,,,,,,,,,,,,,,,,,,,,,,,,,,,,,,,,,,,,,,,,,,G~pugIJepCVJ,,,
2469,Line,,2,,,906,905,None,None,,,,,,,,,,,,,,,,,,,,,,,,,,,,,,,,,,,,,,,,,,,,,,,,,,,,,,,,,,,,,,,,,,,,,,,,,,,,,,,,,,,,,,,,,,,,,,,,,,,RhquJ-jvYOI8,,,
2470,Line,,2,,,960,906,None,None,,,,,,,,,,,,,,,,,,,,,,,,,,,,,,,,,,,,,,,,,,,,,,,,,,,,,,,,,,,,,,,,,,,,,,,,,,,,,,,,,,,,,,,,,,,,,,,,,,,UdquF7QfGjE2,,,
2471,Line,,2,,,905,1000,None,None,,FAIL,,,,,,,,,,,,,,,,,,,,,,,,,,,,,,,,,,,,,,,,,,,,,,,,,,,,,,,,,,,,,,,,,,,,,,,,,,,,,,,,,,,,,,,,,,,,,,,,,9hquwpI.uJWP,,,
2472,Line,,2,,,905,999,None,Equilateral Arrow,,PASS,,,,,,,,,,,,,,,,,,,,,,,,,,,,,,,,,,,,,,,,,,,,,,,,,,,,,,,,,,,,,,,,,,,,,,,,,,,,,,,,,,,,,,,,,,,,,,,,,1iquiit~cgnL,,,
2473,Line,,2,,,999,900,None,Equilateral Arrow,,,,,,,,,,,,,,,,,,,,,,,,,,,,,,,,,,,,,,,,,,,,,,,,,,,,,,,,,,,,,,,,,,,,,,,,,,,,,,,,,,,,,,,,,,,,,,,,,,,GV6wPCiwLGWJ,,,
2474,Line,,2,,,900,954,None,Equilateral Arrow,,,,,,,,,,,,,,,,,,,,,,,,,,,,,,,,,,,,,,,,,,,,,,,,,,,,,,,,,,,,,,,,,,,,,,,,,,,,,,,,,,,,,,,,,,,,,,,,,,,TZ8ucS7r62IP,,,
2475,Line,,2,,,61,674,None,None,,,,,,,,,,,,,,,,,,,,,,,,,,,,,,,,,,,,,,,,,,,,,,,,,,,,,,,,,,,,,,,,,,,,,,,,,,,,,,,,,,,,,,,,,,,,,,,,,,,hjquUKnChMc3,,,
2476,Line,,2,,,347,907,None,None,,,,,,,,,,,,,,,,,,,,,,,,,,,,,,,,,,,,,,,,,,,,,,,,,,,,,,,,,,,,,,,,,,,,,,,,,,,,,,,,,,,,,,,,,,,,,,,,,,,ftquT6m0jxqF,,,
2477,Line,,2,,,908,909,None,Equilateral Arrow,,,,,,,,,,,,,,,,,,,,,,,,,,,,,,,,,,,,,,,,,,,,,,,,,,,,,,,,,,,,,,,,,,,,,,,,,,,,,,,,,,,,,,,,,,,,,,,,,,,SPvuUd5gP6ey,,,
2478,Line,,2,,,909,911,None,Equilateral Arrow,,,,,,,,,,,,,,,,,,,,,,,,,,,,,,,,,,,,,,,,,,,,,,,,,,,,,,,,,,,,,,,,,,,,,,,,,,,,,,,,,,,,,,,,,,,,,,,,,,,iQvuT1HOPh97,,,
2479,Line,,2,,,909,912,None,Equilateral Arrow,,,,,,,,,,,,,,,,,,,,,,,,,,,,,,,,,,,,,,,,,,,,,,,,,,,,,,,,,,,,,,,,,,,,,,,,,,,,,,,,,,,,,,,,,,,,,,,,,,,YYvuyXFLTtr1,,,
2480,Line,,2,,,912,913,None,Equilateral Arrow,,,,,,,,,,,,,,,,,,,,,,,,,,,,,,,,,,,,,,,,,,,,,,,,,,,,,,,,,,,,,,,,,,,,,,,,,,,,,,,,,,,,,,,,,,,,,,,,,,,p0vul7RFjwFt,,,
2481,Line,,2,,,913,914,None,Equilateral Arrow,,,,,,,,,,,,,,,,,,,,,,,,,,,,,,,,,,,,,,,,,,,,,,,,,,,,,,,,,,,,,,,,,,,,,,,,,,,,,,,,,,,,,,,,,,,,,,,,,,,O0vuqI12d1cZ,,,
2482,Line,,2,,,913,915,None,Equilateral Arrow,,,,,,,,,,,,,,,,,,,,,,,,,,,,,,,,,,,,,,,,,,,,,,,,,,,,,,,,,,,,,,,,,,,,,,,,,,,,,,,,,,,,,,,,,,,,,,,,,,,j6vuGlgd6D~E,,,
2483,Line,,2,,,915,916,None,Equilateral Arrow,,,,,,,,,,,,,,,,,,,,,,,,,,,,,,,,,,,,,,,,,,,,,,,,,,,,,,,,,,,,,,,,,,,,,,,,,,,,,,,,,,,,,,,,,,,,,,,,,,,s7vuXP0c6AZS,,,
2484,Line,,2,,,915,917,None,Equilateral Arrow,,,,,,,,,,,,,,,,,,,,,,,,,,,,,,,,,,,,,,,,,,,,,,,,,,,,,,,,,,,,,,,,,,,,,,,,,,,,,,,,,,,,,,,,,,,,,,,,,,,98vu2XGw2LWa,,,
2485,Line,,2,,,933,894,None,Equilateral Arrow,,,,,,,,,,,,,,,,,,,,,,,,,,,,,,,,,,,,,,,,,,,,,,,,,,,,,,,,,,,,,,,,,,,,,,,,,,,,,,,,,,,,,,,,,,,,,,,,,,,NsZuaxDPK2yM,,,
2486,Line,,2,,,895,918,None,Equilateral Arrow,,Yes,,,,,,,,,,,,,,,,,,,,,,,,,,,,,,,,,,,,,,,,,,,,,,,,,,,,,,,,,,,,,,,,,,,,,,,,,,,,,,,,,,,,,,,,,,,,,,,,,q_vu_.8JlyC0,,,
2487,Line,,2,,,932,933,None,Equilateral Arrow,,,,,,,,,,,,,,,,,,,,,,,,,,,,,,,,,,,,,,,,,,,,,,,,,,,,,,,,,,,,,,,,,,,,,,,,,,,,,,,,,,,,,,,,,,,,,,,,,,,zsZujacKt1sU,,,
2488,Line,,2,,,895,919,None,Equilateral Arrow,,No,,,,,,,,,,,,,,,,,,,,,,,,,,,,,,,,,,,,,,,,,,,,,,,,,,,,,,,,,,,,,,,,,,,,,,,,,,,,,,,,,,,,,,,,,,,,,,,,,v_vuTrW6SuKk,,,
2489,Line,,2,,,919,918,None,Equilateral Arrow,,Solved,,,,,,,,,,,,,,,,,,,,,,,,,,,,,,,,,,,,,,,,,,,,,,,,,,,,,,,,,,,,,,,,,,,,,,,,,,,,,,,,,,,,,,,,,,,,,,,,,​-_vu7inUFle0,,,
2490,Line,,2,,,919,920,None,Equilateral Arrow,,Hold,,,,,,,,,,,,,,,,,,,,,,,,,,,,,,,,,,,,,,,,,,,,,,,,,,,,,,,,,,,,,,,,,,,,,,,,,,,,,,,,,,,,,,,,,,,,,,,,,i.vuSWdiNFsm,,,
2491,Line,,2,,,919,921,None,Equilateral Arrow,,To be RTV,,,,,,,,,,,,,,,,,,,,,,,,,,,,,,,,,,,,,,,,,,,,,,,,,,,,,,,,,,,,,,,,,,,,,,,,,,,,,,,,,,,,,,,,,,,,,,,,,Z.vu-J2VOe4e,,,
2492,Line,,2,,,918,931,None,Equilateral Arrow,,Online,,,,,,,,,,,,,,,,,,,,,,,,,,,,,,,,,,,,,,,,,,,,,,,,,,,,,,,,,,,,,,,,,,,,,,,,,,,,,,,,,,,,,,,,,,,,,,,,,7awugwCbKVKo,,,
2493,Line,,2,,,918,923,None,Equilateral Arrow,,Retail,,,,,,,,,,,,,,,,,,,,,,,,,,,,,,,,,,,,,,,,,,,,,,,,,,,,,,,,,,,,,,,,,,,,,,,,,,,,,,,,,,,,,,,,,,,,,,,,,dbwu8kYTzD03,,,
2494,Line,,2,,,924,922,None,Equilateral Arrow,,,,,,,,,,,,,,,,,,,,,,,,,,,,,,,,,,,,,,,,,,,,,,,,,,,,,,,,,,,,,,,,,,,,,,,,,,,,,,,,,,,,,,,,,,,,,,,,,,,​-dwuZd.Sfz3D,,,
2495,Line,,2,,,874,2456,None,Equilateral Arrow,,,,,,,,,,,,,,,,,,,,,,,,,,,,,,,,,,,,,,,,,,,,,,,,,,,,,,,,,,,,,,,,,,,,,,,,,,,,,,,,,,,,,,,,,,,,,,,,,,,CfZuyIi8rggh,,,
2496,Line,,2,,,921,927,None,Equilateral Arrow,,,,,,,,,,,,,,,,,,,,,,,,,,,,,,,,,,,,,,,,,,,,,,,,,,,,,,,,,,,,,,,,,,,,,,,,,,,,,,,,,,,,,,,,,,,,,,,,,,,VgwuuVBeEbuE,,,
2497,Line,,2,,,912,928,None,Equilateral Arrow,,,,,,,,,,,,,,,,,,,,,,,,,,,,,,,,,,,,,,,,,,,,,,,,,,,,,,,,,,,,,,,,,,,,,,,,,,,,,,,,,,,,,,,,,,,,,,,,,,,V6Yuh.cZFSE7,,,
2498,Line,,2,,,917,930,None,Equilateral Arrow,,,,,,,,,,,,,,,,,,,,,,,,,,,,,,,,,,,,,,,,,,,,,,,,,,,,,,,,,,,,,,,,,,,,,,,,,,,,,,,,,,,,,,,,,,,,,,,,,,,CeZu_8a.stOi,,,
2499,Line,,2,,,935,936,None,None,,,,,,,,,,,,,,,,,,,,,,,,,,,,,,,,,,,,,,,,,,,,,,,,,,,,,,,,,,,,,,,,,,,,,,,,,,,,,,,,,,,,,,,,,,,,,,,,,,,PCZuTsLQqnKC,,,
2500,Line,,2,,,935,826,None,None,,Yes,,,,,,,,,,,,,,,,,,,,,,,,,,,,,,,,,,,,,,,,,,,,,,,,,,,,,,,,,,,,,,,,,,,,,,,,,,,,,,,,,,,,,,,,,,,,,,,,,ZCZudzGNtZLI,,,
2501,Line,,2,,,935,941,None,None,,No,,,,,,,,,,,,,,,,,,,,,,,,,,,,,,,,,,,,,,,,,,,,,,,,,,,,,,,,,,,,,,,,,,,,,,,,,,,,,,,,,,,,,,,,,,,,,,,,,7CZuxr3N5URB,,,
2502,Line,,2,,,941,888,None,None,,Not created,(Non recommended process),,,,,,,,,,,,,,,,,,,,,,,,,,,,,,,,,,,,,,,,,,,,,,,,,,,,,,,,,,,,,,,,,,,,,,,,,,,,,,,,,,,,,,,,,,,,,,,,lQ7un1.1KTIG,,,
2503,Line,,2,,,937,938,None,None,,Fail,,,,,,,,,,,,,,,,,,,,,,,,,,,,,,,,,,,,,,,,,,,,,,,,,,,,,,,,,,,,,,,,,,,,,,,,,,,,,,,,,,,,,,,,,,,,,,,,,sO0uMVh_m~yR,,,
2504,Line,,2,,,937,819,None,None,,Pass,,,,,,,,,,,,,,,,,,,,,,,,,,,,,,,,,,,,,,,,,,,,,,,,,,,,,,,,,,,,,,,,,,,,,,,,,,,,,,,,,,,,,,,,,,,,,,,,,AP0u-VEAVVLm,,,
2505,Line,,2,,,1020,939,None,None,,,,,,,,,,,,,,,,,,,,,,,,,,,,,,,,,,,,,,,,,,,,,,,,,,,,,,,,,,,,,,,,,,,,,,,,,,,,,,,,,,,,,,,,,,,,,,,,,,,SM1u5p8ybpTx,,,
2506,Line,,2,,,920,918,None,Equilateral Arrow,,,,,,,,,,,,,,,,,,,,,,,,,,,,,,,,,,,,,,,,,,,,,,,,,,,,,,,,,,,,,,,,,,,,,,,,,,,,,,,,,,,,,,,,,,,,,,,,,,,_~1uSJTf-39h,,,
2507,Line,,2,,,931,924,None,Equilateral Arrow,,,,,,,,,,,,,,,,,,,,,,,,,,,,,,,,,,,,,,,,,,,,,,,,,,,,,,,,,,,,,,,,,,,,,,,,,,,,,,,,,,,,,,,,,,,,,,,,,,,Zt2uQcg0No6S,,,
2508,Line,,2,,,940,922,None,None,,,,,,,,,,,,,,,,,,,,,,,,,,,,,,,,,,,,,,,,,,,,,,,,,,,,,,,,,,,,,,,,,,,,,,,,,,,,,,,,,,,,,,,,,,,,,,,,,,,zu2u8j7d1U9V,,,
2509,Line,,2,,,923,940,None,Equilateral Arrow,,,,,,,,,,,,,,,,,,,,,,,,,,,,,,,,,,,,,,,,,,,,,,,,,,,,,,,,,,,,,,,,,,,,,,,,,,,,,,,,,,,,,,,,,,,,,,,,,,,Du2uGUxRttJG,,,
2510,Line,,2,,,941,2366,None,None,,Created,(Recommended),,,,,,,,,,,,,,,,,,,,,,,,,,,,,,,,,,,,,,,,,,,,,,,,,,,,,,,,,,,,,,,,,,,,,,,,,,,,,,,,,,,,,,,,,,,,,,,,lS7ue~bcai0Q,,,
2511,Line,,2,,,941,942,None,None,,,,,,,,,,,,,,,,,,,,,,,,,,,,,,,,,,,,,,,,,,,,,,,,,,,,,,,,,,,,,,,,,,,,,,,,,,,,,,,,,,,,,,,,,,,,,,,,,,,4S7uOOj8eITP,,,
2512,Line,,2,,,943,944,None,Equilateral Arrow,,,,,,,,,,,,,,,,,,,,,,,,,,,,,,,,,,,,,,,,,,,,,,,,,,,,,,,,,,,,,,,,,,,,,,,,,,,,,,,,,,,,,,,,,,,,,,,,,,,R97usu_vEgXp,,,
2513,Line,,2,,,943,945,None,Equilateral Arrow,,,,,,,,,,,,,,,,,,,,,,,,,,,,,,,,,,,,,,,,,,,,,,,,,,,,,,,,,,,,,,,,,,,,,,,,,,,,,,,,,,,,,,,,,,,,,,,,,,,497ubh0xfaxi,,,
2514,Line,,2,,,943,946,None,Equilateral Arrow,,,,,,,,,,,,,,,,,,,,,,,,,,,,,,,,,,,,,,,,,,,,,,,,,,,,,,,,,,,,,,,,,,,,,,,,,,,,,,,,,,,,,,,,,,,,,,,,,,,897uuB4f-tkC,,,
2515,Line,,2,,,944,947,None,Equilateral Arrow,,,,,,,,,,,,,,,,,,,,,,,,,,,,,,,,,,,,,,,,,,,,,,,,,,,,,,,,,,,,,,,,,,,,,,,,,,,,,,,,,,,,,,,,,,,,,,,,,,,l-7u5gNyimgh,,,
2516,Line,,2,,,943,948,None,Equilateral Arrow,,,,,,,,,,,,,,,,,,,,,,,,,,,,,,,,,,,,,,,,,,,,,,,,,,,,,,,,,,,,,,,,,,,,,,,,,,,,,,,,,,,,,,,,,,,,,,,,,,,fr8uozuiNSUo,,,
2517,Line,,2,,,945,949,None,Equilateral Arrow,,,,,,,,,,,,,,,,,,,,,,,,,,,,,,,,,,,,,,,,,,,,,,,,,,,,,,,,,,,,,,,,,,,,,,,,,,,,,,,,,,,,,,,,,,,,,,,,,,,SP8u0BwZ2dDk,,,
2518,Line,,2,,,946,950,None,Equilateral Arrow,,,,,,,,,,,,,,,,,,,,,,,,,,,,,,,,,,,,,,,,,,,,,,,,,,,,,,,,,,,,,,,,,,,,,,,,,,,,,,,,,,,,,,,,,,,,,,,,,,,0P8uLRk~iep6,,,
2519,Line,,2,,,948,951,None,Equilateral Arrow,,,,,,,,,,,,,,,,,,,,,,,,,,,,,,,,,,,,,,,,,,,,,,,,,,,,,,,,,,,,,,,,,,,,,,,,,,,,,,,,,,,,,,,,,,,,,,,,,,,3P8udfLS13MU,,,
2520,Line,,2,,,943,952,None,Equilateral Arrow,,,,,,,,,,,,,,,,,,,,,,,,,,,,,,,,,,,,,,,,,,,,,,,,,,,,,,,,,,,,,,,,,,,,,,,,,,,,,,,,,,,,,,,,,,,,,,,,,,,WR8uVyagWYuH,,,
2521,Line,,2,,,952,953,None,Equilateral Arrow,,,,,,,,,,,,,,,,,,,,,,,,,,,,,,,,,,,,,,,,,,,,,,,,,,,,,,,,,,,,,,,,,,,,,,,,,,,,,,,,,,,,,,,,,,,,,,,,,,,TS8uJHxh87qH,,,
2522,Line,,2,,,954,955,None,Equilateral Arrow,,,,,,,,,,,,,,,,,,,,,,,,,,,,,,,,,,,,,,,,,,,,,,,,,,,,,,,,,,,,,,,,,,,,,,,,,,,,,,,,,,,,,,,,,,,,,,,,,,,a3cv8y2mOQB7,,,
2523,Line,,2,,,959,672,None,None,,Plant/ Non plant both,Yes,,^,<,<,<,<,,,,,,,,,,,,,,,,,,,,,,,,,,,,,,,,,,,,,,,,,,,,,,,,,,,,,,,,,,,,,,,,,,,,,,,,,,,,,,,,,,,,,,,,,,0vdvmKeLZ3Wh,,,
2524,Line,,2,,,955,956,None,None,,Plant,,,,,,,,,,,,,,,,,,,,,,,,,,,,,,,,,,,,,,,,,,,,,,,,,,,,,,,,,,,,,,,,,,,,,,,,,,,,,,,,,,,,,,,,,,,,,,,,,7adv94gzHlF0,,,
2525,Line,,2,,,955,957,None,None,,Non plant,,,,,,,,,,,,,,,,,,,,,,,,,,,,,,,,,,,,,,,,,,,,,,,,,,,,,,,,,,,,,,,,,,,,,,,,,,,,,,,,,,,,,,,,,,,,,,,,,​-adv8lAr6q6P,,,
2526,Line,,2,,,954,958,None,None,,,,,,,,,,,,,,,,,,,,,,,,,,,,,,,,,,,,,,,,,,,,,,,,,,,,,,,,,,,,,,,,,,,,,,,,,,,,,,,,,,,,,,,,,,,,,,,,,,,3gdvaeTxQdJC,,,
2527,Line,,2,,,955,959,None,Equilateral Arrow,,,,,,,,,,,,,,,,,,,,,,,,,,,,,,,,,,,,,,,,,,,,,,,,,,,,,,,,,,,,,,,,,,,,,,,,,,,,,,,,,,,,,,,,,,,,,,,,,,,QtdvPRjbA3Ch,,,
2528,Line,,2,,,889,,None,None,,Not available,Stock available,Connect with critical,,,,,,,,,,,,,,,,,,,,,,,,,,,,,,,,,,,,,,,,,,,,,,,,,,,,,,,,,,,,,,,,,,,,,,,,,,,,,,,,,,,,,,,,,,,,,,,kLdvRar5o6I7,,,
2529,Line,,2,,,,937,None,Equilateral Arrow,,Available,,,,,,,,,,,,,,,,,,,,,,,,,,,,,,,,,,,,,,,,,,,,,,,,,,,,,,,,,,,,,,,,,,,,,,,,,,,,,,,,,,,,,,,,,,,,,,,,,5TdvmcJJOM9U,,,
2530,Line,,2,,,949,961,None,None,,,,,,,,,,,,,,,,,,,,,,,,,,,,,,,,,,,,,,,,,,,,,,,,,,,,,,,,,,,,,,,,,,,,,,,,,,,,,,,,,,,,,,,,,,,,,,,,,,,IWdvwZ4OMIKE,,,
2531,Line,,2,,,962,963,None,None,,,,,,,,,,,,,,,,,,,,,,,,,,,,,,,,,,,,,,,,,,,,,,,,,,,,,,,,,,,,,,,,,,,,,,,,,,,,,,,,,,,,,,,,,,,,,,,,,,,5Kgvk9ZVmES.,,,
2532,Line,,2,,,962,964,None,Equilateral Arrow,,,,,,,,,,,,,,,,,,,,,,,,,,,,,,,,,,,,,,,,,,,,,,,,,,,,,,,,,,,,,,,,,,,,,,,,,,,,,,,,,,,,,,,,,,,,,,,,,,,K~gvTbXWwdyB,,,
2533,Line,,2,,,962,965,None,Equilateral Arrow,,,,,,,,,,,,,,,,,,,,,,,,,,,,,,,,,,,,,,,,,,,,,,,,,,,,,,,,,,,,,,,,,,,,,,,,,,,,,,,,,,,,,,,,,,,,,,,,,,,9bhvVC4e2n_W,,,
2534,Line,,2,,,965,966,None,None,,,,,,,,,,,,,,,,,,,,,,,,,,,,,,,,,,,,,,,,,,,,,,,,,,,,,,,,,,,,,,,,,,,,,,,,,,,,,,,,,,,,,,,,,,,,,,,,,,,rchvmH9Kt.eA,,,
2535,Line,,2,,,965,967,None,None,,,,,,,,,,,,,,,,,,,,,,,,,,,,,,,,,,,,,,,,,,,,,,,,,,,,,,,,,,,,,,,,,,,,,,,,,,,,,,,,,,,,,,,,,,,,,,,,,,,vchvrZWrB0k5,,,
2536,Line,,2,,,966,968,None,None,,,,,,,,,,,,,,,,,,,,,,,,,,,,,,,,,,,,,,,,,,,,,,,,,,,,,,,,,,,,,,,,,,,,,,,,,,,,,,,,,,,,,,,,,,,,,,,,,,,QchvUxdqIFQY,,,
2537,Line,,2,,,967,969,None,None,,,,,,,,,,,,,,,,,,,,,,,,,,,,,,,,,,,,,,,,,,,,,,,,,,,,,,,,,,,,,,,,,,,,,,,,,,,,,,,,,,,,,,,,,,,,,,,,,,,0chvy~MsH3zf,,,
2538,Line,,2,,,969,970,None,None,,,,,,,,,,,,,,,,,,,,,,,,,,,,,,,,,,,,,,,,,,,,,,,,,,,,,,,,,,,,,,,,,,,,,,,,,,,,,,,,,,,,,,,,,,,,,,,,,,,4ohv~fI0cXQD,,,
2539,Line,,2,,,964,890,None,Equilateral Arrow,,,,,,,,,,,,,,,,,,,,,,,,,,,,,,,,,,,,,,,,,,,,,,,,,,,,,,,,,,,,,,,,,,,,,,,,,,,,,,,,,,,,,,,,,,,,,,,,,,,uphvHjmu9s6j,,,
2540,Line,,2,,,971,972,None,Equilateral Arrow,,,,,,,,,,,,,,,,,,,,,,,,,,,,,,,,,,,,,,,,,,,,,,,,,,,,,,,,,,,,,,,,,,,,,,,,,,,,,,,,,,,,,,,,,,,,,,,,,,,jTmvdCs5AMVJ,,,
2541,Line,,2,,,972,973,None,None,,,,,,,,,,,,,,,,,,,,,,,,,,,,,,,,,,,,,,,,,,,,,,,,,,,,,,,,,,,,,,,,,,,,,,,,,,,,,,,,,,,,,,,,,,,,,,,,,,,cUmv1qnTzWXB,,,
2542,Line,,2,,,972,974,None,Equilateral Arrow,,,,,,,,,,,,,,,,,,,,,,,,,,,,,,,,,,,,,,,,,,,,,,,,,,,,,,,,,,,,,,,,,,,,,,,,,,,,,,,,,,,,,,,,,,,,,,,,,,,XXmvslFFK6Gl,,,
2543,Line,,2,,,974,975,None,None,,,,,,,,,,,,,,,,,,,,,,,,,,,,,,,,,,,,,,,,,,,,,,,,,,,,,,,,,,,,,,,,,,,,,,,,,,,,,,,,,,,,,,,,,,,,,,,,,,,NZmv6pB5e5OT,,,
2544,Line,,2,,,974,976,None,Equilateral Arrow,,,,,,,,,,,,,,,,,,,,,,,,,,,,,,,,,,,,,,,,,,,,,,,,,,,,,,,,,,,,,,,,,,,,,,,,,,,,,,,,,,,,,,,,,,,,,,,,,,,~9mv4wboB2WA,,,
2545,Line,,2,,,976,977,None,None,,,,,,,,,,,,,,,,,,,,,,,,,,,,,,,,,,,,,,,,,,,,,,,,,,,,,,,,,,,,,,,,,,,,,,,,,,,,,,,,,,,,,,,,,,,,,,,,,,,t-mvnGs3Lcnt,,,
2546,Line,,2,,,976,978,None,Equilateral Arrow,,,,,,,,,,,,,,,,,,,,,,,,,,,,,,,,,,,,,,,,,,,,,,,,,,,,,,,,,,,,,,,,,,,,,,,,,,,,,,,,,,,,,,,,,,,,,,,,,,,j_mvs-sagwAk,,,
2547,Line,,2,,,978,979,None,None,,,,,,,,,,,,,,,,,,,,,,,,,,,,,,,,,,,,,,,,,,,,,,,,,,,,,,,,,,,,,,,,,,,,,,,,,,,,,,,,,,,,,,,,,,,,,,,,,,,O~mvIlsnXkSf,,,
2548,Line,,2,,,978,980,None,Equilateral Arrow,,,,,,,,,,,,,,,,,,,,,,,,,,,,,,,,,,,,,,,,,,,,,,,,,,,,,,,,,,,,,,,,,,,,,,,,,,,,,,,,,,,,,,,,,,,,,,,,,,,dcnvsgLJ5fTV,,,
2549,Line,,2,,,983,981,None,Equilateral Arrow,,,,,,,,,,,,,,,,,,,,,,,,,,,,,,,,,,,,,,,,,,,,,,,,,,,,,,,,,,,,,,,,,,,,,,,,,,,,,,,,,,,,,,,,,,,,,,,,,,,GYnvEJpHeswr,,,
2550,Line,,2,,,980,983,None,Equilateral Arrow,,,,,,,,,,,,,,,,,,,,,,,,,,,,,,,,,,,,,,,,,,,,,,,,,,,,,,,,,,,,,,,,,,,,,,,,,,,,,,,,,,,,,,,,,,,,,,,,,,,KdnvJI7B0ULv,,,
2551,Line,,2,,,980,982,None,None,,,,,,,,,,,,,,,,,,,,,,,,,,,,,,,,,,,,,,,,,,,,,,,,,,,,,,,,,,,,,,,,,,,,,,,,,,,,,,,,,,,,,,,,,,,,,,,,,,,ASnvgvY_YxfT,,,
2552,Line,,2,,,983,984,None,None,,,,,,,,,,,,,,,,,,,,,,,,,,,,,,,,,,,,,,,,,,,,,,,,,,,,,,,,,,,,,,,,,,,,,,,,,,,,,,,,,,,,,,,,,,,,,,,,,,,MYnvlbB81uWQ,,,
2553,Line,,2,,,981,985,None,Equilateral Arrow,,,,,,,,,,,,,,,,,,,,,,,,,,,,,,,,,,,,,,,,,,,,,,,,,,,,,,,,,,,,,,,,,,,,,,,,,,,,,,,,,,,,,,,,,,,,,,,,,,,12nvn-b9xDeS,,,
2554,Line,,2,,,985,986,None,None,,,,,,,,,,,,,,,,,,,,,,,,,,,,,,,,,,,,,,,,,,,,,,,,,,,,,,,,,,,,,,,,,,,,,,,,,,,,,,,,,,,,,,,,,,,,,,,,,,,iaovDDAGXO05,,,
2555,Line,,2,,,985,987,None,Equilateral Arrow,,,,,,,,,,,,,,,,,,,,,,,,,,,,,,,,,,,,,,,,,,,,,,,,,,,,,,,,,,,,,,,,,,,,,,,,,,,,,,,,,,,,,,,,,,,,,,,,,,,cfov~AmNNnOt,,,
2556,Line,,2,,,987,988,None,None,,,,,,,,,,,,,,,,,,,,,,,,,,,,,,,,,,,,,,,,,,,,,,,,,,,,,,,,,,,,,,,,,,,,,,,,,,,,,,,,,,,,,,,,,,,,,,,,,,,qfovDN_z0YDt,,,
2557,Line,,2,,,987,989,None,Equilateral Arrow,,,,,,,,,,,,,,,,,,,,,,,,,,,,,,,,,,,,,,,,,,,,,,,,,,,,,,,,,,,,,,,,,,,,,,,,,,,,,,,,,,,,,,,,,,,,,,,,,,,EiovhB1-pkT4,,,
2558,Line,,2,,,989,,None,None,,,,,,,,,,,,,,,,,,,,,,,,,,,,,,,,,,,,,,,,,,,,,,,,,,,,,,,,,,,,,,,,,,,,,,,,,,,,,,,,,,,,,,,,,,,,,,,,,,,RVwvvCS3QEOF,,,
2559,Line,,2,,,981,990,None,None,,,,,,,,,,,,,,,,,,,,,,,,,,,,,,,,,,,,,,,,,,,,,,,,,,,,,,,,,,,,,,,,,,,,,,,,,,,,,,,,,,,,,,,,,,,,,,,,,,,Btxv.76-dTuK,,,
2560,Line,,2,,,1000,1002,None,None,,Non plant,,,,,,,,,,,,,,,,,,,,,,,,,,,,,,,,,,,,,,,,,,,,,,,,,,,,,,,,,,,,,,,,,,,,,,,,,,,,,,,,,,,,,,,,,,,,,,,,,K36wu317pPyF,,,
2561,Line,,2,,,1000,1001,None,None,,Plant,,,,,,,,,,,,,,,,,,,,,,,,,,,,,,,,,,,,,,,,,,,,,,,,,,,,,,,,,,,,,,,,,,,,,,,,,,,,,,,,,,,,,,,,,,,,,,,,,O36w~Y8Zwhpm,,,
2562,Line,,2,,,1002,54,None,None,,,,,,,,,,,,,,,,,,,,,,,,,,,,,,,,,,,,,,,,,,,,,,,,,,,,,,,,,,,,,,,,,,,,,,,,,,,,,,,,,,,,,,,,,,,,,,,,,,,S36wkIrgirUQ,,,
2563,Line,,2,,,1001,54,None,None,,,,,,,,,,,,,,,,,,,,,,,,,,,,,,,,,,,,,,,,,,,,,,,,,,,,,,,,,,,,,,,,,,,,,,,,,,,,,,,,,,,,,,,,,,,,,,,,,,,V36w8Lt_KGgp,,,
2564,Line,,2,,,1003,1004,None,None,,Yes,,,,,,,,,,,,,,,,,,,,,,,,,,,,,,,,,,,,,,,,,,,,,,,,,,,,,,,,,,,,,,,,,,,,,,,,,,,,,,,,,,,,,,,,,,,,,,,,,U86w9fBqLsM0,,,
2565,Line,,2,,,1003,1000,None,None,,No,,,,,,,,,,,,,,,,,,,,,,,,,,,,,,,,,,,,,,,,,,,,,,,,,,,,,,,,,,,,,,,,,,,,,,,,,,,,,,,,,,,,,,,,,,,,,,,,,X86wY8JA_ht7,,,
2566,Line,,2,,,61,,None,Equilateral Arrow,,,,,,,,,,,,,,,,,,,,,,,,,,,,,,,,,,,,,,,,,,,,,,,,,,,,,,,,,,,,,,,,,,,,,,,,,,,,,,,,,,,,,,,,,,,,,,,,,,,H-6wtgLJRnrz,,,
2567,Line,,2,,,51,1012,None,None,,NON BOXED,,,,,,,,,,,,,,,,,,,,,,,,,,,,,,,,,,,,,,,,,,,,,,,,,,,,,,,,,,,,,,,,,,,,,,,,,,,,,,,,,,,,,,,,,,,,,,,,,uu7wvXNG6..-,,,
2568,Line,,2,,,1006,1007,None,None,,,,,,,,,,,,,,,,,,,,,,,,,,,,,,,,,,,,,,,,,,,,,,,,,,,,,,,,,,,,,,,,,,,,,,,,,,,,,,,,,,,,,,,,,,,,,,,,,,,Xw-w.V7aT9z-,,,
2569,Line,,2,,,51,1008,None,None,,BOX,,,,,,,,,,,,,,,,,,,,,,,,,,,,,,,,,,,,,,,,,,,,,,,,,,,,,,,,,,,,,,,,,,,,,,,,,,,,,,,,,,,,,,,,,,,,,,,,,kJ-wsZoEnfn6,,,
2570,Line,,2,,,1008,1009,None,None,,100% PASS,,,,,,,,,,,,,,,,,,,,,,,,,,,,,,,,,,,,,,,,,,,,,,,,,,,,,,,,,,,,,,,,,,,,,,,,,,,,,,,,,,,,,,,,,,,,,,,,,4J-wGysNsmlx,,,
2571,Line,,2,,,1008,1010,None,None,,FAIL RATE < 1%,,,,,,,,,,,,,,,,,,,,,,,,,,,,,,,,,,,,,,,,,,,,,,,,,,,,,,,,,,,,,,,,,,,,,,,,,,,,,,,,,,,,,,,,,,,,,,,,,rK-w_UHZT.3C,,,
2572,Line,,2,,,1008,1011,None,None,,FAIL RATE > 1%,,,,,,,,,,,,,,,,,,,,,,,,,,,,,,,,,,,,,,,,,,,,,,,,,,,,,,,,,,,,,,,,,,,,,,,,,,,,,,,,,,,,,,,,,,,,,,,,,dL-w4PWVwqNT,,,
2573,Line,,2,,,333,1015,None,None,,,,,,,,,,,,,,,,,,,,,,,,,,,,,,,,,,,,,,,,,,,,,,,,,,,,,,,,,,,,,,,,,,,,,,,,,,,,,,,,,,,,,,,,,,,,,,,,,,,VWbxkTSAVsAq,,,
2574,Line,,2,,,848,1016,None,None,,,,,,,,,,,,,,,,,,,,,,,,,,,,,,,,,,,,,,,,,,,,,,,,,,,,,,,,,,,,,,,,,,,,,,,,,,,,,,,,,,,,,,,,,,,,,,,,,,,z6bxYN-2ntZ2,,,
2575,Line,,2,,,818,1017,None,None,,Not available,,,,,,,,,,,,,,,,,,,,,,,,,,,,,,,,,,,,,,,,,,,,,,,,,,,,,,,,,,,,,,,,,,,,,,,,,,,,,,,,,,,,,,,,,,,,,,,,,Yejxak7Sj~mx,,,
2576,Line,,2,,,851,1018,None,None,,,,,,,,,,,,,,,,,,,,,,,,,,,,,,,,,,,,,,,,,,,,,,,,,,,,,,,,,,,,,,,,,,,,,,,,,,,,,,,,,,,,,,,,,,,,,,,,,,,UfjxcNJBl151,,,
2577,Line,,2,,,865,1019,None,None,,,,,,,,,,,,,,,,,,,,,,,,,,,,,,,,,,,,,,,,,,,,,,,,,,,,,,,,,,,,,,,,,,,,,,,,,,,,,,,,,,,,,,,,,,,,,,,,,,,Fmjx8h1TOQKI,,,
2578,Line,,2,,,927,1021,None,None,,,,,,,,,,,,,,,,,,,,,,,,,,,,,,,,,,,,,,,,,,,,,,,,,,,,,,,,,,,,,,,,,,,,,,,,,,,,,,,,,,,,,,,,,,,,,,,,,,,FXjx_2I6LK3v,,,
2579,Line,,2,,,658,1024,None,None,,RTV,,,,,,,,,,,,,,,,,,,,,,,,,,,,,,,,,,,,,,,,,,,,,,,,,,,,,,,,,,,,,,,,,,,,,,,,,,,,,,,,,,,,,,,,,,,,,,,,,bUqxJFWUJRh~,,,
2580,Line,,2,,,1024,1025,None,None,,,,,,,,,,,,,,,,,,,,,,,,,,,,,,,,,,,,,,,,,,,,,,,,,,,,,,,,,,,,,,,,,,,,,,,,,,,,,,,,,,,,,,,,,,,,,,,,,,,KWqxeg-WzA3b,,,
2581,Line,,2,,,1024,1026,None,None,,,,,,,,,,,,,,,,,,,,,,,,,,,,,,,,,,,,,,,,,,,,,,,,,,,,,,,,,,,,,,,,,,,,,,,,,,,,,,,,,,,,,,,,,,,,,,,,,,,leIxmMZ-lF-r,,,
2582,Line,,2,,,1026,1027,None,None,,,,,,,,,,,,,,,,,,,,,,,,,,,,,,,,,,,,,,,,,,,,,,,,,,,,,,,,,,,,,,,,,,,,,,,,,,,,,,,,,,,,,,,,,,,,,,,,,,,5eIxmXHfkyAr,,,
2583,Line,,2,,,1028,1029,None,Equilateral Arrow,,,,,,,,,,,,,,,,,,,,,,,,,,,,,,,,,,,,,,,,,,,,,,,,,,,,,,,,,,,,,,,,,,,,,,,,,,,,,,,,,,,,,,,,,,,,,,,,,,,bgIxcNzmUJTf,,,
2584,Line,,2,,,1028,1031,None,Equilateral Arrow,,,,,,,,,,,,,,,,,,,,,,,,,,,,,,,,,,,,,,,,,,,,,,,,,,,,,,,,,,,,,,,,,,,,,,,,,,,,,,,,,,,,,,,,,,,,,,,,,,,bgIxDxB-43RL,,,
2585,Line,,2,,,1031,1032,None,Equilateral Arrow,,,,,,,,,,,,,,,,,,,,,,,,,,,,,,,,,,,,,,,,,,,,,,,,,,,,,,,,,,,,,,,,,,,,,,,,,,,,,,,,,,,,,,,,,,,,,,,,,,,bgIxf9JRNa5K,,,
2586,Line,,2,,,1031,1030,None,Equilateral Arrow,,,,,,,,,,,,,,,,,,,,,,,,,,,,,,,,,,,,,,,,,,,,,,,,,,,,,,,,,,,,,,,,,,,,,,,,,,,,,,,,,,,,,,,,,,,,,,,,,,,bgIxZW1giz7n,,,
2587,Line,,2,,,1027,1028,None,None,,,,,,,,,,,,,,,,,,,,,,,,,,,,,,,,,,,,,,,,,,,,,,,,,,,,,,,,,,,,,,,,,,,,,,,,,,,,,,,,,,,,,,,,,,,,,,,,,,,ggIxKr-tLeqk,,,
2588,Line,,2,,,1033,1034,None,Equilateral Arrow,,,,,,,,,,,,,,,,,,,,,,,,,,,,,,,,,,,,,,,,,,,,,,,,,,,,,,,,,,,,,,,,,,,,,,,,,,,,,,,,,,,,,,,,,,,,,,,,,,,ThIxQEtWPFVO,,,
2589,Line,,2,,,1030,1033,None,Equilateral Arrow,,,,,,,,,,,,,,,,,,,,,,,,,,,,,,,,,,,,,,,,,,,,,,,,,,,,,,,,,,,,,,,,,,,,,,,,,,,,,,,,,,,,,,,,,,,,,,,,,,,LiIx6yAq_ECI,,,
2590,Line,,2,,,1034,1035,None,Equilateral Arrow,,,,,,,,,,,,,,,,,,,,,,,,,,,,,,,,,,,,,,,,,,,,,,,,,,,,,,,,,,,,,,,,,,,,,,,,,,,,,,,,,,,,,,,,,,,,,,,,,,,ArIxobRxPCnT,,,
2591,Line,,2,,,1035,1036,None,Equilateral Arrow,,,,,,,,,,,,,,,,,,,,,,,,,,,,,,,,,,,,,,,,,,,,,,,,,,,,,,,,,,,,,,,,,,,,,,,,,,,,,,,,,,,,,,,,,,,,,,,,,,,9rIxi-lddGL_,,,
2592,Line,,2,,,1035,1037,None,Equilateral Arrow,,,,,,,,,,,,,,,,,,,,,,,,,,,,,,,,,,,,,,,,,,,,,,,,,,,,,,,,,,,,,,,,,,,,,,,,,,,,,,,,,,,,,,,,,,,,,,,,,,,JEIxump8xtxX,,,
2593,Line,,2,,,1037,1038,None,Equilateral Arrow,,Plants,,,,,,,,,,,,,,,,,,,,,,,,,,,,,,,,,,,,,,,,,,,,,,,,,,,,,,,,,,,,,,,,,,,,,,,,,,,,,,,,,,,,,,,,,,,,,,,,,REIxEO2n8SYi,,,
2594,Line,,2,,,1037,1039,None,Equilateral Arrow,,POTS & Other item such as Pebbles,,,,,,,,,,,,,,,,,,,,,,,,,,,,,,,,,,,,,,,,,,,,,,,,,,,,,,,,,,,,,,,,,,,,,,,,,,,,,,,,,,,,,,,,,,,,,,,,,dFIx.6xRbIel,,,
2595,Line,,2,,,1037,1040,None,Equilateral Arrow,,Packing,,,,,,,,,,,,,,,,,,,,,,,,,,,,,,,,,,,,,,,,,,,,,,,,,,,,,,,,,,,,,,,,,,,,,,,,,,,,,,,,,,,,,,,,,,,,,,,,,8HIxFQgvGfh8,,,
2596,Line,,2,,,1038,1041,None,Equilateral Arrow,,,,,,,,,,,,,,,,,,,,,,,,,,,,,,,,,,,,,,,,,,,,,,,,,,,,,,,,,,,,,,,,,,,,,,,,,,,,,,,,,,,,,,,,,,,,,,,,,,,DRIxujkrq_-V,,,
2597,Line,,2,,,1039,1041,None,Equilateral Arrow,,,,,,,,,,,,,,,,,,,,,,,,,,,,,,,,,,,,,,,,,,,,,,,,,,,,,,,,,,,,,,,,,,,,,,,,,,,,,,,,,,,,,,,,,,,,,,,,,,,ySIx6X4O9Ek1,,,
2598,Line,,2,,,1037,1042,None,Equilateral Arrow,,,,,,,,,,,,,,,,,,,,,,,,,,,,,,,,,,,,,,,,,,,,,,,,,,,,,,,,,,,,,,,,,,,,,,,,,,,,,,,,,,,,,,,,,,,,,,,,,,,vVIx_2NMDvia,,,
2599,Line,,2,,,1040,1041,None,Equilateral Arrow,,,,,,,,,,,,,,,,,,,,,,,,,,,,,,,,,,,,,,,,,,,,,,,,,,,,,,,,,,,,,,,,,,,,,,,,,,,,,,,,,,,,,,,,,,,,,,,,,,,rWIxNpYvw7jt,,,
2600,Line,,2,,,1047,1048,None,Equilateral Arrow,,,,,,,,,,,,,,,,,,,,,,,,,,,,,,,,,,,,,,,,,,,,,,,,,,,,,,,,,,,,,,,,,,,,,,,,,,,,,,,,,,,,,,,,,,,,,,,,,,,FN5zTIl-Pmwl,,,
2601,Line,,2,,,1047,249,None,Equilateral Arrow,,,,,,,,,,,,,,,,,,,,,,,,,,,,,,,,,,,,,,,,,,,,,,,,,,,,,,,,,,,,,,,,,,,,,,,,,,,,,,,,,,,,,,,,,,,,,,,,,,,QX5zplwS2YRq,,,
2602,Line,,2,,,1127,1050,None,Arrow,,,,,,,,,,,,,,,,,,,,,,,,,,,,,,,,,,,,,,,,,,,,,,,,,,,,,,,,,,,,,,,,,,,,,,,,,,,,,,,,,,,,,,,,,,,,,,,,,,,eu6zd0fmoVd5,,,
2603,Line,,2,,,1126,1053,None,Arrow,,,,,,,,,,,,,,,,,,,,,,,,,,,,,,,,,,,,,,,,,,,,,,,,,,,,,,,,,,,,,,,,,,,,,,,,,,,,,,,,,,,,,,,,,,,,,,,,,,,eu6z~62Yn.EO,,,
2604,Line,,2,,,1053,1054,None,Arrow,,,,,,,,,,,,,,,,,,,,,,,,,,,,,,,,,,,,,,,,,,,,,,,,,,,,,,,,,,,,,,,,,,,,,,,,,,,,,,,,,,,,,,,,,,,,,,,,,,,eu6zo1QpOuUi,,,
2605,Line,,2,,,1054,1055,None,Arrow,,,,,,,,,,,,,,,,,,,,,,,,,,,,,,,,,,,,,,,,,,,,,,,,,,,,,,,,,,,,,,,,,,,,,,,,,,,,,,,,,,,,,,,,,,,,,,,,,,,eu6zw-7ngt02,,,
2606,Line,,2,,,1057,1058,None,Equilateral Arrow,,,,,,,,,,,,,,,,,,,,,,,,,,,,,,,,,,,,,,,,,,,,,,,,,,,,,,,,,,,,,,,,,,,,,,,,,,,,,,,,,,,,,,,,,,,,,,,,,,,eu6zzSIl5RUw,,,
2607,Line,,2,,,1058,1059,None,Equilateral Arrow,,New,,,,,,,,,,,,,,,,,,,,,,,,,,,,,,,,,,,,,,,,,,,,,,,,,,,,,,,,,,,,,,,,,,,,,,,,,,,,,,,,,,,,,,,,,,,,,,,,,eu6zfwBaAyEa,,,
2608,Line,,2,,,1061,1060,None,None,,,,,,,,,,,,,,,,,,,,,,,,,,,,,,,,,,,,,,,,,,,,,,,,,,,,,,,,,,,,,,,,,,,,,,,,,,,,,,,,,,,,,,,,,,,,,,,,,,,eu6znk4m6Ujk,,,
2609,Line,,2,,,1059,1061,None,Equilateral Arrow,,,,,,,,,,,,,,,,,,,,,,,,,,,,,,,,,,,,,,,,,,,,,,,,,,,,,,,,,,,,,,,,,,,,,,,,,,,,,,,,,,,,,,,,,,,,,,,,,,,eu6z9BvbCiun,,,
2610,Line,,2,,,1058,1062,None,Equilateral Arrow,,Modification,,,,,,,,,,,,,,,,,,,,,,,,,,,,,,,,,,,,,,,,,,,,,,,,,,,,,,,,,,,,,,,,,,,,,,,,,,,,,,,,,,,,,,,,,,,,,,,,,eu6zpJtdwNNt,,,
2611,Line,,2,,,1061,1063,None,Equilateral Arrow,,,,,,,,,,,,,,,,,,,,,,,,,,,,,,,,,,,,,,,,,,,,,,,,,,,,,,,,,,,,,,,,,,,,,,,,,,,,,,,,,,,,,,,,,,,,,,,,,,,eu6zBsbf-UwF,,,
2612,Line,,2,,,1062,1061,None,Equilateral Arrow,,,,,,,,,,,,,,,,,,,,,,,,,,,,,,,,,,,,,,,,,,,,,,,,,,,,,,,,,,,,,,,,,,,,,,,,,,,,,,,,,,,,,,,,,,,,,,,,,,,eu6z3-P5DOVI,,,
2613,Line,,2,,,1063,1064,None,Equilateral Arrow,,,,,,,,,,,,,,,,,,,,,,,,,,,,,,,,,,,,,,,,,,,,,,,,,,,,,,,,,,,,,,,,,,,,,,,,,,,,,,,,,,,,,,,,,,,,,,,,,,,eu6zc_ySpDYY,,,
2614,Line,,2,,,1064,1065,None,Equilateral Arrow,,Yes,,,,,,,,,,,,,,,,,,,,,,,,,,,,,,,,,,,,,,,,,,,,,,,,,,,,,,,,,,,,,,,,,,,,,,,,,,,,,,,,,,,,,,,,,,,,,,,,,eu6z.Ow7-BZC,,,
2615,Line,,2,,,1064,1066,None,Equilateral Arrow,,No,,,,,,,,,,,,,,,,,,,,,,,,,,,,,,,,,,,,,,,,,,,,,,,,,,,,,,,,,,,,,,,,,,,,,,,,,,,,,,,,,,,,,,,,,,,,,,,,,eu6zUCvSxBqt,,,
2616,Line,,2,,,1065,1067,None,Equilateral Arrow,,,,,,,,,,,,,,,,,,,,,,,,,,,,,,,,,,,,,,,,,,,,,,,,,,,,,,,,,,,,,,,,,,,,,,,,,,,,,,,,,,,,,,,,,,,,,,,,,,,eu6ztM7LdjUo,,,
2617,Line,,2,,,1067,1068,None,Equilateral Arrow,,,,,,,,,,,,,,,,,,,,,,,,,,,,,,,,,,,,,,,,,,,,,,,,,,,,,,,,,,,,,,,,,,,,,,,,,,,,,,,,,,,,,,,,,,,,,,,,,,,eu6zXONyfXxt,,,
2618,Line,,2,,,1068,1069,None,Equilateral Arrow,,,,,,,,,,,,,,,,,,,,,,,,,,,,,,,,,,,,,,,,,,,,,,,,,,,,,,,,,,,,,,,,,,,,,,,,,,,,,,,,,,,,,,,,,,,,,,,,,,,eu6z0_mfAMI2,,,
2619,Line,,2,,,1051,1126,None,Equilateral Arrow,,,,,,,,,,,,,,,,,,,,,,,,,,,,,,,,,,,,,,,,,,,,,,,,,,,,,,,,,,,,,,,,,,,,,,,,,,,,,,,,,,,,,,,,,,,,,,,,,,,eu6zrmvBr_5K,,,
2620,Line,,2,,,1074,1130,None,Equilateral Arrow,,,,,,,,,,,,,,,,,,,,,,,,,,,,,,,,,,,,,,,,,,,,,,,,,,,,,,,,,,,,,,,,,,,,,,,,,,,,,,,,,,,,,,,,,,,,,,,,,,,eu6zGL0_94Rn,,,
2621,Line,,2,,,1077,1078,None,Equilateral Arrow,,New,,,,,,,,,,,,,,,,,,,,,,,,,,,,,,,,,,,,,,,,,,,,,,,,,,,,,,,,,,,,,,,,,,,,,,,,,,,,,,,,,,,,,,,,,,,,,,,,,us_zpPC8XK_m,,,
2622,Line,,2,,,1078,1079,None,Equilateral Arrow,,,,,,,,,,,,,,,,,,,,,,,,,,,,,,,,,,,,,,,,,,,,,,,,,,,,,,,,,,,,,,,,,,,,,,,,,,,,,,,,,,,,,,,,,,,,,,,,,,,63jAd~tYiipA,,,
2623,Line,,2,,,1079,1080,None,Equilateral Arrow,,,,,,,,,,,,,,,,,,,,,,,,,,,,,,,,,,,,,,,,,,,,,,,,,,,,,,,,,,,,,,,,,,,,,,,,,,,,,,,,,,,,,,,,,,,,,,,,,,,H5jAWTa2VIji,,,
2624,Line,,2,,,318,1081,None,Equilateral Arrow,,,,,,,,,,,,,,,,,,,,,,,,,,,,,,,,,,,,,,,,,,,,,,,,,,,,,,,,,,,,,,,,,,,,,,,,,,,,,,,,,,,,,,,,,,,,,,,,,,,pckAa~QUIv1I,,,
2625,Line,,2,,,793,792,None,Equilateral Arrow,,,,,,,,,,,,,,,,,,,,,,,,,,,,,,,,,,,,,,,,,,,,,,,,,,,,,,,,,,,,,,,,,,,,,,,,,,,,,,,,,,,,,,,,,,,,,,,,,,,GslAAq9HsArg,,,
2626,Line,,2,,,1082,1087,None,Equilateral Arrow,,,,,,,,,,,,,,,,,,,,,,,,,,,,,,,,,,,,,,,,,,,,,,,,,,,,,,,,,,,,,,,,,,,,,,,,,,,,,,,,,,,,,,,,,,,,,,,,,,,vDlA5CuUjgzR,,,
2627,Line,,2,,,1087,1088,None,Equilateral Arrow,,,,,,,,,,,,,,,,,,,,,,,,,,,,,,,,,,,,,,,,,,,,,,,,,,,,,,,,,,,,,,,,,,,,,,,,,,,,,,,,,,,,,,,,,,,,,,,,,,,GDlAH1keJGRR,,,
2628,Line,,2,,,1113,1112,None,Equilateral Arrow,,"No, other than MRP",,,,,,,,,,,,,,,,,,,,,,,,,,,,,,,,,,,,,,,,,,,,,,,,,,,,,,,,,,,,,,,,,,,,,,,,,,,,,,,,,,,,,,,,,,,,,,,,,ZAqAM-2.p5hG,,,
2629,Line,,2,,,1077,1113,None,Equilateral Arrow,,Modification,,,,,,,,,,,,,,,,,,,,,,,,,,,,,,,,,,,,,,,,,,,,,,,,,,,,,,,,,,,,,,,,,,,,,,,,,,,,,,,,,,,,,,,,,,,,,,,,,l3lAs6wxuK22,,,
2630,Line,,2,,,1112,1104,None,Equilateral Arrow,,,,,,,,,,,,,,,,,,,,,,,,,,,,,,,,,,,,,,,,,,,,,,,,,,,,,,,,,,,,,,,,,,,,,,,,,,,,,,,,,,,,,,,,,,,,,,,,,,,THoAFhln~Snu,,,
2631,Line,,2,,,1079,1082,None,Equilateral Arrow,,,,,,,,,,,,,,,,,,,,,,,,,,,,,,,,,,,,,,,,,,,,,,,,,,,,,,,,,,,,,,,,,,,,,,,,,,,,,,,,,,,,,,,,,,,,,,,,,,,Z9lAyboQHiL_,,,
2632,Line,,2,,,1084,1091,None,Equilateral Arrow,,,,,,,,,,,,,,,,,,,,,,,,,,,,,,,,,,,,,,,,,,,,,,,,,,,,,,,,,,,,,,,,,,,,,,,,,,,,,,,,,,,,,,,,,,,,,,,,,,,MGmAfLYQmMWu,,,
2633,Line,,2,,,1091,1092,None,Equilateral Arrow,,,,,,,,,,,,,,,,,,,,,,,,,,,,,,,,,,,,,,,,,,,,,,,,,,,,,,,,,,,,,,,,,,,,,,,,,,,,,,,,,,,,,,,,,,,,,,,,,,,6GmAm1SDd~a5,,,
2634,Line,,2,,,1093,1094,None,Equilateral Arrow,,,,,,,,,,,,,,,,,,,,,,,,,,,,,,,,,,,,,,,,,,,,,,,,,,,,,,,,,,,,,,,,,,,,,,,,,,,,,,,,,,,,,,,,,,,,,,,,,,,​-HmA94UnnYMU,,,
2635,Line,,2,,,1095,1084,None,Equilateral Arrow,,No,,,,,,,,,,,,,,,,,,,,,,,,,,,,,,,,,,,,,,,,,,,,,,,,,,,,,,,,,,,,,,,,,,,,,,,,,,,,,,,,,,,,,,,,,,,,,,,,,nJmATTjjGK25,,,
2636,Line,,2,,,1097,1098,None,Equilateral Arrow,,,,,,,,,,,,,,,,,,,,,,,,,,,,,,,,,,,,,,,,,,,,,,,,,,,,,,,,,,,,,,,,,,,,,,,,,,,,,,,,,,,,,,,,,,,,,,,,,,,_QnATim.r_E5,,,
2637,Line,,2,,,1098,1100,None,Equilateral Arrow,,NO ,,,,,,,,,,,,,,,,,,,,,,,,,,,,,,,,,,,,,,,,,,,,,,,,,,,,,,,,,,,,,,,,,,,,,,,,,,,,,,,,,,,,,,,,,,,,,,,,,u1nAlKTPPGmc,,,
2638,Line,,2,,,1099,1101,None,Equilateral Arrow,,,,,,,,,,,,,,,,,,,,,,,,,,,,,,,,,,,,,,,,,,,,,,,,,,,,,,,,,,,,,,,,,,,,,,,,,,,,,,,,,,,,,,,,,,,,,,,,,,,P_nAPQ1Aiz_e,,,
2639,Line,,2,,,1101,1102,None,Equilateral Arrow,,YES,,,,,,,,,,,,,,,,,,,,,,,,,,,,,,,,,,,,,,,,,,,,,,,,,,,,,,,,,,,,,,,,,,,,,,,,,,,,,,,,,,,,,,,,,,,,,,,,,T.nA0x50k3dW,,,
2640,Line,,2,,,1104,1103,None,Equilateral Arrow,,,,,,,,,,,,,,,,,,,,,,,,,,,,,,,,,,,,,,,,,,,,,,,,,,,,,,,,,,,,,,,,,,,,,,,,,,,,,,,,,,,,,,,,,,,,,,,,,,,XPoASPyRssOf,,,
2641,Line,,2,,,1103,1105,None,Equilateral Arrow,,,,,,,,,,,,,,,,,,,,,,,,,,,,,,,,,,,,,,,,,,,,,,,,,,,,,,,,,,,,,,,,,,,,,,,,,,,,,,,,,,,,,,,,,,,,,,,,,,,UQoApF5T160i,,,
2642,Line,,2,,,1105,1088,None,Equilateral Arrow,,If  changes required,,,,,,,,,,,,,,,,,,,,,,,,,,,,,,,,,,,,,,,,,,,,,,,,,,,,,,,,,,,,,,,,,,,,,,,,,,,,,,,,,,,,,,,,,,,,,,,,,ORoAzuchIUvp,,,
2643,Line,,2,,,1088,1106,None,Equilateral Arrow,,,,,,,,,,,,,,,,,,,,,,,,,,,,,,,,,,,,,,,,,,,,,,,,,,,,,,,,,,,,,,,,,,,,,,,,,,,,,,,,,,,,,,,,,,,,,,,,,,,wVoAMjKiOMtU,,,
2644,Line,,2,,,1107,1108,None,Equilateral Arrow,,,,,,,,,,,,,,,,,,,,,,,,,,,,,,,,,,,,,,,,,,,,,,,,,,,,,,,,,,,,,,,,,,,,,,,,,,,,,,,,,,,,,,,,,,,,,,,,,,,2XoAmikaFGXz,,,
2645,Line,,2,,,1108,1089,None,Equilateral Arrow,,,,,,,,,,,,,,,,,,,,,,,,,,,,,,,,,,,,,,,,,,,,,,,,,,,,,,,,,,,,,,,,,,,,,,,,,,,,,,,,,,,,,,,,,,,,,,,,,,,2YoAYZ4_l~6j,,,
2646,Line,,2,,,1106,1109,None,Equilateral Arrow,,,,,,,,,,,,,,,,,,,,,,,,,,,,,,,,,,,,,,,,,,,,,,,,,,,,,,,,,,,,,,,,,,,,,,,,,,,,,,,,,,,,,,,,,,,,,,,,,,,D1oAu_h2XnWz,,,
2647,Line,,2,,,1109,1107,None,Equilateral Arrow,,,,,,,,,,,,,,,,,,,,,,,,,,,,,,,,,,,,,,,,,,,,,,,,,,,,,,,,,,,,,,,,,,,,,,,,,,,,,,,,,,,,,,,,,,,,,,,,,,,r2oAuIK5W_O_,,,
2648,Line,,2,,,1113,1110,None,Equilateral Arrow,,Yes,,,,,,,,,,,,,,,,,,,,,,,,,,,,,,,,,,,,,,,,,,,,,,,,,,,,,,,,,,,,,,,,,,,,,,,,,,,,,,,,,,,,,,,,,,,,,,,,,vBqAf7wxcjFs,,,
2649,Line,,2,,,1105,1111,None,Equilateral Arrow,,,,,,,,,,,,,,,,,,,,,,,,,,,,,,,,,,,,,,,,,,,,,,,,,,,,,,,,,,,,,,,,,,,,,,,,,,,,,,,,,,,,,,,,,,,,,,,,,,,QHqAld0_tkFP,,,
2650,Line,,2,,,1110,1089,None,Equilateral Arrow,,,,,,,,,,,,,,,,,,,,,,,,,,,,,,,,,,,,,,,,,,,,,,,,,,,,,,,,,,,,,,,,,,,,,,,,,,,,,,,,,,,,,,,,,,,,,,,,,,,wMqAQ9ots42H,,,
2651,Line,,2,,,1089,1117,None,Equilateral Arrow,,,,,,,,,,,,,,,,,,,,,,,,,,,,,,,,,,,,,,,,,,,,,,,,,,,,,,,,,,,,,,,,,,,,,,,,,,,,,,,,,,,,,,,,,,,,,,,,,,,uxFAO0ysyiO8,,,
2652,Line,,2,,,1117,1118,None,Equilateral Arrow,,,,,,,,,,,,,,,,,,,,,,,,,,,,,,,,,,,,,,,,,,,,,,,,,,,,,,,,,,,,,,,,,,,,,,,,,,,,,,,,,,,,,,,,,,,,,,,,,,,VxFARkXnPfVN,,,
2653,Line,,2,,,1118,1119,None,Equilateral Arrow,,,,,,,,,,,,,,,,,,,,,,,,,,,,,,,,,,,,,,,,,,,,,,,,,,,,,,,,,,,,,,,,,,,,,,,,,,,,,,,,,,,,,,,,,,,,,,,,,,,~xFA.pD-o.x-,,,
2654,Line,,2,,,1118,1120,None,Equilateral Arrow,,,,,,,,,,,,,,,,,,,,,,,,,,,,,,,,,,,,,,,,,,,,,,,,,,,,,,,,,,,,,,,,,,,,,,,,,,,,,,,,,,,,,,,,,,,,,,,,,,,gPFAig-djNiZ,,,
2655,Line,,2,,,1120,1121,None,Equilateral Arrow,,,,,,,,,,,,,,,,,,,,,,,,,,,,,,,,,,,,,,,,,,,,,,,,,,,,,,,,,,,,,,,,,,,,,,,,,,,,,,,,,,,,,,,,,,,,,,,,,,,pPFA01szM2Dn,,,
2656,Line,,2,,,1052,1124,None,Equilateral Arrow,,,,,,,,,,,,,,,,,,,,,,,,,,,,,,,,,,,,,,,,,,,,,,,,,,,,,,,,,,,,,,,,,,,,,,,,,,,,,,,,,,,,,,,,,,,,,,,,,,,~YhB85kL0PKt,,,
2657,Line,,2,,,1124,1125,None,Equilateral Arrow,,,,,,,,,,,,,,,,,,,,,,,,,,,,,,,,,,,,,,,,,,,,,,,,,,,,,,,,,,,,,,,,,,,,,,,,,,,,,,,,,,,,,,,,,,,,,,,,,,,GZhBP2fdLxH3,,,
2658,Line,,2,,,1092,1093,None,Equilateral Arrow,,,,,,,,,,,,,,,,,,,,,,,,,,,,,,,,,,,,,,,,,,,,,,,,,,,,,,,,,,,,,,,,,,,,,,,,,,,,,,,,,,,,,,,,,,,,,,,,,,,C9iBEkDwcSZP,,,
2659,Line,,2,,,1094,1095,None,Equilateral Arrow,,,,,,,,,,,,,,,,,,,,,,,,,,,,,,,,,,,,,,,,,,,,,,,,,,,,,,,,,,,,,,,,,,,,,,,,,,,,,,,,,,,,,,,,,,,,,,,,,,,s-iBO-J.hHw.,,,
2660,Line,,2,,,1125,1076,None,Equilateral Arrow,,,,,,,,,,,,,,,,,,,,,,,,,,,,,,,,,,,,,,,,,,,,,,,,,,,,,,,,,,,,,,,,,,,,,,,,,,,,,,,,,,,,,,,,,,,,,,,,,,,pajBpvSh_w0x,,,
2661,Line,,2,,,1095,1096,None,Equilateral Arrow,,YES,,,,,,,,,,,,,,,,,,,,,,,,,,,,,,,,,,,,,,,,,,,,,,,,,,,,,,,,,,,,,,,,,,,,,,,,,,,,,,,,,,,,,,,,,,,,,,,,,k6yB7RYx2iNG,,,
2662,Line,,2,,,1096,1090,None,Equilateral Arrow,,,,,,,,,,,,,,,,,,,,,,,,,,,,,,,,,,,,,,,,,,,,,,,,,,,,,,,,,,,,,,,,,,,,,,,,,,,,,,,,,,,,,,,,,,,,,,,,,,,E6yBPwMmBh.x,,,
2663,Line,,2,,,1090,1085,None,Equilateral Arrow,,,,,,,,,,,,,,,,,,,,,,,,,,,,,,,,,,,,,,,,,,,,,,,,,,,,,,,,,,,,,,,,,,,,,,,,,,,,,,,,,,,,,,,,,,,,,,,,,,,r7yB4saZlq44,,,
2664,Line,,2,,,1085,1097,None,Equilateral Arrow,,,,,,,,,,,,,,,,,,,,,,,,,,,,,,,,,,,,,,,,,,,,,,,,,,,,,,,,,,,,,,,,,,,,,,,,,,,,,,,,,,,,,,,,,,,,,,,,,,,f8yBre-XZkXn,,,
2665,Line,,2,,,1098,1083,None,Equilateral Arrow,,,,,,,,,,,,,,,,,,,,,,,,,,,,,,,,,,,,,,,,,,,,,,,,,,,,,,,,,,,,,,,,,,,,,,,,,,,,,,,,,,,,,,,,,,,,,,,,,,,w9yBCITsy7gs,,,
2666,Line,,2,,,1083,1099,None,Equilateral Arrow,,,,,,,,,,,,,,,,,,,,,,,,,,,,,,,,,,,,,,,,,,,,,,,,,,,,,,,,,,,,,,,,,,,,,,,,,,,,,,,,,,,,,,,,,,,,,,,,,,,e-yBSFwpnfs9,,,
2667,Line,,2,,,1100,1090,None,Equilateral Arrow,,,,,,,,,,,,,,,,,,,,,,,,,,,,,,,,,,,,,,,,,,,,,,,,,,,,,,,,,,,,,,,,,,,,,,,,,,,,,,,,,,,,,,,,,,,,,,,,,,,__yBwvVJ82.C,,,
2668,Line,,2,,,1128,1127,None,Equilateral Arrow,,,,,,,,,,,,,,,,,,,,,,,,,,,,,,,,,,,,,,,,,,,,,,,,,,,,,,,,,,,,,,,,,,,,,,,,,,,,,,,,,,,,,,,,,,,,,,,,,,,B0BB8Q6y539_,,,
2669,Line,,2,,,1124,1129,None,Equilateral Arrow,,,,,,,,,,,,,,,,,,,,,,,,,,,,,,,,,,,,,,,,,,,,,,,,,,,,,,,,,,,,,,,,,,,,,,,,,,,,,,,,,,,,,,,,,,,,,,,,,,,3H-BztlutzEF,,,
2670,Line,,2,,,1052,1075,None,Equilateral Arrow,,,,,,,,,,,,,,,,,,,,,,,,,,,,,,,,,,,,,,,,,,,,,,,,,,,,,,,,,,,,,,,,,,,,,,,,,,,,,,,,,,,,,,,,,,,,,,,,,,,2OrCPWPMnTgX,,,
2671,Line,,2,,,316,1049,None,Equilateral Arrow,,,,,,,,,,,,,,,,,,,,,,,,,,,,,,,,,,,,,,,,,,,,,,,,,,,,,,,,,,,,,,,,,,,,,,,,,,,,,,,,,,,,,,,,,,,,,,,,,,,3nkD2LIXudRY,,,
2672,Line,,2,,,1136,1137,None,Equilateral Arrow,,,,,,,,,,,,,,,,,,,,,,,,,,,,,,,,,,,,,,,,,,,,,,,,,,,,,,,,,,,,,,,,,,,,,,,,,,,,,,,,,,,,,,,,,,,,,,,,,,,VHGDJO2W1EMv,,,
2673,Line,,2,,,1131,1132,None,Equilateral Arrow,,,,,,,,,,,,,,,,,,,,,,,,,,,,,,,,,,,,,,,,,,,,,,,,,,,,,,,,,,,,,,,,,,,,,,,,,,,,,,,,,,,,,,,,,,,,,,,,,,,ptID3T79_04y,,,
2674,Line,,2,,,1132,1133,None,Equilateral Arrow,,,,,,,,,,,,,,,,,,,,,,,,,,,,,,,,,,,,,,,,,,,,,,,,,,,,,,,,,,,,,,,,,,,,,,,,,,,,,,,,,,,,,,,,,,,,,,,,,,,6xIDHjsSvs98,,,
2675,Line,,2,,,1132,1142,None,Equilateral Arrow,,,,,,,,,,,,,,,,,,,,,,,,,,,,,,,,,,,,,,,,,,,,,,,,,,,,,,,,,,,,,,,,,,,,,,,,,,,,,,,,,,,,,,,,,,,,,,,,,,,DDID39WDq0Fd,,,
2676,Line,,2,,,1143,1144,None,Equilateral Arrow,,,,,,,,,,,,,,,,,,,,,,,,,,,,,,,,,,,,,,,,,,,,,,,,,,,,,,,,,,,,,,,,,,,,,,,,,,,,,,,,,,,,,,,,,,,,,,,,,,,kVIDs-DuqeUD,,,
2677,Line,,2,,,1144,1145,None,Equilateral Arrow,,,,,,,,,,,,,,,,,,,,,,,,,,,,,,,,,,,,,,,,,,,,,,,,,,,,,,,,,,,,,,,,,,,,,,,,,,,,,,,,,,,,,,,,,,,,,,,,,,,TVIDVx6SFxLx,,,
2678,Line,,2,,,1145,1146,None,Equilateral Arrow,,,,,,,,,,,,,,,,,,,,,,,,,,,,,,,,,,,,,,,,,,,,,,,,,,,,,,,,,,,,,,,,,,,,,,,,,,,,,,,,,,,,,,,,,,,,,,,,,,,BWIDQ5~3245l,,,
2679,Line,,2,,,1146,1147,None,Equilateral Arrow,,,,,,,,,,,,,,,,,,,,,,,,,,,,,,,,,,,,,,,,,,,,,,,,,,,,,,,,,,,,,,,,,,,,,,,,,,,,,,,,,,,,,,,,,,,,,,,,,,,6YID9VNYkxve,,,
2680,Line,,2,,,1147,1148,None,Equilateral Arrow,,,,,,,,,,,,,,,,,,,,,,,,,,,,,,,,,,,,,,,,,,,,,,,,,,,,,,,,,,,,,,,,,,,,,,,,,,,,,,,,,,,,,,,,,,,,,,,,,,,zZIDz67ro4k9,,,
2681,Line,,2,,,1147,1149,None,Equilateral Arrow,,,,,,,,,,,,,,,,,,,,,,,,,,,,,,,,,,,,,,,,,,,,,,,,,,,,,,,,,,,,,,,,,,,,,,,,,,,,,,,,,,,,,,,,,,,,,,,,,,,Z0IDSZxHyi4n,,,
2682,Line,,2,,,1133,1134,None,Equilateral Arrow,,,,,,,,,,,,,,,,,,,,,,,,,,,,,,,,,,,,,,,,,,,,,,,,,,,,,,,,,,,,,,,,,,,,,,,,,,,,,,,,,,,,,,,,,,,,,,,,,,,81IDYG4vsMmR,,,
2683,Line,,2,,,1134,1135,None,Equilateral Arrow,,,,,,,,,,,,,,,,,,,,,,,,,,,,,,,,,,,,,,,,,,,,,,,,,,,,,,,,,,,,,,,,,,,,,,,,,,,,,,,,,,,,,,,,,,,,,,,,,,,v2IDmy1F4Ixk,,,
2684,Line,,2,,,1135,1138,None,Equilateral Arrow,,,,,,,,,,,,,,,,,,,,,,,,,,,,,,,,,,,,,,,,,,,,,,,,,,,,,,,,,,,,,,,,,,,,,,,,,,,,,,,,,,,,,,,,,,,,,,,,,,,P2IDp.4O9kiN,,,
2685,Line,,2,,,1138,1143,None,Equilateral Arrow,,,,,,,,,,,,,,,,,,,,,,,,,,,,,,,,,,,,,,,,,,,,,,,,,,,,,,,,,,,,,,,,,,,,,,,,,,,,,,,,,,,,,,,,,,,,,,,,,,,j3IDTASFdNJW,,,
2686,Line,,2,,,1137,1150,None,Equilateral Arrow,,,,,,,,,,,,,,,,,,,,,,,,,,,,,,,,,,,,,,,,,,,,,,,,,,,,,,,,,,,,,,,,,,,,,,,,,,,,,,,,,,,,,,,,,,,,,,,,,,,G3IDiM2ChxyD,,,
2687,Line,,2,,,1150,1151,None,Equilateral Arrow,,,,,,,,,,,,,,,,,,,,,,,,,,,,,,,,,,,,,,,,,,,,,,,,,,,,,,,,,,,,,,,,,,,,,,,,,,,,,,,,,,,,,,,,,,,,,,,,,,,y4IDPYhE~d9p,,,
2688,Line,,2,,,1151,1152,None,Equilateral Arrow,,,,,,,,,,,,,,,,,,,,,,,,,,,,,,,,,,,,,,,,,,,,,,,,,,,,,,,,,,,,,,,,,,,,,,,,,,,,,,,,,,,,,,,,,,,,,,,,,,,84IDDC79VYn1,,,
2689,Line,,2,,,1151,1153,None,Equilateral Arrow,,,,,,,,,,,,,,,,,,,,,,,,,,,,,,,,,,,,,,,,,,,,,,,,,,,,,,,,,,,,,,,,,,,,,,,,,,,,,,,,,,,,,,,,,,,,,,,,,,,j6IDX3Rj8B1w,,,
2690,Line,,2,,,312,3,None,Equilateral Arrow,,,,,,,,,,,,,,,,,,,,,,,,,,,,,,,,,,,,,,,,,,,,,,,,,,,,,,,,,,,,,,,,,,,,,,,,,,,,,,,,,,,,,,,,,,,,,,,,,,,NbYDzWrjs-nl,,,
2691,Line,,2,,,311,27,None,Equilateral Arrow,,,,,,,,,,,,,,,,,,,,,,,,,,,,,,,,,,,,,,,,,,,,,,,,,,,,,,,,,,,,,,,,,,,,,,,,,,,,,,,,,,,,,,,,,,,,,,,,,,,jnYDNtdWqJeW,,,
2692,Line,,2,,,1074,1052,None,Equilateral Arrow,,,,,,,,,,,,,,,,,,,,,,,,,,,,,,,,,,,,,,,,,,,,,,,,,,,,,,,,,,,,,,,,,,,,,,,,,,,,,,,,,,,,,,,,,,,,,,,,,,,J_0DkWVD_HVC,,,
2693,Line,,2,,,1055,1056,None,Equilateral Arrow,,,,,,,,,,,,,,,,,,,,,,,,,,,,,,,,,,,,,,,,,,,,,,,,,,,,,,,,,,,,,,,,,,,,,,,,,,,,,,,,,,,,,,,,,,,,,,,,,,,yz2DzzOeS85A,,,
2694,Line,,2,,,1050,1159,None,Equilateral Arrow,,,,,,,,,,,,,,,,,,,,,,,,,,,,,,,,,,,,,,,,,,,,,,,,,,,,,,,,,,,,,,,,,,,,,,,,,,,,,,,,,,,,,,,,,,,,,,,,,,,8ueEXcnWxIbT,,,
2695,Line,,2,,,1056,1160,None,Equilateral Arrow,,IF everything Okay,,,,,,,,,,,,,,,,,,,,,,,,,,,,,,,,,,,,,,,,,,,,,,,,,,,,,,,,,,,,,,,,,,,,,,,,,,,,,,,,,,,,,,,,,,,,,,,,,sLeEmOD1sZLn,,,
2696,Line,,2,,,1160,1161,None,Equilateral Arrow,,Yes,,,,,,,,,,,,,,,,,,,,,,,,,,,,,,,,,,,,,,,,,,,,,,,,,,,,,,,,,,,,,,,,,,,,,,,,,,,,,,,,,,,,,,,,,,,,,,,,,oYeEmQ64Q2gZ,,,
2697,Line,,2,,,1056,1164,None,Equilateral Arrow,,IF Not Okay,,,,,,,,,,,,,,,,,,,,,,,,,,,,,,,,,,,,,,,,,,,,,,,,,,,,,,,,,,,,,,,,,,,,,,,,,,,,,,,,,,,,,,,,,,,,,,,,,P3eELQ8I3YKr,,,
2698,Line,,2,,,1164,1160,None,Equilateral Arrow,,Yes,,,,,,,,,,,,,,,,,,,,,,,,,,,,,,,,,,,,,,,,,,,,,,,,,,,,,,,,,,,,,,,,,,,,,,,,,,,,,,,,,,,,,,,,,,,,,,,,,u5eERdiOR.cV,,,
2699,Line,,2,,,1164,1163,None,Equilateral Arrow,,NO,,,,,,,,,,,,,,,,,,,,,,,,,,,,,,,,,,,,,,,,,,,,,,,,,,,,,,,,,,,,,,,,,,,,,,,,,,,,,,,,,,,,,,,,,,,,,,,,,q7eET7r.CJBp,,,
2700,Line,,2,,,1125,1051,None,Equilateral Arrow,,,,,,,,,,,,,,,,,,,,,,,,,,,,,,,,,,,,,,,,,,,,,,,,,,,,,,,,,,,,,,,,,,,,,,,,,,,,,,,,,,,,,,,,,,,,,,,,,,,7DfEUQGRxAF9,,,
2701,Line,,2,,,1051,1128,None,Equilateral Arrow,,,,,,,,,,,,,,,,,,,,,,,,,,,,,,,,,,,,,,,,,,,,,,,,,,,,,,,,,,,,,,,,,,,,,,,,,,,,,,,,,,,,,,,,,,,,,,,,,,,​-NfEpaSW2tZM,,,
2702,Line,,2,,,1128,1165,None,Equilateral Arrow,,,,,,,,,,,,,,,,,,,,,,,,,,,,,,,,,,,,,,,,,,,,,,,,,,,,,,,,,,,,,,,,,,,,,,,,,,,,,,,,,,,,,,,,,,,,,,,,,,,lvgE5Q05whWY,,,
2703,Line,,2,,,1165,1166,None,Equilateral Arrow,,,,,,,,,,,,,,,,,,,,,,,,,,,,,,,,,,,,,,,,,,,,,,,,,,,,,,,,,,,,,,,,,,,,,,,,,,,,,,,,,,,,,,,,,,,,,,,,,,,RYgE6u_CHFUL,,,
2704,Line,,2,,,1166,1167,None,Equilateral Arrow,,,,,,,,,,,,,,,,,,,,,,,,,,,,,,,,,,,,,,,,,,,,,,,,,,,,,,,,,,,,,,,,,,,,,,,,,,,,,,,,,,,,,,,,,,,,,,,,,,,fZgE0BvMPrBr,,,
2705,Line,,2,,,1167,1168,None,Equilateral Arrow,,,,,,,,,,,,,,,,,,,,,,,,,,,,,,,,,,,,,,,,,,,,,,,,,,,,,,,,,,,,,,,,,,,,,,,,,,,,,,,,,,,,,,,,,,,,,,,,,,,oZgEIDDJEu7R,,,
2706,Line,,2,,,1168,1169,None,Equilateral Arrow,,,,,,,,,,,,,,,,,,,,,,,,,,,,,,,,,,,,,,,,,,,,,,,,,,,,,,,,,,,,,,,,,,,,,,,,,,,,,,,,,,,,,,,,,,,,,,,,,,,GZgEAMf-DFGJ,,,
2707,Line,,2,,,1169,1170,None,Equilateral Arrow,,,,,,,,,,,,,,,,,,,,,,,,,,,,,,,,,,,,,,,,,,,,,,,,,,,,,,,,,,,,,,,,,,,,,,,,,,,,,,,,,,,,,,,,,,,,,,,,,,,N1gEDR0q8~_w,,,
2708,Line,,2,,,1170,1171,None,Equilateral Arrow,,,,,,,,,,,,,,,,,,,,,,,,,,,,,,,,,,,,,,,,,,,,,,,,,,,,,,,,,,,,,,,,,,,,,,,,,,,,,,,,,,,,,,,,,,,,,,,,,,,T1gEg0oJCDe8,,,
2709,Line,,2,,,1158,1173,None,Equilateral Arrow,,,,,,,,,,,,,,,,,,,,,,,,,,,,,,,,,,,,,,,,,,,,,,,,,,,,,,,,,,,,,,,,,,,,,,,,,,,,,,,,,,,,,,,,,,,,,,,,,,,1NjE8Pnhd17k,,,
2710,Line,,2,,,1176,1195,None,Equilateral Arrow,,IF DOC >10 days,,,,,,,,,,,,,,,,,,,,,,,,,,,,,,,,,,,,,,,,,,,,,,,,,,,,,,,,,,,,,,,,,,,,,,,,,,,,,,,,,,,,,,,,,,,,,,,,,_NjEQNbpHc1B,,,
2711,Line,,2,,,1172,1190,None,Equilateral Arrow,,,,,,,,,,,,,,,,,,,,,,,,,,,,,,,,,,,,,,,,,,,,,,,,,,,,,,,,,,,,,,,,,,,,,,,,,,,,,,,,,,,,,,,,,,,,,,,,,,,PYjERymyNr-r,,,
2712,Line,,2,,,1173,1174,None,Equilateral Arrow,,,,,,,,,,,,,,,,,,,,,,,,,,,,,,,,,,,,,,,,,,,,,,,,,,,,,,,,,,,,,,,,,,,,,,,,,,,,,,,,,,,,,,,,,,,,,,,,,,,.1jE1soAlK34,,,
2713,Line,,2,,,1176,1177,None,Equilateral Arrow,,IF DOC <5 Days,,,,,,,,,,,,,,,,,,,,,,,,,,,,,,,,,,,,,,,,,,,,,,,,,,,,,,,,,,,,,,,,,,,,,,,,,,,,,,,,,,,,,,,,,,,,,,,,,R9jEaezrbtp5,,,
2714,Line,,2,,,1174,1172,None,Equilateral Arrow,,,,,,,,,,,,,,,,,,,,,,,,,,,,,,,,,,,,,,,,,,,,,,,,,,,,,,,,,,,,,,,,,,,,,,,,,,,,,,,,,,,,,,,,,,,,,,,,,,,Z_jEZn8Z1H88,,,
2715,Line,,2,,,1172,1176,None,Equilateral Arrow,,,,,,,,,,,,,,,,,,,,,,,,,,,,,,,,,,,,,,,,,,,,,,,,,,,,,,,,,,,,,,,,,,,,,,,,,,,,,,,,,,,,,,,,,,,,,,,,,,,JrkEImKh7cP_,,,
2716,Line,,2,,,1177,1185,None,Equilateral Arrow,,,,,,,,,,,,,,,,,,,,,,,,,,,,,,,,,,,,,,,,,,,,,,,,,,,,,,,,,,,,,,,,,,,,,,,,,,,,,,,,,,,,,,,,,,,,,,,,,,,HykEqyPxR0z7,,,
2717,Line,,2,,,1162,1180,None,Equilateral Arrow,,,,,,,,,,,,,,,,,,,,,,,,,,,,,,,,,,,,,,,,,,,,,,,,,,,,,,,,,,,,,,,,,,,,,,,,,,,,,,,,,,,,,,,,,,,,,,,,,,,SJxEVAYxiEbV,,,
2718,Line,,2,,,1179,1162,None,Equilateral Arrow,,Yes,,,,,,,,,,,,,,,,,,,,,,,,,,,,,,,,,,,,,,,,,,,,,,,,,,,,,,,,,,,,,,,,,,,,,,,,,,,,,,,,,,,,,,,,,,,,,,,,,uJxEXL4YxSS0,,,
2719,Line,,2,,,1180,1181,None,Equilateral Arrow,,,,,,,,,,,,,,,,,,,,,,,,,,,,,,,,,,,,,,,,,,,,,,,,,,,,,,,,,,,,,,,,,,,,,,,,,,,,,,,,,,,,,,,,,,,,,,,,,,,uJxEThFbBWNz,,,
2720,Line,,2,,,1181,1182,None,Equilateral Arrow,,,,,,,,,,,,,,,,,,,,,,,,,,,,,,,,,,,,,,,,,,,,,,,,,,,,,,,,,,,,,,,,,,,,,,,,,,,,,,,,,,,,,,,,,,,,,,,,,,,uJxEKw_Xigna,,,
2721,Line,,2,,,1180,1128,None,Equilateral Arrow,,,,,,,,,,,,,,,,,,,,,,,,,,,,,,,,,,,,,,,,,,,,,,,,,,,,,,,,,,,,,,,,,,,,,,,,,,,,,,,,,,,,,,,,,,,,,,,,,,,uJxE4503kjTR,,,
2722,Line,,2,,,1161,1163,None,Equilateral Arrow,,No,,,,,,,,,,,,,,,,,,,,,,,,,,,,,,,,,,,,,,,,,,,,,,,,,,,,,,,,,,,,,,,,,,,,,,,,,,,,,,,,,,,,,,,,,,,,,,,,,1KxEE77SQgxJ,,,
2723,Line,,2,,,1161,1183,None,Equilateral Arrow,,,,,,,,,,,,,,,,,,,,,,,,,,,,,,,,,,,,,,,,,,,,,,,,,,,,,,,,,,,,,,,,,,,,,,,,,,,,,,,,,,,,,,,,,,,,,,,,,,,~NxEZuC.aj.o,,,
2724,Line,,2,,,1161,1179,None,Equilateral Arrow,,Yes,,,,,,,,,,,,,,,,,,,,,,,,,,,,,,,,,,,,,,,,,,,,,,,,,,,,,,,,,,,,,,,,,,,,,,,,,,,,,,,,,,,,,,,,,,,,,,,,,9PxEsgS0eidU,,,
2725,Line,,2,,,1174,1184,None,Equilateral Arrow,,,,,,,,,,,,,,,,,,,,,,,,,,,,,,,,,,,,,,,,,,,,,,,,,,,,,,,,,,,,,,,,,,,,,,,,,,,,,,,,,,,,,,,,,,,,,,,,,,,1ByEL6BReeZq,,,
2726,Line,,2,,,1185,1186,None,Equilateral Arrow,,Yes,,,,,,,,,,,,,,,,,,,,,,,,,,,,,,,,,,,,,,,,,,,,,,,,,,,,,,,,,,,,,,,,,,,,,,,,,,,,,,,,,,,,,,,,,,,,,,,,,zOyEhXBtCqiJ,,,
2727,Line,,2,,,1185,1191,None,Equilateral Arrow,,No,,,,,,,,,,,,,,,,,,,,,,,,,,,,,,,,,,,,,,,,,,,,,,,,,,,,,,,,,,,,,,,,,,,,,,,,,,,,,,,,,,,,,,,,,,,,,,,,,3YyEFneHxfhO,,,
2728,Line,,2,,,1186,1187,None,Equilateral Arrow,,,,,,,,,,,,,,,,,,,,,,,,,,,,,,,,,,,,,,,,,,,,,,,,,,,,,,,,,,,,,,,,,,,,,,,,,,,,,,,,,,,,,,,,,,,,,,,,,,,V0yEhuXpTSWe,,,
2729,Line,,2,,,1187,1188,None,Equilateral Arrow,,,,,,,,,,,,,,,,,,,,,,,,,,,,,,,,,,,,,,,,,,,,,,,,,,,,,,,,,,,,,,,,,,,,,,,,,,,,,,,,,,,,,,,,,,,,,,,,,,,t-yE2z3nEPss,,,
2730,Line,,2,,,1191,1192,None,Equilateral Arrow,,,,,,,,,,,,,,,,,,,,,,,,,,,,,,,,,,,,,,,,,,,,,,,,,,,,,,,,,,,,,,,,,,,,,,,,,,,,,,,,,,,,,,,,,,,,,,,,,,,cdzEE.LMH0KX,,,
2731,Line,,2,,,1195,1175,None,Equilateral Arrow,,,,,,,,,,,,,,,,,,,,,,,,,,,,,,,,,,,,,,,,,,,,,,,,,,,,,,,,,,,,,,,,,,,,,,,,,,,,,,,,,,,,,,,,,,,,,,,,,,,T4BEemWb.eDY,,,
2732,Line,,2,,,1195,1193,None,Equilateral Arrow,,,,,,,,,,,,,,,,,,,,,,,,,,,,,,,,,,,,,,,,,,,,,,,,,,,,,,,,,,,,,,,,,,,,,,,,,,,,,,,,,,,,,,,,,,,,,,,,,,,l5BEGOLeuyvJ,,,
2733,Line,,2,,,1195,1194,None,Equilateral Arrow,,,,,,,,,,,,,,,,,,,,,,,,,,,,,,,,,,,,,,,,,,,,,,,,,,,,,,,,,,,,,,,,,,,,,,,,,,,,,,,,,,,,,,,,,,,,,,,,,,,t6BEcYL_kSxn,,,
2734,Line,,2,,,414,1196,None,Equilateral Arrow,,,,,,,,,,,,,,,,,,,,,,,,,,,,,,,,,,,,,,,,,,,,,,,,,,,,,,,,,,,,,,,,,,,,,,,,,,,,,,,,,,,,,,,,,,,,,,,,,,,rMCEmCg~t~~q,,,
2735,Line,,2,,,1201,1202,None,Equilateral Arrow,,,,,,,,,,,,,,,,,,,,,,,,,,,,,,,,,,,,,,,,,,,,,,,,,,,,,,,,,,,,,,,,,,,,,,,,,,,,,,,,,,,,,,,,,,,,,,,,,,,ANDEYuenq2WW,,,
2736,Line,,2,,,1202,1203,None,Equilateral Arrow,,,,,,,,,,,,,,,,,,,,,,,,,,,,,,,,,,,,,,,,,,,,,,,,,,,,,,,,,,,,,,,,,,,,,,,,,,,,,,,,,,,,,,,,,,,,,,,,,,,HNDElCiWgysE,,,
2737,Line,,2,,,1203,1204,None,Equilateral Arrow,,,,,,,,,,,,,,,,,,,,,,,,,,,,,,,,,,,,,,,,,,,,,,,,,,,,,,,,,,,,,,,,,,,,,,,,,,,,,,,,,,,,,,,,,,,,,,,,,,,PNDEsc6wJYz3,,,
2738,Line,,2,,,1204,1205,None,Equilateral Arrow,,,,,,,,,,,,,,,,,,,,,,,,,,,,,,,,,,,,,,,,,,,,,,,,,,,,,,,,,,,,,,,,,,,,,,,,,,,,,,,,,,,,,,,,,,,,,,,,,,,4NDEBjOFfvGA,,,
2739,Line,,2,,,1205,1206,None,Equilateral Arrow,,,,,,,,,,,,,,,,,,,,,,,,,,,,,,,,,,,,,,,,,,,,,,,,,,,,,,,,,,,,,,,,,,,,,,,,,,,,,,,,,,,,,,,,,,,,,,,,,,,kODE_JCCpISq,,,
2740,Line,,2,,,1206,1207,None,Equilateral Arrow,,,,,,,,,,,,,,,,,,,,,,,,,,,,,,,,,,,,,,,,,,,,,,,,,,,,,,,,,,,,,,,,,,,,,,,,,,,,,,,,,,,,,,,,,,,,,,,,,,,qODECbbL1ofy,,,
2741,Line,,2,,,1207,1208,None,Equilateral Arrow,,,,,,,,,,,,,,,,,,,,,,,,,,,,,,,,,,,,,,,,,,,,,,,,,,,,,,,,,,,,,,,,,,,,,,,,,,,,,,,,,,,,,,,,,,,,,,,,,,,xODEHCTRjAT~,,,
2742,Line,,2,,,1201,1074,None,Equilateral Arrow,,,,,,,,,,,,,,,,,,,,,,,,,,,,,,,,,,,,,,,,,,,,,,,,,,,,,,,,,,,,,,,,,,,,,,,,,,,,,,,,,,,,,,,,,,,,,,,,,,,UODEooGIdoJ9,,,
2743,Line,,2,,,1203,1124,None,Equilateral Arrow,,,,,,,,,,,,,,,,,,,,,,,,,,,,,,,,,,,,,,,,,,,,,,,,,,,,,,,,,,,,,,,,,,,,,,,,,,,,,,,,,,,,,,,,,,,,,,,,,,,2ODEd~4W85gQ,,,
2744,Line,,2,,,1204,1125,None,Equilateral Arrow,,,,,,,,,,,,,,,,,,,,,,,,,,,,,,,,,,,,,,,,,,,,,,,,,,,,,,,,,,,,,,,,,,,,,,,,,,,,,,,,,,,,,,,,,,,,,,,,,,,6ODE3VBrv3yL,,,
2745,Line,,2,,,1205,1051,None,Equilateral Arrow,,,,,,,,,,,,,,,,,,,,,,,,,,,,,,,,,,,,,,,,,,,,,,,,,,,,,,,,,,,,,,,,,,,,,,,,,,,,,,,,,,,,,,,,,,,,,,,,,,,_ODELZh3y5P-,,,
2746,Line,,2,,,1206,1128,None,Equilateral Arrow,,,,,,,,,,,,,,,,,,,,,,,,,,,,,,,,,,,,,,,,,,,,,,,,,,,,,,,,,,,,,,,,,,,,,,,,,,,,,,,,,,,,,,,,,,,,,,,,,,,dPDE88AafrU6,,,
2747,Line,,2,,,1207,1127,None,Equilateral Arrow,,,,,,,,,,,,,,,,,,,,,,,,,,,,,,,,,,,,,,,,,,,,,,,,,,,,,,,,,,,,,,,,,,,,,,,,,,,,,,,,,,,,,,,,,,,,,,,,,,,hPDEOwJ-fgFX,,,
2748,Line,,2,,,1208,1050,None,Equilateral Arrow,,,,,,,,,,,,,,,,,,,,,,,,,,,,,,,,,,,,,,,,,,,,,,,,,,,,,,,,,,,,,,,,,,,,,,,,,,,,,,,,,,,,,,,,,,,,,,,,,,,uPDE1UtM9mPj,,,
2749,Line,,2,,,1202,1052,None,Equilateral Arrow,,,,,,,,,,,,,,,,,,,,,,,,,,,,,,,,,,,,,,,,,,,,,,,,,,,,,,,,,,,,,,,,,,,,,,,,,,,,,,,,,,,,,,,,,,,,,,,,,,,VPDEl4sH~-Xh,,,
2750,Line,,2,,,1211,1209,None,Equilateral Arrow,,,,,,,,,,,,,,,,,,,,,,,,,,,,,,,,,,,,,,,,,,,,,,,,,,,,,,,,,,,,,,,,,,,,,,,,,,,,,,,,,,,,,,,,,,,,,,,,,,,AcfFLDFoX3si,,,
2751,Line,,2,,,1209,1218,None,Equilateral Arrow,,,,,,,,,,,,,,,,,,,,,,,,,,,,,,,,,,,,,,,,,,,,,,,,,,,,,,,,,,,,,,,,,,,,,,,,,,,,,,,,,,,,,,,,,,,,,,,,,,,9RDEg5QNS2n-,,,
2752,Line,,2,,,1178,1210,None,Equilateral Arrow,,,,,,,,,,,,,,,,,,,,,,,,,,,,,,,,,,,,,,,,,,,,,,,,,,,,,,,,,,,,,,,,,,,,,,,,,,,,,,,,,,,,,,,,,,,,,,,,,,,cWDERijQevhk,,,
2753,Line,,2,,,1211,1201,None,Equilateral Arrow,,,,,,,,,,,,,,,,,,,,,,,,,,,,,,,,,,,,,,,,,,,,,,,,,,,,,,,,,,,,,,,,,,,,,,,,,,,,,,,,,,,,,,,,,,,,,,,,,,,5pfFiy5qopDC,,,
2754,Line,,2,,,1212,1202,None,Equilateral Arrow,,,,,,,,,,,,,,,,,,,,,,,,,,,,,,,,,,,,,,,,,,,,,,,,,,,,,,,,,,,,,,,,,,,,,,,,,,,,,,,,,,,,,,,,,,,,,,,,,,,.pfFbcRFQWWi,,,
2755,Line,,2,,,1213,1203,None,Equilateral Arrow,,,,,,,,,,,,,,,,,,,,,,,,,,,,,,,,,,,,,,,,,,,,,,,,,,,,,,,,,,,,,,,,,,,,,,,,,,,,,,,,,,,,,,,,,,,,,,,,,,,BqfFwK2~mWOj,,,
2756,Line,,2,,,1211,1212,None,Equilateral Arrow,,,,,,,,,,,,,,,,,,,,,,,,,,,,,,,,,,,,,,,,,,,,,,,,,,,,,,,,,,,,,,,,,,,,,,,,,,,,,,,,,,,,,,,,,,,,,,,,,,,DrfFGwJh~SlT,,,
2757,Line,,2,,,1212,1213,None,Equilateral Arrow,,,,,,,,,,,,,,,,,,,,,,,,,,,,,,,,,,,,,,,,,,,,,,,,,,,,,,,,,,,,,,,,,,,,,,,,,,,,,,,,,,,,,,,,,,,,,,,,,,,IrfFJfMeHnLK,,,
2758,Line,,2,,,1214,1204,None,Equilateral Arrow,,,,,,,,,,,,,,,,,,,,,,,,,,,,,,,,,,,,,,,,,,,,,,,,,,,,,,,,,,,,,,,,,,,,,,,,,,,,,,,,,,,,,,,,,,,,,,,,,,,bsfF2WprUXO-,,,
2759,Line,,2,,,1213,1214,None,Equilateral Arrow,,,,,,,,,,,,,,,,,,,,,,,,,,,,,,,,,,,,,,,,,,,,,,,,,,,,,,,,,,,,,,,,,,,,,,,,,,,,,,,,,,,,,,,,,,,,,,,,,,,qsfFmsJJKS34,,,
2760,Line,,2,,,1215,1205,None,Equilateral Arrow,,,,,,,,,,,,,,,,,,,,,,,,,,,,,,,,,,,,,,,,,,,,,,,,,,,,,,,,,,,,,,,,,,,,,,,,,,,,,,,,,,,,,,,,,,,,,,,,,,,KsfFMITqb9rH,,,
2761,Line,,2,,,1214,1215,None,Equilateral Arrow,,,,,,,,,,,,,,,,,,,,,,,,,,,,,,,,,,,,,,,,,,,,,,,,,,,,,,,,,,,,,,,,,,,,,,,,,,,,,,,,,,,,,,,,,,,,,,,,,,,PsfFgpQgMEyC,,,
2762,Line,,2,,,1215,1216,None,Equilateral Arrow,,,,,,,,,,,,,,,,,,,,,,,,,,,,,,,,,,,,,,,,,,,,,,,,,,,,,,,,,,,,,,,,,,,,,,,,,,,,,,,,,,,,,,,,,,,,,,,,,,,VsfF-Hn-o9lw,,,
2763,Line,,2,,,1216,1206,None,Equilateral Arrow,,,,,,,,,,,,,,,,,,,,,,,,,,,,,,,,,,,,,,,,,,,,,,,,,,,,,,,,,,,,,,,,,,,,,,,,,,,,,,,,,,,,,,,,,,,,,,,,,,,htfFLITGTKSu,,,
2764,Line,,2,,,1216,1217,None,Equilateral Arrow,,,,,,,,,,,,,,,,,,,,,,,,,,,,,,,,,,,,,,,,,,,,,,,,,,,,,,,,,,,,,,,,,,,,,,,,,,,,,,,,,,,,,,,,,,,,,,,,,,,ttfFB~G9VxST,,,
2765,Line,,2,,,1217,1207,None,Equilateral Arrow,,,,,,,,,,,,,,,,,,,,,,,,,,,,,,,,,,,,,,,,,,,,,,,,,,,,,,,,,,,,,,,,,,,,,,,,,,,,,,,,,,,,,,,,,,,,,,,,,,,EtfFhYi2L_tL,,,
2766,Line,,2,,,1217,1218,None,Equilateral Arrow,,,,,,,,,,,,,,,,,,,,,,,,,,,,,,,,,,,,,,,,,,,,,,,,,,,,,,,,,,,,,,,,,,,,,,,,,,,,,,,,,,,,,,,,,,,,,,,,,,,ItfFxU9bGWto,,,
2767,Line,,2,,,1218,1208,None,Equilateral Arrow,,,,,,,,,,,,,,,,,,,,,,,,,,,,,,,,,,,,,,,,,,,,,,,,,,,,,,,,,,,,,,,,,,,,,,,,,,,,,,,,,,,,,,,,,,,,,,,,,,,VtfFC.H0Zuh2,,,
2768,Line,,2,,,1220,1551,None,Equilateral Arrow,,,,,,,,,,,,,,,,,,,,,,,,,,,,,,,,,,,,,,,,,,,,,,,,,,,,,,,,,,,,,,,,,,,,,,,,,,,,,,,,,,,,,,,,,,,,,,,,,,,hqwFf9qDmz3b,,,
2769,Line,,2,,,1219,1222,None,Equilateral Arrow,,,,,,,,,,,,,,,,,,,,,,,,,,,,,,,,,,,,,,,,,,,,,,,,,,,,,,,,,,,,,,,,,,,,,,,,,,,,,,,,,,,,,,,,,,,,,,,,,,,quwFa4Rf1VVg,,,
2770,Line,,2,,,1222,1220,None,Equilateral Arrow,,,,,,,,,,,,,,,,,,,,,,,,,,,,,,,,,,,,,,,,,,,,,,,,,,,,,,,,,,,,,,,,,,,,,,,,,,,,,,,,,,,,,,,,,,,,,,,,,,,NuwFlyrhFxw~,,,
2771,Line,,2,,,1221,1555,None,Equilateral Arrow,,,,,,,,,,,,,,,,,,,,,,,,,,,,,,,,,,,,,,,,,,,,,,,,,,,,,,,,,,,,,,,,,,,,,,,,,,,,,,,,,,,,,,,,,,,,,,,,,,,.uwFyikbYEbI,,,
2772,Line,,2,,,11,,None,Equilateral Arrow,,,,,,,,,,,,,,,,,,,,,,,,,,,,,,,,,,,,,,,,,,,,,,,,,,,,,,,,,,,,,,,,,,,,,,,,,,,,,,,,,,,,,,,,,,,,,,,,,,,gaMFB296wTyk,,,
2773,Line,,2,,,1223,30,None,Equilateral Arrow,,,,,,,,,,,,,,,,,,,,,,,,,,,,,,,,,,,,,,,,,,,,,,,,,,,,,,,,,,,,,,,,,,,,,,,,,,,,,,,,,,,,,,,,,,,,,,,,,,,W3PFlk_1Ab1I,,,
2774,Line,,2,,,1250,32,None,Equilateral Arrow,,,,,,,,,,,,,,,,,,,,,,,,,,,,,,,,,,,,,,,,,,,,,,,,,,,,,,,,,,,,,,,,,,,,,,,,,,,,,,,,,,,,,,,,,,,,,,,,,,,GcQFdgSC7Ke4,,,
2775,Line,,2,,,1224,31,None,Equilateral Arrow,,,,,,,,,,,,,,,,,,,,,,,,,,,,,,,,,,,,,,,,,,,,,,,,,,,,,,,,,,,,,,,,,,,,,,,,,,,,,,,,,,,,,,,,,,,,,,,,,,,G.PFmJ9uQXkM,,,
2776,Line,,2,,,1225,33,None,Equilateral Arrow,,,,,,,,,,,,,,,,,,,,,,,,,,,,,,,,,,,,,,,,,,,,,,,,,,,,,,,,,,,,,,,,,,,,,,,,,,,,,,,,,,,,,,,,,,,,,,,,,,,AcQF_pshkHQb,,,
2777,Line,,2,,,1249,1223,None,Equilateral Arrow,,,,,,,,,,,,,,,,,,,,,,,,,,,,,,,,,,,,,,,,,,,,,,,,,,,,,,,,,,,,,,,,,,,,,,,,,,,,,,,,,,,,,,,,,,,,,,,,,,,4u9FbXZNnLAl,,,
2778,Line,,2,,,1227,1228,None,Equilateral Arrow,,,,,,,,,,,,,,,,,,,,,,,,,,,,,,,,,,,,,,,,,,,,,,,,,,,,,,,,,,,,,,,,,,,,,,,,,,,,,,,,,,,,,,,,,,,,,,,,,,,NtQFADUKRHoo,,,
2779,Line,,2,,,1228,1230,None,Equilateral Arrow,,,,,,,,,,,,,,,,,,,,,,,,,,,,,,,,,,,,,,,,,,,,,,,,,,,,,,,,,,,,,,,,,,,,,,,,,,,,,,,,,,,,,,,,,,,,,,,,,,,eKQFW1BRhLBZ,,,
2780,Line,,2,,,1318,1233,None,Equilateral Arrow,,,,,,,,,,,,,,,,,,,,,,,,,,,,,,,,,,,,,,,,,,,,,,,,,,,,,,,,,,,,,,,,,,,,,,,,,,,,,,,,,,,,,,,,,,,,,,,,,,,nlRFlhMElg0U,,,
2781,Line,,2,,,1317,1235,None,Equilateral Arrow,,,,,,,,,,,,,,,,,,,,,,,,,,,,,,,,,,,,,,,,,,,,,,,,,,,,,,,,,,,,,,,,,,,,,,,,,,,,,,,,,,,,,,,,,,,,,,,,,,,PV5FM~FJs.h3,,,
2782,Line,,2,,,1236,1237,None,Equilateral Arrow,,Yes,,,,,,,,,,,,,,,,,,,,,,,,,,,,,,,,,,,,,,,,,,,,,,,,,,,,,,,,,,,,,,,,,,,,,,,,,,,,,,,,,,,,,,,,,,,,,,,,,Aq6FK1OBk_8B,,,
2783,Line,,2,,,1314,1236,None,Equilateral Arrow,,,,,,,,,,,,,,,,,,,,,,,,,,,,,,,,,,,,,,,,,,,,,,,,,,,,,,,,,,,,,,,,,,,,,,,,,,,,,,,,,,,,,,,,,,,,,,,,,,,gs6FRT4QsPiR,,,
2784,Line,,2,,,1237,1238,None,Equilateral Arrow,,,,,,,,,,,,,,,,,,,,,,,,,,,,,,,,,,,,,,,,,,,,,,,,,,,,,,,,,,,,,,,,,,,,,,,,,,,,,,,,,,,,,,,,,,,,,,,,,,,qs6F3Qm2TlPo,,,
2785,Line,,2,,,1240,1241,None,Equilateral Arrow,,,,,,,,,,,,,,,,,,,,,,,,,,,,,,,,,,,,,,,,,,,,,,,,,,,,,,,,,,,,,,,,,,,,,,,,,,,,,,,,,,,,,,,,,,,,,,,,,,,bG6FuV6v8xMT,,,
2786,Line,,2,,,1241,1242,None,Equilateral Arrow,,,,,,,,,,,,,,,,,,,,,,,,,,,,,,,,,,,,,,,,,,,,,,,,,,,,,,,,,,,,,,,,,,,,,,,,,,,,,,,,,,,,,,,,,,,,,,,,,,,6K6FTkl2MxgR,,,
2787,Line,,2,,,1243,1244,None,Equilateral Arrow,,,,,,,,,,,,,,,,,,,,,,,,,,,,,,,,,,,,,,,,,,,,,,,,,,,,,,,,,,,,,,,,,,,,,,,,,,,,,,,,,,,,,,,,,,,,,,,,,,,2D7F_IdFgkd6,,,
2788,Line,,2,,,1244,1416,None,Equilateral Arrow,,,,,,,,,,,,,,,,,,,,,,,,,,,,,,,,,,,,,,,,,,,,,,,,,,,,,,,,,,,,,,,,,,,,,,,,,,,,,,,,,,,,,,,,,,,,,,,,,,,BE7Fdv7y6TU~,,,
2789,Line,,2,,,1244,1245,None,Equilateral Arrow,,,,,,,,,,,,,,,,,,,,,,,,,,,,,,,,,,,,,,,,,,,,,,,,,,,,,,,,,,,,,,,,,,,,,,,,,,,,,,,,,,,,,,,,,,,,,,,,,,,uJ7F2HHB7~UB,,,
2790,Line,,2,,,1245,1415,None,Equilateral Arrow,,,,,,,,,,,,,,,,,,,,,,,,,,,,,,,,,,,,,,,,,,,,,,,,,,,,,,,,,,,,,,,,,,,,,,,,,,,,,,,,,,,,,,,,,,,,,,,,,,,YJ7F.9I37HV1,,,
2791,Line,,2,,,1245,1246,None,Equilateral Arrow,,,,,,,,,,,,,,,,,,,,,,,,,,,,,,,,,,,,,,,,,,,,,,,,,,,,,,,,,,,,,,,,,,,,,,,,,,,,,,,,,,,,,,,,,,,,,,,,,,,aU7FDCpYEhHv,,,
2792,Line,,2,,,1247,1248,None,Equilateral Arrow,,Yes,,,,,,,,,,,,,,,,,,,,,,,,,,,,,,,,,,,,,,,,,,,,,,,,,,,,,,,,,,,,,,,,,,,,,,,,,,,,,,,,,,,,,,,,,,,,,,,,,XN8F3pvYh3TD,,,
2793,Line,,2,,,1247,1341,None,Equilateral Arrow,,No,,,,,,,,,,,,,,,,,,,,,,,,,,,,,,,,,,,,,,,,,,,,,,,,,,,,,,,,,,,,,,,,,,,,,,,,,,,,,,,,,,,,,,,,,,,,,,,,,aO8FM~jgHD4l,,,
2794,Line,,2,,,1249,1224,None,Equilateral Arrow,,,,,,,,,,,,,,,,,,,,,,,,,,,,,,,,,,,,,,,,,,,,,,,,,,,,,,,,,,,,,,,,,,,,,,,,,,,,,,,,,,,,,,,,,,,,,,,,,,,uv9FuiK3Y_1e,,,
2795,Line,,2,,,1249,1250,None,Equilateral Arrow,,,,,,,,,,,,,,,,,,,,,,,,,,,,,,,,,,,,,,,,,,,,,,,,,,,,,,,,,,,,,,,,,,,,,,,,,,,,,,,,,,,,,,,,,,,,,,,,,,,cw9FXo.2zVue,,,
2796,Line,,2,,,1249,1225,None,Equilateral Arrow,,,,,,,,,,,,,,,,,,,,,,,,,,,,,,,,,,,,,,,,,,,,,,,,,,,,,,,,,,,,,,,,,,,,,,,,,,,,,,,,,,,,,,,,,,,,,,,,,,,Gw9FdR-~zkmT,,,
2797,Line,,2,,,1251,1252,None,Equilateral Arrow,,,,,,,,,,,,,,,,,,,,,,,,,,,,,,,,,,,,,,,,,,,,,,,,,,,,,,,,,,,,,,,,,,,,,,,,,,,,,,,,,,,,,,,,,,,,,,,,,,,UN9FMIPChlfL,,,
2798,Line,,2,,,1252,1253,None,Equilateral Arrow,,Yes,,,,,,,,,,,,,,,,,,,,,,,,,,,,,,,,,,,,,,,,,,,,,,,,,,,,,,,,,,,,,,,,,,,,,,,,,,,,,,,,,,,,,,,,,,,,,,,,,6O9FJeC9F.Tx,,,
2799,Line,,2,,,1252,1254,None,Equilateral Arrow,,No,,,,,,,,,,,,,,,,,,,,,,,,,,,,,,,,,,,,,,,,,,,,,,,,,,,,,,,,,,,,,,,,,,,,,,,,,,,,,,,,,,,,,,,,,,,,,,,,,9Q9FpddAkg_w,,,
2800,Line,,2,,,1253,1255,None,Equilateral Arrow,,,,,,,,,,,,,,,,,,,,,,,,,,,,,,,,,,,,,,,,,,,,,,,,,,,,,,,,,,,,,,,,,,,,,,,,,,,,,,,,,,,,,,,,,,,,,,,,,,,.T9F5F.Jw690,,,
2801,Line,,2,,,1255,1272,None,Equilateral Arrow,,Yes,,,,,,,,,,,,,,,,,,,,,,,,,,,,,,,,,,,,,,,,,,,,,,,,,,,,,,,,,,,,,,,,,,,,,,,,,,,,,,,,,,,,,,,,,,,,,,,,,GV9FXUuPKOLt,,,
2802,Line,,2,,,1255,1257,None,Equilateral Arrow,,No,,,,,,,,,,,,,,,,,,,,,,,,,,,,,,,,,,,,,,,,,,,,,,,,,,,,,,,,,,,,,,,,,,,,,,,,,,,,,,,,,,,,,,,,,,,,,,,,,_V9FVtMc1Xnq,,,
2803,Line,,2,,,1254,1258,None,Equilateral Arrow,,,,,,,,,,,,,,,,,,,,,,,,,,,,,,,,,,,,,,,,,,,,,,,,,,,,,,,,,,,,,,,,,,,,,,,,,,,,,,,,,,,,,,,,,,,,,,,,,,,HY9FR4~g~v63,,,
2804,Line,,2,,,1259,1253,None,Equilateral Arrow,,,,,,,,,,,,,,,,,,,,,,,,,,,,,,,,,,,,,,,,,,,,,,,,,,,,,,,,,,,,,,,,,,,,,,,,,,,,,,,,,,,,,,,,,,,,,,,,,,,009F6oGoIH_L,,,
2805,Line,,2,,,1257,1253,None,Equilateral Arrow,,,,,,,,,,,,,,,,,,,,,,,,,,,,,,,,,,,,,,,,,,,,,,,,,,,,,,,,,,,,,,,,,,,,,,,,,,,,,,,,,,,,,,,,,,,,,,,,,,,o29FzOTegaU-,,,
2806,Line,,2,,,1256,1260,None,Equilateral Arrow,,,,,,,,,,,,,,,,,,,,,,,,,,,,,,,,,,,,,,,,,,,,,,,,,,,,,,,,,,,,,,,,,,,,,,,,,,,,,,,,,,,,,,,,,,,,,,,,,,,S39FUqCyWFFd,,,
2807,Line,,2,,,1260,1261,None,Equilateral Arrow,,Yes,,,,,,,,,,,,,,,,,,,,,,,,,,,,,,,,,,,,,,,,,,,,,,,,,,,,,,,,,,,,,,,,,,,,,,,,,,,,,,,,,,,,,,,,,,,,,,,,,n49FKjjrcwV.,,,
2808,Line,,2,,,1260,1336,None,Equilateral Arrow,,No,,,,,,,,,,,,,,,,,,,,,,,,,,,,,,,,,,,,,,,,,,,,,,,,,,,,,,,,,,,,,,,,,,,,,,,,,,,,,,,,,,,,,,,,,,,,,,,,,v59FOD1xpxXZ,,,
2809,Line,,2,,,1261,1263,None,Equilateral Arrow,,,,,,,,,,,,,,,,,,,,,,,,,,,,,,,,,,,,,,,,,,,,,,,,,,,,,,,,,,,,,,,,,,,,,,,,,,,,,,,,,,,,,,,,,,,,,,,,,,,B59FOScUqjGB,,,
2810,Line,,2,,,1336,1262,None,Equilateral Arrow,,NO,,,,,,,,,,,,,,,,,,,,,,,,,,,,,,,,,,,,,,,,,,,,,,,,,,,,,,,,,,,,,,,,,,,,,,,,,,,,,,,,,,,,,,,,,,,,,,,,,1-9FAQZGd5KZ,,,
2811,Line,,2,,,1336,1264,None,Equilateral Arrow,,Yes,,,,,,,,,,,,,,,,,,,,,,,,,,,,,,,,,,,,,,,,,,,,,,,,,,,,,,,,,,,,,,,,,,,,,,,,,,,,,,,,,,,,,,,,,,,,,,,,,N.9Fcqby4~Y2,,,
2812,Line,,2,,,1264,1265,None,Equilateral Arrow,,,,,,,,,,,,,,,,,,,,,,,,,,,,,,,,,,,,,,,,,,,,,,,,,,,,,,,,,,,,,,,,,,,,,,,,,,,,,,,,,,,,,,,,,,,,,,,,,,,He-FsnDJoiYH,,,
2813,Line,,2,,,1264,1266,None,Equilateral Arrow,,,,,,,,,,,,,,,,,,,,,,,,,,,,,,,,,,,,,,,,,,,,,,,,,,,,,,,,,,,,,,,,,,,,,,,,,,,,,,,,,,,,,,,,,,,,,,,,,,,sg-F-OwUsdU3,,,
2814,Line,,2,,,1264,1267,None,Equilateral Arrow,,,,,,,,,,,,,,,,,,,,,,,,,,,,,,,,,,,,,,,,,,,,,,,,,,,,,,,,,,,,,,,,,,,,,,,,,,,,,,,,,,,,,,,,,,,,,,,,,,,lh-FsljKHTJ_,,,
2815,Line,,2,,,1264,1268,None,Equilateral Arrow,,,,,,,,,,,,,,,,,,,,,,,,,,,,,,,,,,,,,,,,,,,,,,,,,,,,,,,,,,,,,,,,,,,,,,,,,,,,,,,,,,,,,,,,,,,,,,,,,,,Zh-FWCzNI_BF,,,
2816,Line,,2,,,1309,1269,None,Equilateral Arrow,,NO,,,,,,,,,,,,,,,,,,,,,,,,,,,,,,,,,,,,,,,,,,,,,,,,,,,,,,,,,,,,,,,,,,,,,,,,,,,,,,,,,,,,,,,,,,,,,,,,,dl-FVjdybi0b,,,
2817,Line,,2,,,1309,1347,None,Equilateral Arrow,,YES,,,,,,,,,,,,,,,,,,,,,,,,,,,,,,,,,,,,,,,,,,,,,,,,,,,,,,,,,,,,,,,,,,,,,,,,,,,,,,,,,,,,,,,,,,,,,,,,,Xl-FVtPYPDYu,,,
2818,Line,,2,,,1269,1270,None,Equilateral Arrow,,,,,,,,,,,,,,,,,,,,,,,,,,,,,,,,,,,,,,,,,,,,,,,,,,,,,,,,,,,,,,,,,,,,,,,,,,,,,,,,,,,,,,,,,,,,,,,,,,,4q-F0nSMrg9g,,,
2819,Line,,2,,,1270,1271,None,Equilateral Arrow,,RTV Possible?,,,,,,,,,,,,,,,,,,,,,,,,,,,,,,,,,,,,,,,,,,,,,,,,,,,,,,,,,,,,,,,,,,,,,,,,,,,,,,,,,,,,,,,,,,,,,,,,,kt-FPFtfQEuS,,,
2820,Line,,2,,,1265,1274,None,Equilateral Arrow,,,,,,,,,,,,,,,,,,,,,,,,,,,,,,,,,,,,,,,,,,,,,,,,,,,,,,,,,,,,,,,,,,,,,,,,,,,,,,,,,,,,,,,,,,,,,,,,,,,Zt-FX1IVlK4~,,,
2821,Line,,2,,,1266,1274,None,Equilateral Arrow,,,,,,,,,,,,,,,,,,,,,,,,,,,,,,,,,,,,,,,,,,,,,,,,,,,,,,,,,,,,,,,,,,,,,,,,,,,,,,,,,,,,,,,,,,,,,,,,,,,fu-FSF50AGyV,,,
2822,Line,,2,,,1267,1274,None,Equilateral Arrow,,,,,,,,,,,,,,,,,,,,,,,,,,,,,,,,,,,,,,,,,,,,,,,,,,,,,,,,,,,,,,,,,,,,,,,,,,,,,,,,,,,,,,,,,,,,,,,,,,,lu-F77-VX4g0,,,
2823,Line,,2,,,1268,1274,None,Equilateral Arrow,,,,,,,,,,,,,,,,,,,,,,,,,,,,,,,,,,,,,,,,,,,,,,,,,,,,,,,,,,,,,,,,,,,,,,,,,,,,,,,,,,,,,,,,,,,,,,,,,,,su-F~oON8Pru,,,
2824,Line,,2,,,1272,1256,None,Equilateral Arrow,,,,,,,,,,,,,,,,,,,,,,,,,,,,,,,,,,,,,,,,,,,,,,,,,,,,,,,,,,,,,,,,,,,,,,,,,,,,,,,,,,,,,,,,,,,,,,,,,,,SF-FvpRC4__9,,,
2825,Line,,2,,,1270,1273,None,Equilateral Arrow,,Not Possible,,,,,,,,,,,,,,,,,,,,,,,,,,,,,,,,,,,,,,,,,,,,,,,,,,,,,,,,,,,,,,,,,,,,,,,,,,,,,,,,,,,,,,,,,,,,,,,,,lO-FnyR8Q0Z4,,,
2826,Line,,2,,,1275,1277,None,Equilateral Arrow,,YES,,,,,,,,,,,,,,,,,,,,,,,,,,,,,,,,,,,,,,,,,,,,,,,,,,,,,,,,,,,,,,,,,,,,,,,,,,,,,,,,,,,,,,,,,,,,,,,,,uZ-FgFmQ6Pd-,,,
2827,Line,,2,,,1275,1276,None,Equilateral Arrow,,NO,,,,,,,,,,,,,,,,,,,,,,,,,,,,,,,,,,,,,,,,,,,,,,,,,,,,,,,,,,,,,,,,,,,,,,,,,,,,,,,,,,,,,,,,,,,,,,,,,RZ-Fnt7mEKt5,,,
2828,Line,,2,,,1276,1278,None,Equilateral Arrow,,,,,,,,,,,,,,,,,,,,,,,,,,,,,,,,,,,,,,,,,,,,,,,,,,,,,,,,,,,,,,,,,,,,,,,,,,,,,,,,,,,,,,,,,,,,,,,,,,,d3-FFlGqxp_x,,,
2829,Line,,2,,,1278,1277,None,Equilateral Arrow,,,,,,,,,,,,,,,,,,,,,,,,,,,,,,,,,,,,,,,,,,,,,,,,,,,,,,,,,,,,,,,,,,,,,,,,,,,,,,,,,,,,,,,,,,,,,,,,,,,r3-FK4zBPq_Q,,,
2830,Line,,2,,,1280,1281,None,Equilateral Arrow,,,,,,,,,,,,,,,,,,,,,,,,,,,,,,,,,,,,,,,,,,,,,,,,,,,,,,,,,,,,,,,,,,,,,,,,,,,,,,,,,,,,,,,,,,,,,,,,,,,Tv_Fa-hGx.FI,,,
2831,Line,,2,,,1283,1284,None,Equilateral Arrow,,,,,,,,,,,,,,,,,,,,,,,,,,,,,,,,,,,,,,,,,,,,,,,,,,,,,,,,,,,,,,,,,,,,,,,,,,,,,,,,,,,,,,,,,,,,,,,,,,,oC_FKg.8gMr9,,,
2832,Line,,2,,,1283,1285,None,Equilateral Arrow,,YES,,,,,,,,,,,,,,,,,,,,,,,,,,,,,,,,,,,,,,,,,,,,,,,,,,,,,,,,,,,,,,,,,,,,,,,,,,,,,,,,,,,,,,,,,,,,,,,,,ZH_F.f_LOuVs,,,
2833,Line,,2,,,1286,1287,None,Equilateral Arrow,,<70%,,,,,,,,,,,,,,,,,,,,,,,,,,,,,,,,,,,,,,,,,,,,,,,,,,,,,,,,,,,,,,,,,,,,,,,,,,,,,,,,,,,,,,,,,,,,,,,,,XlpGYNb3C8Ke,,,
2834,Line,,2,,,1286,1289,None,Equilateral Arrow,,between 70%-110%,,,,,,,,,,,,,,,,,,,,,,,,,,,,,,,,,,,,,,,,,,,,,,,,,,,,,,,,,,,,,,,,,,,,,,,,,,,,,,,,,,,,,,,,,,,,,,,,,1lpGPs3jRGFH,,,
2835,Line,,2,,,1287,1288,None,Equilateral Arrow,,,,,,,,,,,,,,,,,,,,,,,,,,,,,,,,,,,,,,,,,,,,,,,,,,,,,,,,,,,,,,,,,,,,,,,,,,,,,,,,,,,,,,,,,,,,,,,,,,,VnpGC6oN1RPu,,,
2836,Line,,2,,,1289,1290,None,Equilateral Arrow,,,,,,,,,,,,,,,,,,,,,,,,,,,,,,,,,,,,,,,,,,,,,,,,,,,,,,,,,,,,,,,,,,,,,,,,,,,,,,,,,,,,,,,,,,,,,,,,,,,ospGu8NBkWol,,,
2837,Line,,2,,,1290,1292,None,Equilateral Arrow,,Yes,,,,,,,,,,,,,,,,,,,,,,,,,,,,,,,,,,,,,,,,,,,,,,,,,,,,,,,,,,,,,,,,,,,,,,,,,,,,,,,,,,,,,,,,,,,,,,,,,LwpGW_2YCAwF,,,
2838,Line,,2,,,1290,1291,None,Equilateral Arrow,,No,,,,,,,,,,,,,,,,,,,,,,,,,,,,,,,,,,,,,,,,,,,,,,,,,,,,,,,,,,,,,,,,,,,,,,,,,,,,,,,,,,,,,,,,,,,,,,,,,OwpG3f9OScHy,,,
2839,Line,,2,,,1292,1307,None,Equilateral Arrow,,,,,,,,,,,,,,,,,,,,,,,,,,,,,,,,,,,,,,,,,,,,,,,,,,,,,,,,,,,,,,,,,,,,,,,,,,,,,,,,,,,,,,,,,,,,,,,,,,,NxpGlG3tTgU-,,,
2840,Line,,2,,,1297,1306,None,Equilateral Arrow,,,,,,,,,,,,,,,,,,,,,,,,,,,,,,,,,,,,,,,,,,,,,,,,,,,,,,,,,,,,,,,,,,,,,,,,,,,,,,,,,,,,,,,,,,,,,,,,,,,3ypGAVmiTrt9,,,
2841,Line,,2,,,1291,1293,None,Equilateral Arrow,,,,,,,,,,,,,,,,,,,,,,,,,,,,,,,,,,,,,,,,,,,,,,,,,,,,,,,,,,,,,,,,,,,,,,,,,,,,,,,,,,,,,,,,,,,,,,,,,,,HzpGXYUYrZGI,,,
2842,Line,,2,,,1296,1295,None,Equilateral Arrow,,,,,,,,,,,,,,,,,,,,,,,,,,,,,,,,,,,,,,,,,,,,,,,,,,,,,,,,,,,,,,,,,,,,,,,,,,,,,,,,,,,,,,,,,,,,,,,,,,,SLpGSJnJ0ZJY,,,
2843,Line,,2,,,1298,1299,None,Equilateral Arrow,,,,,,,,,,,,,,,,,,,,,,,,,,,,,,,,,,,,,,,,,,,,,,,,,,,,,,,,,,,,,,,,,,,,,,,,,,,,,,,,,,,,,,,,,,,,,,,,,,,.PpG_JuWuYTz,,,
2844,Line,,2,,,1298,1300,None,Equilateral Arrow,,,,,,,,,,,,,,,,,,,,,,,,,,,,,,,,,,,,,,,,,,,,,,,,,,,,,,,,,,,,,,,,,,,,,,,,,,,,,,,,,,,,,,,,,,,,,,,,,,,4UpGz0EgJ3h8,,,
2845,Line,,2,,,1300,1331,None,Equilateral Arrow,,,,,,,,,,,,,,,,,,,,,,,,,,,,,,,,,,,,,,,,,,,,,,,,,,,,,,,,,,,,,,,,,,,,,,,,,,,,,,,,,,,,,,,,,,,,,,,,,,,fVpGdHh_Irda,,,
2846,Line,,2,,,1301,1227,None,Equilateral Arrow,,,,,,,,,,,,,,,,,,,,,,,,,,,,,,,,,,,,,,,,,,,,,,,,,,,,,,,,,,,,,,,,,,,,,,,,,,,,,,,,,,,,,,,,,,,,,,,,,,,5WpGk.UOE-XQ,,,
2847,Line,,2,,,1230,1286,None,Equilateral Arrow,,,,,,,,,,,,,,,,,,,,,,,,,,,,,,,,,,,,,,,,,,,,,,,,,,,,,,,,,,,,,,,,,,,,,,,,,,,,,,,,,,,,,,,,,,,,,,,,,,,L~pGDFAR3cKC,,,
2848,Line,,2,,,1227,1305,None,Equilateral Arrow,,,,,,,,,,,,,,,,,,,,,,,,,,,,,,,,,,,,,,,,,,,,,,,,,,,,,,,,,,,,,,,,,,,,,,,,,,,,,,,,,,,,,,,,,,,,,,,,,,,B3qGR80GgQte,,,
2849,Line,,2,,,1288,1290,None,Equilateral Arrow,,,,,,,,,,,,,,,,,,,,,,,,,,,,,,,,,,,,,,,,,,,,,,,,,,,,,,,,,,,,,,,,,,,,,,,,,,,,,,,,,,,,,,,,,,,,,,,,,,,5erG3jLl6aw9,,,
2850,Line,,2,,,1292,1302,None,Equilateral Arrow,,,,,,,,,,,,,,,,,,,,,,,,,,,,,,,,,,,,,,,,,,,,,,,,,,,,,,,,,,,,,,,,,,,,,,,,,,,,,,,,,,,,,,,,,,,,,,,,,,,vlrGbRHFQiWz,,,
2851,Line,,2,,,1295,1297,None,Equilateral Arrow,,,,,,,,,,,,,,,,,,,,,,,,,,,,,,,,,,,,,,,,,,,,,,,,,,,,,,,,,,,,,,,,,,,,,,,,,,,,,,,,,,,,,,,,,,,,,,,,,,,BprGFd5uL-P4,,,
2852,Line,,2,,,1263,1309,None,Equilateral Arrow,,,,,,,,,,,,,,,,,,,,,,,,,,,,,,,,,,,,,,,,,,,,,,,,,,,,,,,,,,,,,,,,,,,,,,,,,,,,,,,,,,,,,,,,,,,,,,,,,,,oDrGKjq0szpK,,,
2853,Line,,2,,,1270,1310,None,Equilateral Arrow,,,,,,,,,,,,,,,,,,,,,,,,,,,,,,,,,,,,,,,,,,,,,,,,,,,,,,,,,,,,,,,,,,,,,,,,,,,,,,,,,,,,,,,,,,,,,,,,,,,​-JrGcj9ZPzlS,,,
2854,Line,,2,,,1262,1264,None,Equilateral Arrow,,,,,,,,,,,,,,,,,,,,,,,,,,,,,,,,,,,,,,,,,,,,,,,,,,,,,,,,,,,,,,,,,,,,,,,,,,,,,,,,,,,,,,,,,,,,,,,,,,,h8rGhLqvVlAG,,,
2855,Line,,2,,,1308,1313,None,Equilateral Arrow,,,,,,,,,,,,,,,,,,,,,,,,,,,,,,,,,,,,,,,,,,,,,,,,,,,,,,,,,,,,,,,,,,,,,,,,,,,,,,,,,,,,,,,,,,,,,,,,,,,J7EG7lYQ92nZ,,,
2856,Line,,2,,,1308,1315,None,Equilateral Arrow,,,,,,,,,,,,,,,,,,,,,,,,,,,,,,,,,,,,,,,,,,,,,,,,,,,,,,,,,,,,,,,,,,,,,,,,,,,,,,,,,,,,,,,,,,,,,,,,,,,N7EG.l_Lr6AL,,,
2857,Line,,2,,,1311,1312,None,Equilateral Arrow,,,,,,,,,,,,,,,,,,,,,,,,,,,,,,,,,,,,,,,,,,,,,,,,,,,,,,,,,,,,,,,,,,,,,,,,,,,,,,,,,,,,,,,,,,,,,,,,,,,I9EGVMgwo4OK,,,
2858,Line,,2,,,1312,1240,None,Equilateral Arrow,,,,,,,,,,,,,,,,,,,,,,,,,,,,,,,,,,,,,,,,,,,,,,,,,,,,,,,,,,,,,,,,,,,,,,,,,,,,,,,,,,,,,,,,,,,,,,,,,,,J9EG7YDzw6uT,,,
2859,Line,,2,,,1413,1318,None,Equilateral Arrow,,,,,,,,,,,,,,,,,,,,,,,,,,,,,,,,,,,,,,,,,,,,,,,,,,,,,,,,,,,,,,,,,,,,,,,,,,,,,,,,,,,,,,,,,,,,,,,,,,,TmdIf4q5PXzL,,,
2860,Line,,2,,,1313,1413,None,Equilateral Arrow,,,,,,,,,,,,,,,,,,,,,,,,,,,,,,,,,,,,,,,,,,,,,,,,,,,,,,,,,,,,,,,,,,,,,,,,,,,,,,,,,,,,,,,,,,,,,,,,,,,spFGgo1VslZv,,,
2861,Line,,2,,,1318,1234,None,Equilateral Arrow,,,,,,,,,,,,,,,,,,,,,,,,,,,,,,,,,,,,,,,,,,,,,,,,,,,,,,,,,,,,,,,,,,,,,,,,,,,,,,,,,,,,,,,,,,,,,,,,,,,2pFGU10iWZgP,,,
2862,Line,,2,,,1316,1317,None,Equilateral Arrow,,,,,,,,,,,,,,,,,,,,,,,,,,,,,,,,,,,,,,,,,,,,,,,,,,,,,,,,,,,,,,,,,,,,,,,,,,,,,,,,,,,,,,,,,,,,,,,,,,,VAGGgKM-LnP~,,,
2863,Line,,2,,,1235,1320,None,Equilateral Arrow,,,,,,,,,,,,,,,,,,,,,,,,,,,,,,,,,,,,,,,,,,,,,,,,,,,,,,,,,,,,,,,,,,,,,,,,,,,,,,,,,,,,,,,,,,,,,,,,,,,CDGGOqxnYaMc,,,
2864,Line,,2,,,1318,1316,None,Equilateral Arrow,,,,,,,,,,,,,,,,,,,,,,,,,,,,,,,,,,,,,,,,,,,,,,,,,,,,,,,,,,,,,,,,,,,,,,,,,,,,,,,,,,,,,,,,,,,,,,,,,,,CHGGbODLwx_X,,,
2865,Line,,2,,,1319,1328,None,Equilateral Arrow,,Yes,,,,,,,,,,,,,,,,,,,,,,,,,,,,,,,,,,,,,,,,,,,,,,,,,,,,,,,,,,,,,,,,,,,,,,,,,,,,,,,,,,,,,,,,,,,,,,,,,A7GGUcGlgRim,,,
2866,Line,,2,,,1319,1317,None,Equilateral Arrow,,No,,,,,,,,,,,,,,,,,,,,,,,,,,,,,,,,,,,,,,,,,,,,,,,,,,,,,,,,,,,,,,,,,,,,,,,,,,,,,,,,,,,,,,,,,,,,,,,,,M7GG8rQmuqxS,,,
2867,Line,,2,,,1233,1321,None,Equilateral Arrow,,,,,,,,,,,,,,,,,,,,,,,,,,,,,,,,,,,,,,,,,,,,,,,,,,,,,,,,,,,,,,,,,,,,,,,,,,,,,,,,,,,,,,,,,,,,,,,,,,,X_GGXFU~63wk,,,
2868,Line,,2,,,1321,1322,None,Equilateral Arrow,,,,,,,,,,,,,,,,,,,,,,,,,,,,,,,,,,,,,,,,,,,,,,,,,,,,,,,,,,,,,,,,,,,,,,,,,,,,,,,,,,,,,,,,,,,,,,,,,,,H~GGX9nRk9dn,,,
2869,Line,,2,,,1322,1323,None,Equilateral Arrow,,,,,,,,,,,,,,,,,,,,,,,,,,,,,,,,,,,,,,,,,,,,,,,,,,,,,,,,,,,,,,,,,,,,,,,,,,,,,,,,,,,,,,,,,,,,,,,,,,,LbHG-Pd3MDKd,,,
2870,Line,,2,,,1322,1314,None,Equilateral Arrow,,,,,,,,,,,,,,,,,,,,,,,,,,,,,,,,,,,,,,,,,,,,,,,,,,,,,,,,,,,,,,,,,,,,,,,,,,,,,,,,,,,,,,,,,,,,,,,,,,,DeHGc5znnnq6,,,
2871,Line,,2,,,1236,1322,None,Equilateral Arrow,,No,,,,,,,,,,,,,,,,,,,,,,,,,,,,,,,,,,,,,,,,,,,,,,,,,,,,,,,,,,,,,,,,,,,,,,,,,,,,,,,,,,,,,,,,,,,,,,,,,PmHGzqO7INXH,,,
2872,Line,,2,,,1314,1324,None,Equilateral Arrow,,,,,,,,,,,,,,,,,,,,,,,,,,,,,,,,,,,,,,,,,,,,,,,,,,,,,,,,,,,,,,,,,,,,,,,,,,,,,,,,,,,,,,,,,,,,,,,,,,,_iHGgQIx36VB,,,
2873,Line,,2,,,1234,1326,None,Equilateral Arrow,,,,,,,,,,,,,,,,,,,,,,,,,,,,,,,,,,,,,,,,,,,,,,,,,,,,,,,,,,,,,,,,,,,,,,,,,,,,,,,,,,,,,,,,,,,,,,,,,,,1uHGuj4CFU29,,,
2874,Line,,2,,,1326,1327,None,Equilateral Arrow,,,,,,,,,,,,,,,,,,,,,,,,,,,,,,,,,,,,,,,,,,,,,,,,,,,,,,,,,,,,,,,,,,,,,,,,,,,,,,,,,,,,,,,,,,,,,,,,,,,9xHGbPI0A2E1,,,
2875,Line,,2,,,1328,1311,None,Equilateral Arrow,,,,,,,,,,,,,,,,,,,,,,,,,,,,,,,,,,,,,,,,,,,,,,,,,,,,,,,,,,,,,,,,,,,,,,,,,,,,,,,,,,,,,,,,,,,,,,,,,,,RDHGTgoh0MsL,,,
2876,Line,,2,,,1311,1417,None,Equilateral Arrow,,,,,,,,,,,,,,,,,,,,,,,,,,,,,,,,,,,,,,,,,,,,,,,,,,,,,,,,,,,,,,,,,,,,,,,,,,,,,,,,,,,,,,,,,,,,,,,,,,,SFHG5P4cQbjo,,,
2877,Line,,2,,,1312,1418,None,Equilateral Arrow,,,,,,,,,,,,,,,,,,,,,,,,,,,,,,,,,,,,,,,,,,,,,,,,,,,,,,,,,,,,,,,,,,,,,,,,,,,,,,,,,,,,,,,,,,,,,,,,,,,qVHGs3hZGy41,,,
2878,Line,,2,,,1297,1298,None,Equilateral Arrow,,,,,,,,,,,,,,,,,,,,,,,,,,,,,,,,,,,,,,,,,,,,,,,,,,,,,,,,,,,,,,,,,,,,,,,,,,,,,,,,,,,,,,,,,,,,,,,,,,,frLGWoEM-IlD,,,
2879,Line,,2,,,1293,1303,None,Equilateral Arrow,,,,,,,,,,,,,,,,,,,,,,,,,,,,,,,,,,,,,,,,,,,,,,,,,,,,,,,,,,,,,,,,,,,,,,,,,,,,,,,,,,,,,,,,,,,,,,,,,,,0rLG6Yad9Yrv,,,
2880,Line,,2,,,1302,1296,None,Equilateral Arrow,,Yes,,,,,,,,,,,,,,,,,,,,,,,,,,,,,,,,,,,,,,,,,,,,,,,,,,,,,,,,,,,,,,,,,,,,,,,,,,,,,,,,,,,,,,,,,,,,,,,,,tsLGC.67ygxY,,,
2881,Line,,2,,,1302,1294,None,Equilateral Arrow,,No,,,,,,,,,,,,,,,,,,,,,,,,,,,,,,,,,,,,,,,,,,,,,,,,,,,,,,,,,,,,,,,,,,,,,,,,,,,,,,,,,,,,,,,,,,,,,,,,,JsLGPe0XJQBz,,,
2882,Line,,2,,,1258,1332,None,Equilateral Arrow,,,,,,,,,,,,,,,,,,,,,,,,,,,,,,,,,,,,,,,,,,,,,,,,,,,,,,,,,,,,,,,,,,,,,,,,,,,,,,,,,,,,,,,,,,,,,,,,,,,lFLGDDMLNxyD,,,
2883,Line,,2,,,1332,1333,None,Equilateral Arrow,,,,,,,,,,,,,,,,,,,,,,,,,,,,,,,,,,,,,,,,,,,,,,,,,,,,,,,,,,,,,,,,,,,,,,,,,,,,,,,,,,,,,,,,,,,,,,,,,,,CFLGLxH2nBkb,,,
2884,Line,,2,,,1333,1259,None,Equilateral Arrow,,,,,,,,,,,,,,,,,,,,,,,,,,,,,,,,,,,,,,,,,,,,,,,,,,,,,,,,,,,,,,,,,,,,,,,,,,,,,,,,,,,,,,,,,,,,,,,,,,,XFLG7WhjKNgm,,,
2885,Line,,2,,,1253,1536,None,Equilateral Arrow,,,,,,,,,,,,,,,,,,,,,,,,,,,,,,,,,,,,,,,,,,,,,,,,,,,,,,,,,,,,,,,,,,,,,,,,,,,,,,,,,,,,,,,,,,,,,,,,,,,1GLGucP2YQcp,,,
2886,Line,,2,,,1274,1275,None,Equilateral Arrow,,,,,,,,,,,,,,,,,,,,,,,,,,,,,,,,,,,,,,,,,,,,,,,,,,,,,,,,,,,,,,,,,,,,,,,,,,,,,,,,,,,,,,,,,,,,,,,,,,,N.LGW53AglGb,,,
2887,Line,,2,,,1274,1337,None,Equilateral Arrow,,,,,,,,,,,,,,,,,,,,,,,,,,,,,,,,,,,,,,,,,,,,,,,,,,,,,,,,,,,,,,,,,,,,,,,,,,,,,,,,,,,,,,,,,,,,,,,,,,,ybMGZl7XFrAx,,,
2888,Line,,2,,,1242,1243,None,Equilateral Arrow,,No,,,,,,,,,,,,,,,,,,,,,,,,,,,,,,,,,,,,,,,,,,,,,,,,,,,,,,,,,,,,,,,,,,,,,,,,,,,,,,,,,,,,,,,,,,,,,,,,,NlMG_TYTISYY,,,
2889,Line,,2,,,1242,1330,None,Equilateral Arrow,,YES,,,,,,,,,,,,,,,,,,,,,,,,,,,,,,,,,,,,,,,,,,,,,,,,,,,,,,,,,,,,,,,,,,,,,,,,,,,,,,,,,,,,,,,,,,,,,,,,,UmMG2h.Uy--E,,,
2890,Line,,2,,,1330,1339,None,Equilateral Arrow,,,,,,,,,,,,,,,,,,,,,,,,,,,,,,,,,,,,,,,,,,,,,,,,,,,,,,,,,,,,,,,,,,,,,,,,,,,,,,,,,,,,,,,,,,,,,,,,,,,lpMGp5m3buVL,,,
2891,Line,,2,,,1238,1340,None,Equilateral Arrow,,,,,,,,,,,,,,,,,,,,,,,,,,,,,,,,,,,,,,,,,,,,,,,,,,,,,,,,,,,,,,,,,,,,,,,,,,,,,,,,,,,,,,,,,,,,,,,,,,,YiZGx8hNHYG.,,,
2892,Line,,2,,,1326,1341,None,Equilateral Arrow,,,,,,,,,,,,,,,,,,,,,,,,,,,,,,,,,,,,,,,,,,,,,,,,,,,,,,,,,,,,,,,,,,,,,,,,,,,,,,,,,,,,,,,,,,,,,,,,,,,qwZGBjpCTBE_,,,
2893,Line,,2,,,1341,1342,None,Equilateral Arrow,,,,,,,,,,,,,,,,,,,,,,,,,,,,,,,,,,,,,,,,,,,,,,,,,,,,,,,,,,,,,,,,,,,,,,,,,,,,,,,,,,,,,,,,,,,,,,,,,,,fyZGUTaT8lNY,,,
2894,Line,,2,,,1341,1247,None,Equilateral Arrow,,,,,,,,,,,,,,,,,,,,,,,,,,,,,,,,,,,,,,,,,,,,,,,,,,,,,,,,,,,,,,,,,,,,,,,,,,,,,,,,,,,,,,,,,,,,,,,,,,,eAZGNIdywenB,,,
2895,Line,,2,,,1248,1239,None,Equilateral Arrow,,,,,,,,,,,,,,,,,,,,,,,,,,,,,,,,,,,,,,,,,,,,,,,,,,,,,,,,,,,,,,,,,,,,,,,,,,,,,,,,,,,,,,,,,,,,,,,,,,,9CZGc9n~dl5L,,,
2896,Line,,2,,,1239,1328,None,Equilateral Arrow,,,,,,,,,,,,,,,,,,,,,,,,,,,,,,,,,,,,,,,,,,,,,,,,,,,,,,,,,,,,,,,,,,,,,,,,,,,,,,,,,,,,,,,,,,,,,,,,,,,pEZGeew9NsNG,,,
2897,Line,,2,,,1238,1328,None,Equilateral Arrow,,,,,,,,,,,,,,,,,,,,,,,,,,,,,,,,,,,,,,,,,,,,,,,,,,,,,,,,,,,,,,,,,,,,,,,,,,,,,,,,,,,,,,,,,,,,,,,,,,,vEZGrzDhc-yh,,,
2898,Line,,2,,,1279,1343,None,Equilateral Arrow,,,,,,,,,,,,,,,,,,,,,,,,,,,,,,,,,,,,,,,,,,,,,,,,,,,,,,,,,,,,,,,,,,,,,,,,,,,,,,,,,,,,,,,,,,,,,,,,,,,e.2Gjn_rqfRC,,,
2899,Line,,2,,,1281,1345,None,Equilateral Arrow,,,,,,,,,,,,,,,,,,,,,,,,,,,,,,,,,,,,,,,,,,,,,,,,,,,,,,,,,,,,,,,,,,,,,,,,,,,,,,,,,,,,,,,,,,,,,,,,,,,Yi3GRuNaenu2,,,
2900,Line,,2,,,1282,1364,None,Equilateral Arrow,,,,,,,,,,,,,,,,,,,,,,,,,,,,,,,,,,,,,,,,,,,,,,,,,,,,,,,,,,,,,,,,,,,,,,,,,,,,,,,,,,,,,,,,,,,,,,,,,,,xk3GOYq6mBE~,,,
2901,Line,,2,,,1343,1344,None,Equilateral Arrow,,YES,,,,,,,,,,,,,,,,,,,,,,,,,,,,,,,,,,,,,,,,,,,,,,,,,,,,,,,,,,,,,,,,,,,,,,,,,,,,,,,,,,,,,,,,,,,,,,,,,Dw3Gw-g7Dg6T,,,
2902,Line,,2,,,1344,1346,None,Equilateral Arrow,,,,,,,,,,,,,,,,,,,,,,,,,,,,,,,,,,,,,,,,,,,,,,,,,,,,,,,,,,,,,,,,,,,,,,,,,,,,,,,,,,,,,,,,,,,,,,,,,,,pI3G09ZnYRp~,,,
2903,Line,,2,,,1344,1280,None,Equilateral Arrow,,,,,,,,,,,,,,,,,,,,,,,,,,,,,,,,,,,,,,,,,,,,,,,,,,,,,,,,,,,,,,,,,,,,,,,,,,,,,,,,,,,,,,,,,,,,,,,,,,,dK3GxtyEA3Au,,,
2904,Line,,2,,,1347,1348,None,Equilateral Arrow,,,,,,,,,,,,,,,,,,,,,,,,,,,,,,,,,,,,,,,,,,,,,,,,,,,,,,,,,,,,,,,,,,,,,,,,,,,,,,,,,,,,,,,,,,,,,,,,,,,g13GYMOxWGG0,,,
2905,Line,,2,,,1281,1349,None,Equilateral Arrow,,,,,,,,,,,,,,,,,,,,,,,,,,,,,,,,,,,,,,,,,,,,,,,,,,,,,,,,,,,,,,,,,,,,,,,,,,,,,,,,,,,,,,,,,,,,,,,,,,,633GRrr~7S1i,,,
2906,Line,,2,,,1349,1283,None,Equilateral Arrow,,YES,,,,,,,,,,,,,,,,,,,,,,,,,,,,,,,,,,,,,,,,,,,,,,,,,,,,,,,,,,,,,,,,,,,,,,,,,,,,,,,,,,,,,,,,,,,,,,,,,x43GCOoRG4DE,,,
2907,Line,,2,,,1349,1350,None,Equilateral Arrow,,NO,,,,,,,,,,,,,,,,,,,,,,,,,,,,,,,,,,,,,,,,,,,,,,,,,,,,,,,,,,,,,,,,,,,,,,,,,,,,,,,,,,,,,,,,,,,,,,,,,J43G.x~40NfN,,,
2908,Line,,2,,,1350,1351,None,Equilateral Arrow,,,,,,,,,,,,,,,,,,,,,,,,,,,,,,,,,,,,,,,,,,,,,,,,,,,,,,,,,,,,,,,,,,,,,,,,,,,,,,,,,,,,,,,,,,,,,,,,,,,943GtQ1~Wp~U,,,
2909,Line,,2,,,1351,1352,None,Equilateral Arrow,,,,,,,,,,,,,,,,,,,,,,,,,,,,,,,,,,,,,,,,,,,,,,,,,,,,,,,,,,,,,,,,,,,,,,,,,,,,,,,,,,,,,,,,,,,,,,,,,,,p83GpB-3A9px,,,
2910,Line,,2,,,1343,1412,None,Equilateral Arrow,,No,,,,,,,,,,,,,,,,,,,,,,,,,,,,,,,,,,,,,,,,,,,,,,,,,,,,,,,,,,,,,,,,,,,,,,,,,,,,,,,,,,,,,,,,,,,,,,,,,g~3Gj_Cce.x-,,,
2911,Line,,2,,,1405,1354,None,Equilateral Arrow,,YES,,,,,,,,,,,,,,,,,,,,,,,,,,,,,,,,,,,,,,,,,,,,,,,,,,,,,,,,,,,,,,,,,,,,,,,,,,,,,,,,,,,,,,,,,,,,,,,,,HDzH21mw50Rd,,,
2912,Line,,2,,,1354,1353,None,Equilateral Arrow,,,,,,,,,,,,,,,,,,,,,,,,,,,,,,,,,,,,,,,,,,,,,,,,,,,,,,,,,,,,,,,,,,,,,,,,,,,,,,,,,,,,,,,,,,,,,,,,,,,HDzHTZAvEGLv,,,
2913,Line,,2,,,1405,1357,None,Equilateral Arrow,,NO,,,,,,,,,,,,,,,,,,,,,,,,,,,,,,,,,,,,,,,,,,,,,,,,,,,,,,,,,,,,,,,,,,,,,,,,,,,,,,,,,,,,,,,,,,,,,,,,,q1zH~.MG_eaA,,,
2914,Line,,2,,,1355,1356,None,Equilateral Arrow,,,,,,,,,,,,,,,,,,,,,,,,,,,,,,,,,,,,,,,,,,,,,,,,,,,,,,,,,,,,,,,,,,,,,,,,,,,,,,,,,,,,,,,,,,,,,,,,,,,vPzHCKdOvynB,,,
2915,Line,,2,,,1355,1404,None,Equilateral Arrow,,,,,,,,,,,,,,,,,,,,,,,,,,,,,,,,,,,,,,,,,,,,,,,,,,,,,,,,,,,,,,,,,,,,,,,,,,,,,,,,,,,,,,,,,,,,,,,,,,,cSzHSPBaxZXg,,,
2916,Line,,2,,,1359,1354,None,Equilateral Arrow,,,,,,,,,,,,,,,,,,,,,,,,,,,,,,,,,,,,,,,,,,,,,,,,,,,,,,,,,,,,,,,,,,,,,,,,,,,,,,,,,,,,,,,,,,,,,,,,,,,z3zHGQunFK2.,,,
2917,Line,,2,,,1357,1358,None,Equilateral Arrow,,,,,,,,,,,,,,,,,,,,,,,,,,,,,,,,,,,,,,,,,,,,,,,,,,,,,,,,,,,,,,,,,,,,,,,,,,,,,,,,,,,,,,,,,,,,,,,,,,,T1zHot74RBgG,,,
2918,Line,,2,,,1358,1359,None,Equilateral Arrow,,,,,,,,,,,,,,,,,,,,,,,,,,,,,,,,,,,,,,,,,,,,,,,,,,,,,,,,,,,,,,,,,,,,,,,,,,,,,,,,,,,,,,,,,,,,,,,,,,,t2zHBKInx6jV,,,
2919,Line,,2,,,1343,1360,None,Equilateral Arrow,,,,,,,,,,,,,,,,,,,,,,,,,,,,,,,,,,,,,,,,,,,,,,,,,,,,,,,,,,,,,,,,,,,,,,,,,,,,,,,,,,,,,,,,,,,,,,,,,,,9nEHulF5sMgj,,,
2920,Line,,2,,,1282,1355,None,Equilateral Arrow,,,,,,,,,,,,,,,,,,,,,,,,,,,,,,,,,,,,,,,,,,,,,,,,,,,,,,,,,,,,,,,,,,,,,,,,,,,,,,,,,,,,,,,,,,,,,,,,,,,LOEHl0G1YGS9,,,
2921,Line,,2,,,1283,1350,None,Equilateral Arrow,,NO,,,,,,,,,,,,,,,,,,,,,,,,,,,,,,,,,,,,,,,,,,,,,,,,,,,,,,,,,,,,,,,,,,,,,,,,,,,,,,,,,,,,,,,,,,,,,,,,,baFHxwo_jv9B,,,
2922,Line,,2,,,1285,1361,None,Equilateral Arrow,,,,,,,,,,,,,,,,,,,,,,,,,,,,,,,,,,,,,,,,,,,,,,,,,,,,,,,,,,,,,,,,,,,,,,,,,,,,,,,,,,,,,,,,,,,,,,,,,,,2cFHahWGc~YA,,,
2923,Line,,2,,,1285,1362,None,Equilateral Arrow,,YES,,,,,,,,,,,,,,,,,,,,,,,,,,,,,,,,,,,,,,,,,,,,,,,,,,,,,,,,,,,,,,,,,,,,,,,,,,,,,,,,,,,,,,,,,,,,,,,,,SdFHkc4aW_Vl,,,
2924,Line,,2,,,1285,1350,None,Equilateral Arrow,,NO,,,,,,,,,,,,,,,,,,,,,,,,,,,,,,,,,,,,,,,,,,,,,,,,,,,,,,,,,,,,,,,,,,,,,,,,,,,,,,,,,,,,,,,,,,,,,,,,,_dFHE8M60pzG,,,
2925,Line,,2,,,1352,1349,None,Equilateral Arrow,,,,,,,,,,,,,,,,,,,,,,,,,,,,,,,,,,,,,,,,,,,,,,,,,,,,,,,,,,,,,,,,,,,,,,,,,,,,,,,,,,,,,,,,,,,,,,,,,,,dgFHOw8OF~vY,,,
2926,Line,,2,,,1280,1282,None,Equilateral Arrow,,,,,,,,,,,,,,,,,,,,,,,,,,,,,,,,,,,,,,,,,,,,,,,,,,,,,,,,,,,,,,,,,,,,,,,,,,,,,,,,,,,,,,,,,,,,,,,,,,,nsFHHFOQ1sDl,,,
2927,Line,,2,,,1280,1363,None,Equilateral Arrow,,,,,,,,,,,,,,,,,,,,,,,,,,,,,,,,,,,,,,,,,,,,,,,,,,,,,,,,,,,,,,,,,,,,,,,,,,,,,,,,,,,,,,,,,,,,,,,,,,,xZRH09PR.7y3,,,
2928,Line,,2,,,1280,1366,None,Equilateral Arrow,,,,,,,,,,,,,,,,,,,,,,,,,,,,,,,,,,,,,,,,,,,,,,,,,,,,,,,,,,,,,,,,,,,,,,,,,,,,,,,,,,,,,,,,,,,,,,,,,,,YZRHPU7sUu.v,,,
2929,Line,,2,,,1353,1407,None,Equilateral Arrow,,,,,,,,,,,,,,,,,,,,,,,,,,,,,,,,,,,,,,,,,,,,,,,,,,,,,,,,,,,,,,,,,,,,,,,,,,,,,,,,,,,,,,,,,,,,,,,,,,,a4UHv-f.0s._,,,
2930,Line,,2,,,1366,1365,None,Equilateral Arrow,,,,,,,,,,,,,,,,,,,,,,,,,,,,,,,,,,,,,,,,,,,,,,,,,,,,,,,,,,,,,,,,,,,,,,,,,,,,,,,,,,,,,,,,,,,,,,,,,,,uJVHFtgL.l0J,,,
2931,Line,,2,,,1365,1368,None,Equilateral Arrow,,,,,,,,,,,,,,,,,,,,,,,,,,,,,,,,,,,,,,,,,,,,,,,,,,,,,,,,,,,,,,,,,,,,,,,,,,,,,,,,,,,,,,,,,,,,,,,,,,,uJVHe3vm3~02,,,
2932,Line,,2,,,1365,1367,None,Equilateral Arrow,,,,,,,,,,,,,,,,,,,,,,,,,,,,,,,,,,,,,,,,,,,,,,,,,,,,,,,,,,,,,,,,,,,,,,,,,,,,,,,,,,,,,,,,,,,,,,,,,,,uJVH-kXf6bF6,,,
2933,Line,,2,,,1368,1369,None,Equilateral Arrow,,Yes,,,,,,,,,,,,,,,,,,,,,,,,,,,,,,,,,,,,,,,,,,,,,,,,,,,,,,,,,,,,,,,,,,,,,,,,,,,,,,,,,,,,,,,,,,,,,,,,,uJVHn35E0fjJ,,,
2934,Line,,2,,,1368,1370,None,Equilateral Arrow,,No,,,,,,,,,,,,,,,,,,,,,,,,,,,,,,,,,,,,,,,,,,,,,,,,,,,,,,,,,,,,,,,,,,,,,,,,,,,,,,,,,,,,,,,,,,,,,,,,,uJVHMwcW2W2S,,,
2935,Line,,2,,,1369,1371,None,Equilateral Arrow,,,,,,,,,,,,,,,,,,,,,,,,,,,,,,,,,,,,,,,,,,,,,,,,,,,,,,,,,,,,,,,,,,,,,,,,,,,,,,,,,,,,,,,,,,,,,,,,,,,uJVHgXn4iN5F,,,
2936,Line,,2,,,1371,1373,None,Equilateral Arrow,,,,,,,,,,,,,,,,,,,,,,,,,,,,,,,,,,,,,,,,,,,,,,,,,,,,,,,,,,,,,,,,,,,,,,,,,,,,,,,,,,,,,,,,,,,,,,,,,,,uJVHKrQVQ-.7,,,
2937,Line,,2,,,1371,1372,None,Equilateral Arrow,,,,,,,,,,,,,,,,,,,,,,,,,,,,,,,,,,,,,,,,,,,,,,,,,,,,,,,,,,,,,,,,,,,,,,,,,,,,,,,,,,,,,,,,,,,,,,,,,,,uJVHfvY~OCZH,,,
2938,Line,,2,,,1373,1392,None,Equilateral Arrow,,,,,,,,,,,,,,,,,,,,,,,,,,,,,,,,,,,,,,,,,,,,,,,,,,,,,,,,,,,,,,,,,,,,,,,,,,,,,,,,,,,,,,,,,,,,,,,,,,,uJVHzBXar_AJ,,,
2939,Line,,2,,,1370,1369,None,Equilateral Arrow,,,,,,,,,,,,,,,,,,,,,,,,,,,,,,,,,,,,,,,,,,,,,,,,,,,,,,,,,,,,,,,,,,,,,,,,,,,,,,,,,,,,,,,,,,,,,,,,,,,uJVHO.VXwi7E,,,
2940,Line,,2,,,1373,1390,None,Equilateral Arrow,,Yes,,,,,,,,,,,,,,,,,,,,,,,,,,,,,,,,,,,,,,,,,,,,,,,,,,,,,,,,,,,,,,,,,,,,,,,,,,,,,,,,,,,,,,,,,,,,,,,,,NJVHPvoLUMqB,,,
2941,Line,,2,,,1363,1374,None,Equilateral Arrow,,,,,,,,,,,,,,,,,,,,,,,,,,,,,,,,,,,,,,,,,,,,,,,,,,,,,,,,,,,,,,,,,,,,,,,,,,,,,,,,,,,,,,,,,,,,,,,,,,,7cXH1cjZS17P,,,
2942,Line,,2,,,1374,1375,None,Equilateral Arrow,,,,,,,,,,,,,,,,,,,,,,,,,,,,,,,,,,,,,,,,,,,,,,,,,,,,,,,,,,,,,,,,,,,,,,,,,,,,,,,,,,,,,,,,,,,,,,,,,,,LqXH8JVRN~vW,,,
2943,Line,,2,,,1375,1376,None,Equilateral Arrow,,YES,,,,,,,,,,,,,,,,,,,,,,,,,,,,,,,,,,,,,,,,,,,,,,,,,,,,,,,,,,,,,,,,,,,,,,,,,,,,,,,,,,,,,,,,,,,,,,,,,hsXH2sa9ING0,,,
2944,Line,,2,,,1375,1377,None,Equilateral Arrow,,NO,,,,,,,,,,,,,,,,,,,,,,,,,,,,,,,,,,,,,,,,,,,,,,,,,,,,,,,,,,,,,,,,,,,,,,,,,,,,,,,,,,,,,,,,,,,,,,,,,FsXHgHaJqupr,,,
2945,Line,,2,,,1363,1378,None,Equilateral Arrow,,,,,,,,,,,,,,,,,,,,,,,,,,,,,,,,,,,,,,,,,,,,,,,,,,,,,,,,,,,,,,,,,,,,,,,,,,,,,,,,,,,,,,,,,,,,,,,,,,,dtXHFvCy5yIR,,,
2946,Line,,2,,,1377,1379,None,Equilateral Arrow,,,,,,,,,,,,,,,,,,,,,,,,,,,,,,,,,,,,,,,,,,,,,,,,,,,,,,,,,,,,,,,,,,,,,,,,,,,,,,,,,,,,,,,,,,,,,,,,,,,szXHYlz345tW,,,
2947,Line,,2,,,1379,1376,None,Equilateral Arrow,,,,,,,,,,,,,,,,,,,,,,,,,,,,,,,,,,,,,,,,,,,,,,,,,,,,,,,,,,,,,,,,,,,,,,,,,,,,,,,,,,,,,,,,,,,,,,,,,,,ZzXHYtULpbCP,,,
2948,Line,,2,,,1380,1381,None,Equilateral Arrow,,Yes,,,,,,,,,,,,,,,,,,,,,,,,,,,,,,,,,,,,,,,,,,,,,,,,,,,,,,,,,,,,,,,,,,,,,,,,,,,,,,,,,,,,,,,,,,,,,,,,,ZQXHRFo~LRTy,,,
2949,Line,,2,,,1380,1382,None,Equilateral Arrow,,No,,,,,,,,,,,,,,,,,,,,,,,,,,,,,,,,,,,,,,,,,,,,,,,,,,,,,,,,,,,,,,,,,,,,,,,,,,,,,,,,,,,,,,,,,,,,,,,,,~QXHJxzj1NpL,,,
2950,Line,,2,,,1381,1383,None,Equilateral Arrow,,,,,,,,,,,,,,,,,,,,,,,,,,,,,,,,,,,,,,,,,,,,,,,,,,,,,,,,,,,,,,,,,,,,,,,,,,,,,,,,,,,,,,,,,,,,,,,,,,,8XXHfC5PH57e,,,
2951,Line,,2,,,1381,1384,None,Equilateral Arrow,,,,,,,,,,,,,,,,,,,,,,,,,,,,,,,,,,,,,,,,,,,,,,,,,,,,,,,,,,,,,,,,,,,,,,,,,,,,,,,,,,,,,,,,,,,,,,,,,,,4YXHTX8aJEeJ,,,
2952,Line,,2,,,1383,1385,None,Equilateral Arrow,,,,,,,,,,,,,,,,,,,,,,,,,,,,,,,,,,,,,,,,,,,,,,,,,,,,,,,,,,,,,,,,,,,,,,,,,,,,,,,,,,,,,,,,,,,,,,,,,,,M3XHuTk24lo~,,,
2953,Line,,2,,,1385,1386,None,Equilateral Arrow,,Yes,,,,,,,,,,,,,,,,,,,,,,,,,,,,,,,,,,,,,,,,,,,,,,,,,,,,,,,,,,,,,,,,,,,,,,,,,,,,,,,,,,,,,,,,,,,,,,,,,b6XHr-l.R2VG,,,
2954,Line,,2,,,1385,1387,None,Equilateral Arrow,,No,,,,,,,,,,,,,,,,,,,,,,,,,,,,,,,,,,,,,,,,,,,,,,,,,,,,,,,,,,,,,,,,,,,,,,,,,,,,,,,,,,,,,,,,,,,,,,,,,L6XHeBJuP5uE,,,
2955,Line,,2,,,1376,1388,None,Equilateral Arrow,,,,,,,,,,,,,,,,,,,,,,,,,,,,,,,,,,,,,,,,,,,,,,,,,,,,,,,,,,,,,,,,,,,,,,,,,,,,,,,,,,,,,,,,,,,,,,,,,,,kccId69urI-N,,,
2956,Line,,2,,,1388,1389,None,Equilateral Arrow,,Yes,,,,,,,,,,,,,,,,,,,,,,,,,,,,,,,,,,,,,,,,,,,,,,,,,,,,,,,,,,,,,,,,,,,,,,,,,,,,,,,,,,,,,,,,,,,,,,,,,BdcIsslDEFnR,,,
2957,Line,,2,,,1388,1377,None,Equilateral Arrow,,No,,,,,,,,,,,,,,,,,,,,,,,,,,,,,,,,,,,,,,,,,,,,,,,,,,,,,,,,,,,,,,,,,,,,,,,,,,,,,,,,,,,,,,,,,,,,,,,,,NdcIXNwlbArx,,,
2958,Line,,2,,,1390,1391,None,Equilateral Arrow,,,,,,,,,,,,,,,,,,,,,,,,,,,,,,,,,,,,,,,,,,,,,,,,,,,,,,,,,,,,,,,,,,,,,,,,,,,,,,,,,,,,,,,,,,,,,,,,,,,NrcI7yh1AShA,,,
2959,Line,,2,,,1373,1393,None,Equilateral Arrow,,No,,,,,,,,,,,,,,,,,,,,,,,,,,,,,,,,,,,,,,,,,,,,,,,,,,,,,,,,,,,,,,,,,,,,,,,,,,,,,,,,,,,,,,,,,,,,,,,,,1rcIsRg-4_EQ,,,
2960,Line,,2,,,1394,1390,None,Equilateral Arrow,,,,,,,,,,,,,,,,,,,,,,,,,,,,,,,,,,,,,,,,,,,,,,,,,,,,,,,,,,,,,,,,,,,,,,,,,,,,,,,,,,,,,,,,,,,,,,,,,,,sscIFayXZBfr,,,
2961,Line,,2,,,1393,1394,None,Equilateral Arrow,,,,,,,,,,,,,,,,,,,,,,,,,,,,,,,,,,,,,,,,,,,,,,,,,,,,,,,,,,,,,,,,,,,,,,,,,,,,,,,,,,,,,,,,,,,,,,,,,,,gtcI~ATwkfN7,,,
2962,Line,,2,,,1398,1398,None,Equilateral Arrow,,YES,,,,,,,,,,,,,,,,,,,,,,,,,,,,,,,,,,,,,,,,,,,,,,,,,,,,,,,,,,,,,,,,,,,,,,,,,,,,,,,,,,,,,,,,,,,,,,,,,GxcI3hoV.OH1,,,
2963,Line,,2,,,1398,1395,None,Equilateral Arrow,,NO,,,,,,,,,,,,,,,,,,,,,,,,,,,,,,,,,,,,,,,,,,,,,,,,,,,,,,,,,,,,,,,,,,,,,,,,,,,,,,,,,,,,,,,,,,,,,,,,,GxcIgzbvTWXs,,,
2964,Line,,2,,,1395,1396,None,Equilateral Arrow,,,,,,,,,,,,,,,,,,,,,,,,,,,,,,,,,,,,,,,,,,,,,,,,,,,,,,,,,,,,,,,,,,,,,,,,,,,,,,,,,,,,,,,,,,,,,,,,,,,GxcIBpGs6PcG,,,
2965,Line,,2,,,1396,1397,None,Equilateral Arrow,,,,,,,,,,,,,,,,,,,,,,,,,,,,,,,,,,,,,,,,,,,,,,,,,,,,,,,,,,,,,,,,,,,,,,,,,,,,,,,,,,,,,,,,,,,,,,,,,,,GxcIXoGsOJZX,,,
2966,Line,,2,,,1398,1399,None,Equilateral Arrow,,,,,,,,,,,,,,,,,,,,,,,,,,,,,,,,,,,,,,,,,,,,,,,,,,,,,,,,,,,,,,,,,,,,,,,,,,,,,,,,,,,,,,,,,,,,,,,,,,,GxcIqoZgphUq,,,
2967,Line,,2,,,1398,1400,None,Equilateral Arrow,,,,,,,,,,,,,,,,,,,,,,,,,,,,,,,,,,,,,,,,,,,,,,,,,,,,,,,,,,,,,,,,,,,,,,,,,,,,,,,,,,,,,,,,,,,,,,,,,,,GxcI6QqDhraL,,,
2968,Line,,2,,,1400,1401,None,Equilateral Arrow,,Yes,,,,,,,,,,,,,,,,,,,,,,,,,,,,,,,,,,,,,,,,,,,,,,,,,,,,,,,,,,,,,,,,,,,,,,,,,,,,,,,,,,,,,,,,,,,,,,,,,GxcIEcQOIyNW,,,
2969,Line,,2,,,1400,1402,None,Equilateral Arrow,,,,,,,,,,,,,,,,,,,,,,,,,,,,,,,,,,,,,,,,,,,,,,,,,,,,,,,,,,,,,,,,,,,,,,,,,,,,,,,,,,,,,,,,,,,,,,,,,,,GxcIjQ26~3Vw,,,
2970,Line,,2,,,1401,1403,None,Equilateral Arrow,,,,,,,,,,,,,,,,,,,,,,,,,,,,,,,,,,,,,,,,,,,,,,,,,,,,,,,,,,,,,,,,,,,,,,,,,,,,,,,,,,,,,,,,,,,,,,,,,,,GxcIkNPAFElH,,,
2971,Line,,2,,,1404,1405,None,Equilateral Arrow,,YES,,,,,,,,,,,,,,,,,,,,,,,,,,,,,,,,,,,,,,,,,,,,,,,,,,,,,,,,,,,,,,,,,,,,,,,,,,,,,,,,,,,,,,,,,,,,,,,,,FKcIsTjK15Vf,,,
2972,Line,,2,,,1404,1406,None,Equilateral Arrow,,No,,,,,,,,,,,,,,,,,,,,,,,,,,,,,,,,,,,,,,,,,,,,,,,,,,,,,,,,,,,,,,,,,,,,,,,,,,,,,,,,,,,,,,,,,,,,,,,,,VKcIaDpESm.O,,,
2973,Line,,2,,,1407,1408,None,Equilateral Arrow,,,,,,,,,,,,,,,,,,,,,,,,,,,,,,,,,,,,,,,,,,,,,,,,,,,,,,,,,,,,,,,,,,,,,,,,,,,,,,,,,,,,,,,,,,,,,,,,,,,HPcIZPplxkp.,,,
2974,Line,,2,,,1408,1409,None,Equilateral Arrow,,Yes,,,,,,,,,,,,,,,,,,,,,,,,,,,,,,,,,,,,,,,,,,,,,,,,,,,,,,,,,,,,,,,,,,,,,,,,,,,,,,,,,,,,,,,,,,,,,,,,,HPcIlOBS0DtG,,,
2975,Line,,2,,,1408,1411,None,Equilateral Arrow,,No,,,,,,,,,,,,,,,,,,,,,,,,,,,,,,,,,,,,,,,,,,,,,,,,,,,,,,,,,,,,,,,,,,,,,,,,,,,,,,,,,,,,,,,,,,,,,,,,,HPcIBQsPQspD,,,
2976,Line,,2,,,1411,1410,None,Equilateral Arrow,,,,,,,,,,,,,,,,,,,,,,,,,,,,,,,,,,,,,,,,,,,,,,,,,,,,,,,,,,,,,,,,,,,,,,,,,,,,,,,,,,,,,,,,,,,,,,,,,,,dUcI5y~Nnm18,,,
2977,Line,,2,,,1410,1407,None,Equilateral Arrow,,,,,,,,,,,,,,,,,,,,,,,,,,,,,,,,,,,,,,,,,,,,,,,,,,,,,,,,,,,,,,,,,,,,,,,,,,,,,,,,,,,,,,,,,,,,,,,,,,,uUcIRxCiHM3H,,,
2978,Line,,2,,,1235,1319,None,Equilateral Arrow,,,,,,,,,,,,,,,,,,,,,,,,,,,,,,,,,,,,,,,,,,,,,,,,,,,,,,,,,,,,,,,,,,,,,,,,,,,,,,,,,,,,,,,,,,,,,,,,,,,8oeI4s-VmeOS,,,
2979,Line,,2,,,1246,1311,None,Equilateral Arrow,,,,,,,,,,,,,,,,,,,,,,,,,,,,,,,,,,,,,,,,,,,,,,,,,,,,,,,,,,,,,,,,,,,,,,,,,,,,,,,,,,,,,,,,,,,,,,,,,,,YxeIFoooJ3Z8,,,
2980,Line,,2,,,1246,1419,None,Equilateral Arrow,,No,,,,,,,,,,,,,,,,,,,,,,,,,,,,,,,,,,,,,,,,,,,,,,,,,,,,,,,,,,,,,,,,,,,,,,,,,,,,,,,,,,,,,,,,,,,,,,,,,2zeIQcaEbq.s,,,
2981,Line,,2,,,1419,1339,None,Equilateral Arrow,,Yes,,,,,,,,,,,,,,,,,,,,,,,,,,,,,,,,,,,,,,,,,,,,,,,,,,,,,,,,,,,,,,,,,,,,,,,,,,,,,,,,,,,,,,,,,,,,,,,,,WReIXb5iWQiR,,,
2982,Line,,2,,,1419,1420,None,Equilateral Arrow,,No,,,,,,,,,,,,,,,,,,,,,,,,,,,,,,,,,,,,,,,,,,,,,,,,,,,,,,,,,,,,,,,,,,,,,,,,,,,,,,,,,,,,,,,,,,,,,,,,,_ReIg9.sAcOf,,,
2983,Line,,2,,,1421,1422,None,Equilateral Arrow,,,,,,,,,,,,,,,,,,,,,,,,,,,,,,,,,,,,,,,,,,,,,,,,,,,,,,,,,,,,,,,,,,,,,,,,,,,,,,,,,,,,,,,,,,,,,,,,,,,ehQIhAV5G1Su,,,
2984,Line,,2,,,1423,1421,None,Equilateral Arrow,,,,,,,,,,,,,,,,,,,,,,,,,,,,,,,,,,,,,,,,,,,,,,,,,,,,,,,,,,,,,,,,,,,,,,,,,,,,,,,,,,,,,,,,,,,,,,,,,,,ooQI-TadtqLY,,,
2985,Line,,2,,,1421,1424,None,Equilateral Arrow,,,,,,,,,,,,,,,,,,,,,,,,,,,,,,,,,,,,,,,,,,,,,,,,,,,,,,,,,,,,,,,,,,,,,,,,,,,,,,,,,,,,,,,,,,,,,,,,,,,5wQIpUPvD3tr,,,
2986,Line,,2,,,1424,1425,None,Equilateral Arrow,,,,,,,,,,,,,,,,,,,,,,,,,,,,,,,,,,,,,,,,,,,,,,,,,,,,,,,,,,,,,,,,,,,,,,,,,,,,,,,,,,,,,,,,,,,,,,,,,,,UBQI9Rph-7A_,,,
2987,Line,,2,,,1428,1429,None,Equilateral Arrow,,,,,,,,,,,,,,,,,,,,,,,,,,,,,,,,,,,,,,,,,,,,,,,,,,,,,,,,,,,,,,,,,,,,,,,,,,,,,,,,,,,,,,,,,,,,,,,,,,,sWYJxWWfsoao,,,
2988,Line,,2,,,1428,1430,None,Equilateral Arrow,,,,,,,,,,,,,,,,,,,,,,,,,,,,,,,,,,,,,,,,,,,,,,,,,,,,,,,,,,,,,,,,,,,,,,,,,,,,,,,,,,,,,,,,,,,,,,,,,,,UZYJNUzGh.RE,,,
2989,Line,,2,,,1428,1431,None,Equilateral Arrow,,,,,,,,,,,,,,,,,,,,,,,,,,,,,,,,,,,,,,,,,,,,,,,,,,,,,,,,,,,,,,,,,,,,,,,,,,,,,,,,,,,,,,,,,,,,,,,,,,,x1YJjRm6Cdya,,,
2990,Line,,2,,,1428,1432,None,Equilateral Arrow,,,,,,,,,,,,,,,,,,,,,,,,,,,,,,,,,,,,,,,,,,,,,,,,,,,,,,,,,,,,,,,,,,,,,,,,,,,,,,,,,,,,,,,,,,,,,,,,,,,z3YJioYK9Aij,,,
2991,Line,,2,,,1428,1433,None,Equilateral Arrow,,,,,,,,,,,,,,,,,,,,,,,,,,,,,,,,,,,,,,,,,,,,,,,,,,,,,,,,,,,,,,,,,,,,,,,,,,,,,,,,,,,,,,,,,,,,,,,,,,,93YJygkU.Ecj,,,
2992,Line,,2,,,1428,1434,None,Equilateral Arrow,,,,,,,,,,,,,,,,,,,,,,,,,,,,,,,,,,,,,,,,,,,,,,,,,,,,,,,,,,,,,,,,,,,,,,,,,,,,,,,,,,,,,,,,,,,,,,,,,,,D5YJyYMzMx6P,,,
2993,Line,,2,,,1429,1435,None,Equilateral Arrow,,,,,,,,,,,,,,,,,,,,,,,,,,,,,,,,,,,,,,,,,,,,,,,,,,,,,,,,,,,,,,,,,,,,,,,,,,,,,,,,,,,,,,,,,,,,,,,,,,,S6YJ2XMZv1GY,,,
2994,Line,,2,,,1430,1435,None,Equilateral Arrow,,,,,,,,,,,,,,,,,,,,,,,,,,,,,,,,,,,,,,,,,,,,,,,,,,,,,,,,,,,,,,,,,,,,,,,,,,,,,,,,,,,,,,,,,,,,,,,,,,,06YJ8sk_ElRB,,,
2995,Line,,2,,,1435,1436,None,Equilateral Arrow,,,,,,,,,,,,,,,,,,,,,,,,,,,,,,,,,,,,,,,,,,,,,,,,,,,,,,,,,,,,,,,,,,,,,,,,,,,,,,,,,,,,,,,,,,,,,,,,,,,OlZJ_mHLQRAt,,,
2996,Line,,2,,,1435,1437,None,Equilateral Arrow,,,,,,,,,,,,,,,,,,,,,,,,,,,,,,,,,,,,,,,,,,,,,,,,,,,,,,,,,,,,,,,,,,,,,,,,,,,,,,,,,,,,,,,,,,,,,,,,,,,FtZJMC.dpfk5,,,
2997,Line,,2,,,1437,1438,None,Equilateral Arrow,,,,,,,,,,,,,,,,,,,,,,,,,,,,,,,,,,,,,,,,,,,,,,,,,,,,,,,,,,,,,,,,,,,,,,,,,,,,,,,,,,,,,,,,,,,,,,,,,,,rwZJsWvSIQ4d,,,
2998,Line,,2,,,1438,1439,None,Equilateral Arrow,,Yes,,,,,,,,,,,,,,,,,,,,,,,,,,,,,,,,,,,,,,,,,,,,,,,,,,,,,,,,,,,,,,,,,,,,,,,,,,,,,,,,,,,,,,,,,,,,,,,,,SxZJelmYbnLj,,,
2999,Line,,2,,,1439,1443,None,Equilateral Arrow,,,,,,,,,,,,,,,,,,,,,,,,,,,,,,,,,,,,,,,,,,,,,,,,,,,,,,,,,,,,,,,,,,,,,,,,,,,,,,,,,,,,,,,,,,,,,,,,,,,61ZJuGqX0WTh,,,
3000,Line,,2,,,1431,1440,None,Equilateral Arrow,,,,,,,,,,,,,,,,,,,,,,,,,,,,,,,,,,,,,,,,,,,,,,,,,,,,,,,,,,,,,,,,,,,,,,,,,,,,,,,,,,,,,,,,,,,,,,,,,,,X6ZJK-BeGvGy,,,
3001,Line,,2,,,1432,1441,None,Equilateral Arrow,,,,,,,,,,,,,,,,,,,,,,,,,,,,,,,,,,,,,,,,,,,,,,,,,,,,,,,,,,,,,,,,,,,,,,,,,,,,,,,,,,,,,,,,,,,,,,,,,,,66ZJDIXp1im6,,,
3002,Line,,2,,,1434,1442,None,Equilateral Arrow,,,,,,,,,,,,,,,,,,,,,,,,,,,,,,,,,,,,,,,,,,,,,,,,,,,,,,,,,,,,,,,,,,,,,,,,,,,,,,,,,,,,,,,,,,,,,,,,,,,​-6ZJaaTltA.x,,,
3003,Line,,2,,,1433,1441,None,Equilateral Arrow,,,,,,,,,,,,,,,,,,,,,,,,,,,,,,,,,,,,,,,,,,,,,,,,,,,,,,,,,,,,,,,,,,,,,,,,,,,,,,,,,,,,,,,,,,,,,,,,,,,D7ZJzzTkb5jr,,,
3004,Line,,2,,,1441,1444,None,Equilateral Arrow,,,,,,,,,,,,,,,,,,,,,,,,,,,,,,,,,,,,,,,,,,,,,,,,,,,,,,,,,,,,,,,,,,,,,,,,,,,,,,,,,,,,,,,,,,,,,,,,,,,o.ZJDU2W4emE,,,
3005,Line,,2,,,1444,1445,None,Equilateral Arrow,,,,,,,,,,,,,,,,,,,,,,,,,,,,,,,,,,,,,,,,,,,,,,,,,,,,,,,,,,,,,,,,,,,,,,,,,,,,,,,,,,,,,,,,,,,,,,,,,,,e~ZJ442KNcJb,,,
3006,Line,,2,,,1445,1446,None,Equilateral Arrow,,IF Feasible,,,,,,,,,,,,,,,,,,,,,,,,,,,,,,,,,,,,,,,,,,,,,,,,,,,,,,,,,,,,,,,,,,,,,,,,,,,,,,,,,,,,,,,,,,,,,,,,,F~ZJ8U9ME2_T,,,
3007,Line,,2,,,1445,1447,None,Equilateral Arrow,,NOT,,,,,,,,,,,,,,,,,,,,,,,,,,,,,,,,,,,,,,,,,,,,,,,,,,,,,,,,,,,,,,,,,,,,,,,,,,,,,,,,,,,,,,,,,,,,,,,,,la0JIy80pv0p,,,
3008,Line,,2,,,1442,1448,None,Equilateral Arrow,,,,,,,,,,,,,,,,,,,,,,,,,,,,,,,,,,,,,,,,,,,,,,,,,,,,,,,,,,,,,,,,,,,,,,,,,,,,,,,,,,,,,,,,,,,,,,,,,,,Fd0JPR74TKsJ,,,
3009,Line,,2,,,1303,1449,None,Equilateral Arrow,,,,,,,,,,,,,,,,,,,,,,,,,,,,,,,,,,,,,,,,,,,,,,,,,,,,,,,,,,,,,,,,,,,,,,,,,,,,,,,,,,,,,,,,,,,,,,,,,,,tO0JVEIUA26y,,,
3010,Line,,2,,,1260,1450,None,Equilateral Arrow,,Option,,,,,,,,,,,,,,,,,,,,,,,,,,,,,,,,,,,,,,,,,,,,,,,,,,,,,,,,,,,,,,,,,,,,,,,,,,,,,,,,,,,,,,,,,,,,,,,,,kk1JU.1ns4F4,,,
3011,Line,,2,,,1278,1451,None,Equilateral Arrow,,,,,,,,,,,,,,,,,,,,,,,,,,,,,,,,,,,,,,,,,,,,,,,,,,,,,,,,,,,,,,,,,,,,,,,,,,,,,,,,,,,,,,,,,,,,,,,,,,,ro1JKBrD71Ck,,,
3012,Line,,2,,,1406,1453,None,Equilateral Arrow,,,,,,,,,,,,,,,,,,,,,,,,,,,,,,,,,,,,,,,,,,,,,,,,,,,,,,,,,,,,,,,,,,,,,,,,,,,,,,,,,,,,,,,,,,,,,,,,,,,Dy1Jzn0eVCPx,,,
3013,Line,,2,,,1374,1454,None,Equilateral Arrow,,,,,,,,,,,,,,,,,,,,,,,,,,,,,,,,,,,,,,,,,,,,,,,,,,,,,,,,,,,,,,,,,,,,,,,,,,,,,,,,,,,,,,,,,,,,,,,,,,,dB1J4wp237vI,,,
3014,Line,,2,,,1456,1457,None,Equilateral Arrow,,,,,,,,,,,,,,,,,,,,,,,,,,,,,,,,,,,,,,,,,,,,,,,,,,,,,,,,,,,,,,,,,,,,,,,,,,,,,,,,,,,,,,,,,,,,,,,,,,,lC2J3VNw.Z3-,,,
3015,Line,,2,,,1455,1456,None,Equilateral Arrow,,,,,,,,,,,,,,,,,,,,,,,,,,,,,,,,,,,,,,,,,,,,,,,,,,,,,,,,,,,,,,,,,,,,,,,,,,,,,,,,,,,,,,,,,,,,,,,,,,,4C2JELTcBd2G,,,
3016,Line,,2,,,1457,1458,None,Equilateral Arrow,,,,,,,,,,,,,,,,,,,,,,,,,,,,,,,,,,,,,,,,,,,,,,,,,,,,,,,,,,,,,,,,,,,,,,,,,,,,,,,,,,,,,,,,,,,,,,,,,,,vD2JEOp~M6A2,,,
3017,Line,,2,,,1457,1459,None,Equilateral Arrow,,,,,,,,,,,,,,,,,,,,,,,,,,,,,,,,,,,,,,,,,,,,,,,,,,,,,,,,,,,,,,,,,,,,,,,,,,,,,,,,,,,,,,,,,,,,,,,,,,,ZD2JLo.dDhE_,,,
3018,Line,,2,,,1127,1178,None,Equilateral Arrow,,,,,,,,,,,,,,,,,,,,,,,,,,,,,,,,,,,,,,,,,,,,,,,,,,,,,,,,,,,,,,,,,,,,,,,,,,,,,,,,,,,,,,,,,,,,,,,,,,,lP2JRMj9v3Tt,,,
3019,Line,,2,,,22,,None,Equilateral Arrow,,,,,,,,,,,,,,,,,,,,,,,,,,,,,,,,,,,,,,,,,,,,,,,,,,,,,,,,,,,,,,,,,,,,,,,,,,,,,,,,,,,,,,,,,,,,,,,,,,,ET2J1v8PKryL,,,
3020,Line,,2,,,1459,1460,None,Equilateral Arrow,,,,,,,,,,,,,,,,,,,,,,,,,,,,,,,,,,,,,,,,,,,,,,,,,,,,,,,,,,,,,,,,,,,,,,,,,,,,,,,,,,,,,,,,,,,,,,,,,,,d92J6hTpYi-L,,,
3021,Line,,2,,,1210,1461,None,Equilateral Arrow,,,,,,,,,,,,,,,,,,,,,,,,,,,,,,,,,,,,,,,,,,,,,,,,,,,,,,,,,,,,,,,,,,,,,,,,,,,,,,,,,,,,,,,,,,,,,,,,,,,xf4JmebAhvPd,,,
3022,Line,,2,,,1540,1462,None,Equilateral Arrow,,,,,,,,,,,,,,,,,,,,,,,,,,,,,,,,,,,,,,,,,,,,,,,,,,,,,,,,,,,,,,,,,,,,,,,,,,,,,,,,,,,,,,,,,,,,,,,,,,,4keKgoJr~hle,,,
3023,Line,,2,,,1540,1463,None,Equilateral Arrow,,,,,,,,,,,,,,,,,,,,,,,,,,,,,,,,,,,,,,,,,,,,,,,,,,,,,,,,,,,,,,,,,,,,,,,,,,,,,,,,,,,,,,,,,,,,,,,,,,,KleKCKPeWZSf,,,
3024,Line,,2,,,1540,1464,None,Equilateral Arrow,,,,,,,,,,,,,,,,,,,,,,,,,,,,,,,,,,,,,,,,,,,,,,,,,,,,,,,,,,,,,,,,,,,,,,,,,,,,,,,,,,,,,,,,,,,,,,,,,,,QleK-1hbWSLr,,,
3025,Line,,2,,,1463,1465,None,Equilateral Arrow,,,,,,,,,,,,,,,,,,,,,,,,,,,,,,,,,,,,,,,,,,,,,,,,,,,,,,,,,,,,,,,,,,,,,,,,,,,,,,,,,,,,,,,,,,,,,,,,,,,iAeK5NfrqQKu,,,
3026,Line,,2,,,1462,1532,None,Equilateral Arrow,,,,,,,,,,,,,,,,,,,,,,,,,,,,,,,,,,,,,,,,,,,,,,,,,,,,,,,,,,,,,,,,,,,,,,,,,,,,,,,,,,,,,,,,,,,,,,,,,,,W5eKeYlW6JQx,,,
3027,Line,,2,,,1463,1466,None,Equilateral Arrow,,,,,,,,,,,,,,,,,,,,,,,,,,,,,,,,,,,,,,,,,,,,,,,,,,,,,,,,,,,,,,,,,,,,,,,,,,,,,,,,,,,,,,,,,,,,,,,,,,,r6eK4uR4lzQi,,,
3028,Line,,2,,,1464,1533,None,Equilateral Arrow,,,,,,,,,,,,,,,,,,,,,,,,,,,,,,,,,,,,,,,,,,,,,,,,,,,,,,,,,,,,,,,,,,,,,,,,,,,,,,,,,,,,,,,,,,,,,,,,,,,N6eK0HjYGQ.Q,,,
3029,Line,,2,,,1466,1468,None,Equilateral Arrow,,,,,,,,,,,,,,,,,,,,,,,,,,,,,,,,,,,,,,,,,,,,,,,,,,,,,,,,,,,,,,,,,,,,,,,,,,,,,,,,,,,,,,,,,,,,,,,,,,,O2fKrHLDuMrR,,,
3030,Line,,2,,,1468,1469,None,Equilateral Arrow,,If visible,,,,,,,,,,,,,,,,,,,,,,,,,,,,,,,,,,,,,,,,,,,,,,,,,,,,,,,,,,,,,,,,,,,,,,,,,,,,,,,,,,,,,,,,,,,,,,,,,X3fK4Gm6b8b7,,,
3031,Line,,2,,,1468,1470,None,Equilateral Arrow,,If Not,,,,,,,,,,,,,,,,,,,,,,,,,,,,,,,,,,,,,,,,,,,,,,,,,,,,,,,,,,,,,,,,,,,,,,,,,,,,,,,,,,,,,,,,,,,,,,,,,D4fKsI3J-XvP,,,
3032,Line,,2,,,1533,1467,None,Equilateral Arrow,,,,,,,,,,,,,,,,,,,,,,,,,,,,,,,,,,,,,,,,,,,,,,,,,,,,,,,,,,,,,,,,,,,,,,,,,,,,,,,,,,,,,,,,,,,,,,,,,,,O5fKF6iEibtV,,,
3033,Line,,2,,,1467,1472,None,Equilateral Arrow,,If Visible,,,,,,,,,,,,,,,,,,,,,,,,,,,,,,,,,,,,,,,,,,,,,,,,,,,,,,,,,,,,,,,,,,,,,,,,,,,,,,,,,,,,,,,,,,,,,,,,,n6fKNzDWXmpU,,,
3034,Line,,2,,,1467,1471,None,Equilateral Arrow,,If Not,,,,,,,,,,,,,,,,,,,,,,,,,,,,,,,,,,,,,,,,,,,,,,,,,,,,,,,,,,,,,,,,,,,,,,,,,,,,,,,,,,,,,,,,,,,,,,,,,86fKT_waAI8c,,,
3035,Line,,2,,,1471,1533,None,Equilateral Arrow,,,,,,,,,,,,,,,,,,,,,,,,,,,,,,,,,,,,,,,,,,,,,,,,,,,,,,,,,,,,,,,,,,,,,,,,,,,,,,,,,,,,,,,,,,,,,,,,,,,r-fKTZy_FWiQ,,,
3036,Line,,2,,,1469,1472,None,Equilateral Arrow,,,,,,,,,,,,,,,,,,,,,,,,,,,,,,,,,,,,,,,,,,,,,,,,,,,,,,,,,,,,,,,,,,,,,,,,,,,,,,,,,,,,,,,,,,,,,,,,,,,cfgKpkKNhL3C,,,
3037,Line,,2,,,1472,1473,None,Equilateral Arrow,,,,,,,,,,,,,,,,,,,,,,,,,,,,,,,,,,,,,,,,,,,,,,,,,,,,,,,,,,,,,,,,,,,,,,,,,,,,,,,,,,,,,,,,,,,,,,,,,,,iogKlCY-ZmPY,,,
3038,Line,,2,,,1470,1466,None,Equilateral Arrow,,,,,,,,,,,,,,,,,,,,,,,,,,,,,,,,,,,,,,,,,,,,,,,,,,,,,,,,,,,,,,,,,,,,,,,,,,,,,,,,,,,,,,,,,,,,,,,,,,,DwgKTFtNdSE0,,,
3039,Line,,2,,,353,36,None,Equilateral Arrow,,,,,,,,,,,,,,,,,,,,,,,,,,,,,,,,,,,,,,,,,,,,,,,,,,,,,,,,,,,,,,,,,,,,,,,,,,,,,,,,,,,,,,,,,,,,,,,,,,,uHgK5h3_0Vs1,,,
3040,Line,,2,,,1424,1479,None,Equilateral Arrow,,,,,,,,,,,,,,,,,,,,,,,,,,,,,,,,,,,,,,,,,,,,,,,,,,,,,,,,,,,,,,,,,,,,,,,,,,,,,,,,,,,,,,,,,,,,,,,,,,,xjiKIE5KJn5D,,,
3041,Line,,2,,,1479,1480,None,Equilateral Arrow,,If feasible,,,,,,,,,,,,,,,,,,,,,,,,,,,,,,,,,,,,,,,,,,,,,,,,,,,,,,,,,,,,,,,,,,,,,,,,,,,,,,,,,,,,,,,,,,,,,,,,,TDiK0~l4vsr9,,,
3042,Line,,2,,,1479,1481,None,Equilateral Arrow,,If Not,,,,,,,,,,,,,,,,,,,,,,,,,,,,,,,,,,,,,,,,,,,,,,,,,,,,,,,,,,,,,,,,,,,,,,,,,,,,,,,,,,,,,,,,,,,,,,,,,2DiK_NPGqmr1,,,
3043,Line,,2,,,1481,1482,None,Equilateral Arrow,,,,,,,,,,,,,,,,,,,,,,,,,,,,,,,,,,,,,,,,,,,,,,,,,,,,,,,,,,,,,,,,,,,,,,,,,,,,,,,,,,,,,,,,,,,,,,,,,,,SEiKl3LHmqHA,,,
3044,Line,,2,,,1482,1483,None,Equilateral Arrow,,,,,,,,,,,,,,,,,,,,,,,,,,,,,,,,,,,,,,,,,,,,,,,,,,,,,,,,,,,,,,,,,,,,,,,,,,,,,,,,,,,,,,,,,,,,,,,,,,,wJiKv9kKykFs,,,
3045,Line,,2,,,1483,1480,None,Equilateral Arrow,,,,,,,,,,,,,,,,,,,,,,,,,,,,,,,,,,,,,,,,,,,,,,,,,,,,,,,,,,,,,,,,,,,,,,,,,,,,,,,,,,,,,,,,,,,,,,,,,,,KJiKFwNvBUlJ,,,
3046,Line,,2,,,1423,1484,None,Equilateral Arrow,,,,,,,,,,,,,,,,,,,,,,,,,,,,,,,,,,,,,,,,,,,,,,,,,,,,,,,,,,,,,,,,,,,,,,,,,,,,,,,,,,,,,,,,,,,,,,,,,,,gOiKdiPMRHZr,,,
3047,Line,,2,,,1484,1485,None,Equilateral Arrow,,,,,,,,,,,,,,,,,,,,,,,,,,,,,,,,,,,,,,,,,,,,,,,,,,,,,,,,,,,,,,,,,,,,,,,,,,,,,,,,,,,,,,,,,,,,,,,,,,,MQiK3wHL3qIZ,,,
3048,Line,,2,,,1486,1487,None,Equilateral Arrow,,,,,,,,,,,,,,,,,,,,,,,,,,,,,,,,,,,,,,,,,,,,,,,,,,,,,,,,,,,,,,,,,,,,,,,,,,,,,,,,,,,,,,,,,,,,,,,,,,,mRiKDq_NqjU3,,,
3049,Line,,2,,,1487,1480,None,Equilateral Arrow,,Yes,,,,,,,,,,,,,,,,,,,,,,,,,,,,,,,,,,,,,,,,,,,,,,,,,,,,,,,,,,,,,,,,,,,,,,,,,,,,,,,,,,,,,,,,,,,,,,,,,VRiK-D57p3an,,,
3050,Line,,2,,,1487,1488,None,Equilateral Arrow,,No,,,,,,,,,,,,,,,,,,,,,,,,,,,,,,,,,,,,,,,,,,,,,,,,,,,,,,,,,,,,,,,,,,,,,,,,,,,,,,,,,,,,,,,,,,,,,,,,,CSiK7lmOD.07,,,
3051,Line,,2,,,1488,1489,None,Equilateral Arrow,,,,,,,,,,,,,,,,,,,,,,,,,,,,,,,,,,,,,,,,,,,,,,,,,,,,,,,,,,,,,,,,,,,,,,,,,,,,,,,,,,,,,,,,,,,,,,,,,,,pTiKOaOXN5Qz,,,
3052,Line,,2,,,1489,1490,None,Equilateral Arrow,,,,,,,,,,,,,,,,,,,,,,,,,,,,,,,,,,,,,,,,,,,,,,,,,,,,,,,,,,,,,,,,,,,,,,,,,,,,,,,,,,,,,,,,,,,,,,,,,,,ETiK2pLKy4z9,,,
3053,Line,,2,,,1490,1487,None,Equilateral Arrow,,,,,,,,,,,,,,,,,,,,,,,,,,,,,,,,,,,,,,,,,,,,,,,,,,,,,,,,,,,,,,,,,,,,,,,,,,,,,,,,,,,,,,,,,,,,,,,,,,,WTiK.r.VuUJF,,,
3054,Line,,2,,,1480,1491,None,Equilateral Arrow,,,,,,,,,,,,,,,,,,,,,,,,,,,,,,,,,,,,,,,,,,,,,,,,,,,,,,,,,,,,,,,,,,,,,,,,,,,,,,,,,,,,,,,,,,,,,,,,,,,_TiKIOyda6BL,,,
3055,Line,,2,,,1486,1492,None,Equilateral Arrow,,,,,,,,,,,,,,,,,,,,,,,,,,,,,,,,,,,,,,,,,,,,,,,,,,,,,,,,,,,,,,,,,,,,,,,,,,,,,,,,,,,,,,,,,,,,,,,,,,,iYiKAK9LNyyg,,,
3056,Line,,2,,,1491,1493,None,Equilateral Arrow,,,,,,,,,,,,,,,,,,,,,,,,,,,,,,,,,,,,,,,,,,,,,,,,,,,,,,,,,,,,,,,,,,,,,,,,,,,,,,,,,,,,,,,,,,,,,,,,,,,Z0iKWnyiq-Rv,,,
3057,Line,,2,,,1491,1494,None,Equilateral Arrow,,,,,,,,,,,,,,,,,,,,,,,,,,,,,,,,,,,,,,,,,,,,,,,,,,,,,,,,,,,,,,,,,,,,,,,,,,,,,,,,,,,,,,,,,,,,,,,,,,,r1iKw~fxMg1G,,,
3058,Line,,2,,,1491,1495,None,Equilateral Arrow,,,,,,,,,,,,,,,,,,,,,,,,,,,,,,,,,,,,,,,,,,,,,,,,,,,,,,,,,,,,,,,,,,,,,,,,,,,,,,,,,,,,,,,,,,,,,,,,,,,G1iKbLquZtUY,,,
3059,Line,,2,,,1491,1496,None,Equilateral Arrow,,,,,,,,,,,,,,,,,,,,,,,,,,,,,,,,,,,,,,,,,,,,,,,,,,,,,,,,,,,,,,,,,,,,,,,,,,,,,,,,,,,,,,,,,,,,,,,,,,,s4iKdn5xVy4.,,,
3060,Line,,2,,,1493,1497,None,Equilateral Arrow,,,,,,,,,,,,,,,,,,,,,,,,,,,,,,,,,,,,,,,,,,,,,,,,,,,,,,,,,,,,,,,,,,,,,,,,,,,,,,,,,,,,,,,,,,,,,,,,,,,29iKYAVzeMPw,,,
3061,Line,,2,,,1563,1526,None,Equilateral Arrow,,,,,,,,,,,,,,,,,,,,,,,,,,,,,,,,,,,,,,,,,,,,,,,,,,,,,,,,,,,,,,,,,,,,,,,,,,,,,,,,,,,,,,,,,,,,,,,,,,,We0M.iSjRYX2,,,
3062,Line,,2,,,1494,1563,None,Equilateral Arrow,,,,,,,,,,,,,,,,,,,,,,,,,,,,,,,,,,,,,,,,,,,,,,,,,,,,,,,,,,,,,,,,,,,,,,,,,,,,,,,,,,,,,,,,,,,,,,,,,,,fbjKtf6guO8p,,,
3063,Line,,2,,,1498,1542,None,Equilateral Arrow,,,,,,,,,,,,,,,,,,,,,,,,,,,,,,,,,,,,,,,,,,,,,,,,,,,,,,,,,,,,,,,,,,,,,,,,,,,,,,,,,,,,,,,,,,,,,,,,,,,r3pKEDuZbL0D,,,
3064,Line,,2,,,1490,1491,None,Equilateral Arrow,,,,,,,,,,,,,,,,,,,,,,,,,,,,,,,,,,,,,,,,,,,,,,,,,,,,,,,,,,,,,,,,,,,,,,,,,,,,,,,,,,,,,,,,,,,,,,,,,,,t5pKrpa-~Qrj,,,
3065,Line,,2,,,1498,1499,None,Equilateral Arrow,,,,,,,,,,,,,,,,,,,,,,,,,,,,,,,,,,,,,,,,,,,,,,,,,,,,,,,,,,,,,,,,,,,,,,,,,,,,,,,,,,,,,,,,,,,,,,,,,,,p8pK-CBrV8hO,,,
3066,Line,,2,,,1499,1501,None,Equilateral Arrow,,YES,,,,,,,,,,,,,,,,,,,,,,,,,,,,,,,,,,,,,,,,,,,,,,,,,,,,,,,,,,,,,,,,,,,,,,,,,,,,,,,,,,,,,,,,,,,,,,,,,Q9pKXyOnukZt,,,
3067,Line,,2,,,1499,1500,None,Equilateral Arrow,,NO,,,,,,,,,,,,,,,,,,,,,,,,,,,,,,,,,,,,,,,,,,,,,,,,,,,,,,,,,,,,,,,,,,,,,,,,,,,,,,,,,,,,,,,,,,,,,,,,,19pKkyfJ~.rG,,,
3068,Line,,2,,,1501,1564,None,Equilateral Arrow,,,,,,,,,,,,,,,,,,,,,,,,,,,,,,,,,,,,,,,,,,,,,,,,,,,,,,,,,,,,,,,,,,,,,,,,,,,,,,,,,,,,,,,,,,,,,,,,,,,laqK-V9M70uL,,,
3069,Line,,2,,,1501,1514,None,Equilateral Arrow,,,,,,,,,,,,,,,,,,,,,,,,,,,,,,,,,,,,,,,,,,,,,,,,,,,,,,,,,,,,,,,,,,,,,,,,,,,,,,,,,,,,,,,,,,,,,,,,,,,zaqKX5Gwx2Fl,,,
3070,Line,,2,,,1503,1504,None,Equilateral Arrow,,,,,,,,,,,,,,,,,,,,,,,,,,,,,,,,,,,,,,,,,,,,,,,,,,,,,,,,,,,,,,,,,,,,,,,,,,,,,,,,,,,,,,,,,,,,,,,,,,,1eqKSABd6TE4,,,
3071,Line,,2,,,1504,1506,None,Equilateral Arrow,,Yes,,,,,,,,,,,,,,,,,,,,,,,,,,,,,,,,,,,,,,,,,,,,,,,,,,,,,,,,,,,,,,,,,,,,,,,,,,,,,,,,,,,,,,,,,,,,,,,,,kgqKJgqP_v8y,,,
3072,Line,,2,,,1504,1505,None,Equilateral Arrow,,No,,,,,,,,,,,,,,,,,,,,,,,,,,,,,,,,,,,,,,,,,,,,,,,,,,,,,,,,,,,,,,,,,,,,,,,,,,,,,,,,,,,,,,,,,,,,,,,,,ogqK8Po3E-3l,,,
3073,Line,,2,,,1505,1508,None,Equilateral Arrow,,,,,,,,,,,,,,,,,,,,,,,,,,,,,,,,,,,,,,,,,,,,,,,,,,,,,,,,,,,,,,,,,,,,,,,,,,,,,,,,,,,,,,,,,,,,,,,,,,,khqKkU21U~Z1,,,
3074,Line,,2,,,1509,1507,None,Equilateral Arrow,,NO,,,,,,,,,,,,,,,,,,,,,,,,,,,,,,,,,,,,,,,,,,,,,,,,,,,,,,,,,,,,,,,,,,,,,,,,,,,,,,,,,,,,,,,,,,,,,,,,,CpqKtsf8MLht,,,
3075,Line,,2,,,1509,1524,None,Equilateral Arrow,,YES,,,,,,,,,,,,,,,,,,,,,,,,,,,,,,,,,,,,,,,,,,,,,,,,,,,,,,,,,,,,,,,,,,,,,,,,,,,,,,,,,,,,,,,,,,,,,,,,,MqqKRDQh7CwZ,,,
3076,Line,,2,,,1524,1571,None,Equilateral Arrow,,,,,,,,,,,,,,,,,,,,,,,,,,,,,,,,,,,,,,,,,,,,,,,,,,,,,,,,,,,,,,,,,,,,,,,,,,,,,,,,,,,,,,,,,,,,,,,,,,,nuqK~7ZTk3jL,,,
3077,Line,,2,,,1507,1571,None,Equilateral Arrow,,,,,,,,,,,,,,,,,,,,,,,,,,,,,,,,,,,,,,,,,,,,,,,,,,,,,,,,,,,,,,,,,,,,,,,,,,,,,,,,,,,,,,,,,,,,,,,,,,,cwqK2GTi3mm_,,,
3078,Line,,2,,,1510,1520,None,Equilateral Arrow,,,,,,,,,,,,,,,,,,,,,,,,,,,,,,,,,,,,,,,,,,,,,,,,,,,,,,,,,,,,,,,,,,,,,,,,,,,,,,,,,,,,,,,,,,,,,,,,,,,KxqKtGhmkf3P,,,
3079,Line,,2,,,1520,1521,None,Equilateral Arrow,,,,,,,,,,,,,,,,,,,,,,,,,,,,,,,,,,,,,,,,,,,,,,,,,,,,,,,,,,,,,,,,,,,,,,,,,,,,,,,,,,,,,,,,,,,,,,,,,,,c5RK8f-n~tOw,,,
3080,Line,,2,,,1505,1506,None,Equilateral Arrow,,,,,,,,,,,,,,,,,,,,,,,,,,,,,,,,,,,,,,,,,,,,,,,,,,,,,,,,,,,,,,,,,,,,,,,,,,,,,,,,,,,,,,,,,,,,,,,,,,,WAqKhkWTai_v,,,
3081,Line,,2,,,1516,1604,None,Equilateral Arrow,,,,,,,,,,,,,,,,,,,,,,,,,,,,,,,,,,,,,,,,,,,,,,,,,,,,,,,,,,,,,,,,,,,,,,,,,,,,,,,,,,,,,,,,,,,,,,,,,,,aXyKU1usnbHk,,,
3082,Line,,2,,,1604,1515,None,Equilateral Arrow,,,,,,,,,,,,,,,,,,,,,,,,,,,,,,,,,,,,,,,,,,,,,,,,,,,,,,,,,,,,,,,,,,,,,,,,,,,,,,,,,,,,,,,,,,,,,,,,,,,iwtOY-q3UVvh,,,
3083,Line,,2,,,1516,1517,None,Equilateral Arrow,,,,,,,,,,,,,,,,,,,,,,,,,,,,,,,,,,,,,,,,,,,,,,,,,,,,,,,,,,,,,,,,,,,,,,,,,,,,,,,,,,,,,,,,,,,,,,,,,,,_3yKKS-UW-t1,,,
3084,Line,,2,,,1602,1518,None,Equilateral Arrow,,,,,,,,,,,,,,,,,,,,,,,,,,,,,,,,,,,,,,,,,,,,,,,,,,,,,,,,,,,,,,,,,,,,,,,,,,,,,,,,,,,,,,,,,,,,,,,,,,,MftOk9qvtKkS,,,
3085,Line,,2,,,1517,1602,None,Equilateral Arrow,,,,,,,,,,,,,,,,,,,,,,,,,,,,,,,,,,,,,,,,,,,,,,,,,,,,,,,,,,,,,,,,,,,,,,,,,,,,,,,,,,,,,,,,,,,,,,,,,,,T5yKpWUP1YAs,,,
3086,Line,,2,,,1602,1519,None,Equilateral Arrow,,,,,,,,,,,,,,,,,,,,,,,,,,,,,,,,,,,,,,,,,,,,,,,,,,,,,,,,,,,,,,,,,,,,,,,,,,,,,,,,,,,,,,,,,,,,,,,,,,,​-5yK.BDT5UyD,,,
3087,Line,,2,,,1521,1522,None,Equilateral Arrow,,IF NO,,,,,,,,,,,,,,,,,,,,,,,,,,,,,,,,,,,,,,,,,,,,,,,,,,,,,,,,,,,,,,,,,,,,,,,,,,,,,,,,,,,,,,,,,,,,,,,,,v-RKfHnp2_G0,,,
3088,Line,,2,,,1521,1523,None,Equilateral Arrow,,YES,,,,,,,,,,,,,,,,,,,,,,,,,,,,,,,,,,,,,,,,,,,,,,,,,,,,,,,,,,,,,,,,,,,,,,,,,,,,,,,,,,,,,,,,,,,,,,,,,c.RKyp7AJdP9,,,
3089,Line,,2,,,1558,1525,None,Equilateral Arrow,,,,,,,,,,,,,,,,,,,,,,,,,,,,,,,,,,,,,,,,,,,,,,,,,,,,,,,,,,,,,,,,,,,,,,,,,,,,,,,,,,,,,,,,,,,,,,,,,,,Y5ZMr8fN4q3a,,,
3090,Line,,2,,,1495,1558,None,Equilateral Arrow,,,,,,,,,,,,,,,,,,,,,,,,,,,,,,,,,,,,,,,,,,,,,,,,,,,,,,,,,,,,,,,,,,,,,,,,,,,,,,,,,,,,,,,,,,,,,,,,,,,~fTKa3J.Hgcm,,,
3091,Line,,2,,,1525,1527,None,Equilateral Arrow,,,,,,,,,,,,,,,,,,,,,,,,,,,,,,,,,,,,,,,,,,,,,,,,,,,,,,,,,,,,,,,,,,,,,,,,,,,,,,,,,,,,,,,,,,,,,,,,,,,HITKBKWiGrsk,,,
3092,Line,,2,,,1560,1530,None,Equilateral Arrow,,,,,,,,,,,,,,,,,,,,,,,,,,,,,,,,,,,,,,,,,,,,,,,,,,,,,,,,,,,,,,,,,,,,,,,,,,,,,,,,,,,,,,,,,,,,,,,,,,,L7ZMbZcoArOO,,,
3093,Line,,2,,,1496,1528,None,Equilateral Arrow,,,,,,,,,,,,,,,,,,,,,,,,,,,,,,,,,,,,,,,,,,,,,,,,,,,,,,,,,,,,,,,,,,,,,,,,,,,,,,,,,,,,,,,,,,,,,,,,,,,oLTKJyoHJQOP,,,
3094,Line,,2,,,1526,1530,None,Equilateral Arrow,,,,,,,,,,,,,,,,,,,,,,,,,,,,,,,,,,,,,,,,,,,,,,,,,,,,,,,,,,,,,,,,,,,,,,,,,,,,,,,,,,,,,,,,,,,,,,,,,,,1MTKWTl-lrbq,,,
3095,Line,,2,,,1497,1559,None,Equilateral Arrow,,,,,,,,,,,,,,,,,,,,,,,,,,,,,,,,,,,,,,,,,,,,,,,,,,,,,,,,,,,,,,,,,,,,,,,,,,,,,,,,,,,,,,,,,,,,,,,,,,,UMTKXIY2c-gf,,,
3096,Line,,2,,,1559,1560,None,Equilateral Arrow,,,,,,,,,,,,,,,,,,,,,,,,,,,,,,,,,,,,,,,,,,,,,,,,,,,,,,,,,,,,,,,,,,,,,,,,,,,,,,,,,,,,,,,,,,,,,,,,,,,r6ZMsa9LhaTF,,,
3097,Line,,2,,,1527,1530,None,Equilateral Arrow,,,,,,,,,,,,,,,,,,,,,,,,,,,,,,,,,,,,,,,,,,,,,,,,,,,,,,,,,,,,,,,,,,,,,,,,,,,,,,,,,,,,,,,,,,,,,,,,,,,5MTKptkjqb2G,,,
3098,Line,,2,,,1528,1530,None,Equilateral Arrow,,,,,,,,,,,,,,,,,,,,,,,,,,,,,,,,,,,,,,,,,,,,,,,,,,,,,,,,,,,,,,,,,,,,,,,,,,,,,,,,,,,,,,,,,,,,,,,,,,,8MTKRN_795Qt,,,
3099,Line,,2,,,1485,1486,None,Equilateral Arrow,,,,,,,,,,,,,,,,,,,,,,,,,,,,,,,,,,,,,,,,,,,,,,,,,,,,,,,,,,,,,,,,,,,,,,,,,,,,,,,,,,,,,,,,,,,,,,,,,,,NGWKFwiiMLl~,,,
3100,Line,,2,,,1485,1531,None,Equilateral Arrow,,,,,,,,,,,,,,,,,,,,,,,,,,,,,,,,,,,,,,,,,,,,,,,,,,,,,,,,,,,,,,,,,,,,,,,,,,,,,,,,,,,,,,,,,,,,,,,,,,,SGWKPWHm03ZP,,,
3101,Line,,2,,,1485,1492,None,Equilateral Arrow,,,,,,,,,,,,,,,,,,,,,,,,,,,,,,,,,,,,,,,,,,,,,,,,,,,,,,,,,,,,,,,,,,,,,,,,,,,,,,,,,,,,,,,,,,,,,,,,,,,eHWKihOZ-vH3,,,
3102,Line,,2,,,1228,1455,None,Equilateral Arrow,,,,,,,,,,,,,,,,,,,,,,,,,,,,,,,,,,,,,,,,,,,,,,,,,,,,,,,,,,,,,,,,,,,,,,,,,,,,,,,,,,,,,,,,,,,,,,,,,,,1GNLR8WmkUe8,,,
3103,Line,,2,,,1101,1083,None,Equilateral Arrow,,NO,,,,,,,,,,,,,,,,,,,,,,,,,,,,,,,,,,,,,,,,,,,,,,,,,,,,,,,,,,,,,,,,,,,,,,,,,,,,,,,,,,,,,,,,,,,,,,,,,yC5LlDt9AGq1,,,
3104,Line,,2,,,1102,1538,None,Equilateral Arrow,,,,,,,,,,,,,,,,,,,,,,,,,,,,,,,,,,,,,,,,,,,,,,,,,,,,,,,,,,,,,,,,,,,,,,,,,,,,,,,,,,,,,,,,,,,,,,,,,,,ME5LopmYN9uc,,,
3105,Line,,2,,,1214,,None,Equilateral Arrow,,,,,,,,,,,,,,,,,,,,,,,,,,,,,,,,,,,,,,,,,,,,,,,,,,,,,,,,,,,,,,,,,,,,,,,,,,,,,,,,,,,,,,,,,,,,,,,,,,,ef6L5-mjqn2-,,,
3106,Line,,2,,,1532,1541,None,Equilateral Arrow,,,,,,,,,,,,,,,,,,,,,,,,,,,,,,,,,,,,,,,,,,,,,,,,,,,,,,,,,,,,,,,,,,,,,,,,,,,,,,,,,,,,,,,,,,,,,,,,,,,ka8L6-ikhtby,,,
3107,Line,,2,,,1498,1503,None,Equilateral Arrow,,,,,,,,,,,,,,,,,,,,,,,,,,,,,,,,,,,,,,,,,,,,,,,,,,,,,,,,,,,,,,,,,,,,,,,,,,,,,,,,,,,,,,,,,,,,,,,,,,,Ju-L8IchsMWd,,,
3108,Line,,2,,,1498,1509,None,Equilateral Arrow,,,,,,,,,,,,,,,,,,,,,,,,,,,,,,,,,,,,,,,,,,,,,,,,,,,,,,,,,,,,,,,,,,,,,,,,,,,,,,,,,,,,,,,,,,,,,,,,,,,~u-L~HeAmkqI,,,
3109,Line,,2,,,1543,1544,None,Equilateral Arrow,,,,,,,,,,,,,,,,,,,,,,,,,,,,,,,,,,,,,,,,,,,,,,,,,,,,,,,,,,,,,,,,,,,,,,,,,,,,,,,,,,,,,,,,,,,,,,,,,,,J-_LhVwcoVws,,,
3110,Line,,2,,,1544,1556,None,Equilateral Arrow,,,,,,,,,,,,,,,,,,,,,,,,,,,,,,,,,,,,,,,,,,,,,,,,,,,,,,,,,,,,,,,,,,,,,,,,,,,,,,,,,,,,,,,,,,,,,,,,,,,B~_LOipCBMIl,,,
3111,Line,,2,,,1544,1552,None,Equilateral Arrow,,,,,,,,,,,,,,,,,,,,,,,,,,,,,,,,,,,,,,,,,,,,,,,,,,,,,,,,,,,,,,,,,,,,,,,,,,,,,,,,,,,,,,,,,,,,,,,,,,,cqlMsUwR7Ntb,,,
3112,Line,,2,,,1547,1557,None,Equilateral Arrow,,,,,,,,,,,,,,,,,,,,,,,,,,,,,,,,,,,,,,,,,,,,,,,,,,,,,,,,,,,,,,,,,,,,,,,,,,,,,,,,,,,,,,,,,,,,,,,,,,,8vmMVUN4wg39,,,
3113,Line,,2,,,1557,1548,None,Equilateral Arrow,,,,,,,,,,,,,,,,,,,,,,,,,,,,,,,,,,,,,,,,,,,,,,,,,,,,,,,,,,,,,,,,,,,,,,,,,,,,,,,,,,,,,,,,,,,,,,,,,,,xymMk~LP-wBh,,,
3114,Line,,2,,,1548,1549,None,Equilateral Arrow,,,,,,,,,,,,,,,,,,,,,,,,,,,,,,,,,,,,,,,,,,,,,,,,,,,,,,,,,,,,,,,,,,,,,,,,,,,,,,,,,,,,,,,,,,,,,,,,,,,pAmM1QYx~JhE,,,
3115,Line,,2,,,1221,1550,None,Equilateral Arrow,,,,,,,,,,,,,,,,,,,,,,,,,,,,,,,,,,,,,,,,,,,,,,,,,,,,,,,,,,,,,,,,,,,,,,,,,,,,,,,,,,,,,,,,,,,,,,,,,,,N4mM_B-kgBht,,,
3116,Line,,2,,,1550,1543,None,Equilateral Arrow,,If YES,,,,,,,,,,,,,,,,,,,,,,,,,,,,,,,,,,,,,,,,,,,,,,,,,,,,,,,,,,,,,,,,,,,,,,,,,,,,,,,,,,,,,,,,,,,,,,,,,W5mMVUlb6eLq,,,
3117,Line,,2,,,1550,1221,None,Equilateral Arrow,,If Not ,,,,,,,,,,,,,,,,,,,,,,,,,,,,,,,,,,,,,,,,,,,,,,,,,,,,,,,,,,,,,,,,,,,,,,,,,,,,,,,,,,,,,,,,,,,,,,,,,d6mMc5lar_B_,,,
3118,Line,,2,,,1551,1221,None,Equilateral Arrow,,,,,,,,,,,,,,,,,,,,,,,,,,,,,,,,,,,,,,,,,,,,,,,,,,,,,,,,,,,,,,,,,,,,,,,,,,,,,,,,,,,,,,,,,,,,,,,,,,,k_mMjpZhy.tk,,,
3119,Line,,2,,,1552,1546,None,Equilateral Arrow,,,,,,,,,,,,,,,,,,,,,,,,,,,,,,,,,,,,,,,,,,,,,,,,,,,,,,,,,,,,,,,,,,,,,,,,,,,,,,,,,,,,,,,,,,,,,,,,,,,0hnMz5Ll.Kt1,,,
3120,Line,,2,,,1546,1553,None,Equilateral Arrow,,,,,,,,,,,,,,,,,,,,,,,,,,,,,,,,,,,,,,,,,,,,,,,,,,,,,,,,,,,,,,,,,,,,,,,,,,,,,,,,,,,,,,,,,,,,,,,,,,,RinMnMXukiNi,,,
3121,Line,,2,,,1553,1547,None,Equilateral Arrow,,,,,,,,,,,,,,,,,,,,,,,,,,,,,,,,,,,,,,,,,,,,,,,,,,,,,,,,,,,,,,,,,,,,,,,,,,,,,,,,,,,,,,,,,,,,,,,,,,,RmnMdWqXQ5Qv,,,
3122,Line,,2,,,1549,1554,None,Equilateral Arrow,,,,,,,,,,,,,,,,,,,,,,,,,,,,,,,,,,,,,,,,,,,,,,,,,,,,,,,,,,,,,,,,,,,,,,,,,,,,,,,,,,,,,,,,,,,,,,,,,,,rtnMZomAjple,,,
3123,Line,,2,,,1565,1567,None,Equilateral Arrow,,,,,,,,,,,,,,,,,,,,,,,,,,,,,,,,,,,,,,,,,,,,,,,,,,,,,,,,,,,,,,,,,,,,,,,,,,,,,,,,,,,,,,,,,,,,,,,,,,,my0MNyEcVwpN,,,
3124,Line,,2,,,1567,1568,None,Equilateral Arrow,,,,,,,,,,,,,,,,,,,,,,,,,,,,,,,,,,,,,,,,,,,,,,,,,,,,,,,,,,,,,,,,,,,,,,,,,,,,,,,,,,,,,,,,,,,,,,,,,,,my0MnuzAT1HZ,,,
3125,Line,,2,,,1568,1569,None,Equilateral Arrow,,IF NO,,,,,,,,,,,,,,,,,,,,,,,,,,,,,,,,,,,,,,,,,,,,,,,,,,,,,,,,,,,,,,,,,,,,,,,,,,,,,,,,,,,,,,,,,,,,,,,,,my0Mu_ySSWzF,,,
3126,Line,,2,,,1568,1570,None,Equilateral Arrow,,YES,,,,,,,,,,,,,,,,,,,,,,,,,,,,,,,,,,,,,,,,,,,,,,,,,,,,,,,,,,,,,,,,,,,,,,,,,,,,,,,,,,,,,,,,,,,,,,,,,my0M.N9a3Jba,,,
3127,Line,,2,,,1506,1565,None,Equilateral Arrow,,,,,,,,,,,,,,,,,,,,,,,,,,,,,,,,,,,,,,,,,,,,,,,,,,,,,,,,,,,,,,,,,,,,,,,,,,,,,,,,,,,,,,,,,,,,,,,,,,,oz0M_p3X1TB5,,,
3128,Line,,2,,,1571,1572,None,Equilateral Arrow,,,,,,,,,,,,,,,,,,,,,,,,,,,,,,,,,,,,,,,,,,,,,,,,,,,,,,,,,,,,,,,,,,,,,,,,,,,,,,,,,,,,,,,,,,,,,,,,,,,uA0MgOfMZPN~,,,
3129,Line,,2,,,1554,1574,None,Equilateral Arrow,,,,,,,,,,,,,,,,,,,,,,,,,,,,,,,,,,,,,,,,,,,,,,,,,,,,,,,,,,,,,,,,,,,,,,,,,,,,,,,,,,,,,,,,,,,,,,,,,,,e40MFId9NT-W,,,
3130,Line,,2,,,1554,1575,None,Equilateral Arrow,,,,,,,,,,,,,,,,,,,,,,,,,,,,,,,,,,,,,,,,,,,,,,,,,,,,,,,,,,,,,,,,,,,,,,,,,,,,,,,,,,,,,,,,,,,,,,,,,,,zb1M9LDQlmgI,,,
3131,Line,,2,,,1220,1573,None,Equilateral Arrow,,,,,,,,,,,,,,,,,,,,,,,,,,,,,,,,,,,,,,,,,,,,,,,,,,,,,,,,,,,,,,,,,,,,,,,,,,,,,,,,,,,,,,,,,,,,,,,,,,,vk1M25wIpWg0,,,
3132,Line,,2,,,1578,1579,None,Equilateral Arrow,,,,,,,,,,,,,,,,,,,,,,,,,,,,,,,,,,,,,,,,,,,,,,,,,,,,,,,,,,,,,,,,,,,,,,,,,,,,,,,,,,,,,,,,,,,,,,,,,,,cs1MQ6CMzZ56,,,
3133,Line,,2,,,1497,1582,None,Equilateral Arrow,,,,,,,,,,,,,,,,,,,,,,,,,,,,,,,,,,,,,,,,,,,,,,,,,,,,,,,,,,,,,,,,,,,,,,,,,,,,,,,,,,,,,,,,,,,,,,,,,,,Bm3Mlj6B.TVc,,,
3134,Line,,2,,,1627,1603,None,Equilateral Arrow,,Yes,,,,,,,,,,,,,,,,,,,,,,,,,,,,,,,,,,,,,,,,,,,,,,,,,,,,,,,,,,,,,,,,,,,,,,,,,,,,,,,,,,,,,,,,,,,,,,,,,​-T1PaFGP1ZgM,,,
3135,Line,,2,,,1518,1583,None,Equilateral Arrow,,,,,,,,,,,,,,,,,,,,,,,,,,,,,,,,,,,,,,,,,,,,,,,,,,,,,,,,,,,,,,,,,,,,,,,,,,,,,,,,,,,,,,,,,,,,,,,,,,,5ZSNrdGTHrJ~,,,
3136,Line,,2,,,1583,1624,None,Equilateral Arrow,,,,,,,,,,,,,,,,,,,,,,,,,,,,,,,,,,,,,,,,,,,,,,,,,,,,,,,,,,,,,,,,,,,,,,,,,,,,,,,,,,,,,,,,,,,,,,,,,,,BN1PPGCP82o9,,,
3137,Line,,2,,,1519,1584,None,Equilateral Arrow,,,,,,,,,,,,,,,,,,,,,,,,,,,,,,,,,,,,,,,,,,,,,,,,,,,,,,,,,,,,,,,,,,,,,,,,,,,,,,,,,,,,,,,,,,,,,,,,,,,A5eOZa4uxIC~,,,
3138,Line,,2,,,1519,1585,None,Equilateral Arrow,,,,,,,,,,,,,,,,,,,,,,,,,,,,,,,,,,,,,,,,,,,,,,,,,,,,,,,,,,,,,,,,,,,,,,,,,,,,,,,,,,,,,,,,,,,,,,,,,,,d7eOdD2o75ku,,,
3139,Line,,2,,,1587,1606,None,Equilateral Arrow,,,,,,,,,,,,,,,,,,,,,,,,,,,,,,,,,,,,,,,,,,,,,,,,,,,,,,,,,,,,,,,,,,,,,,,,,,,,,,,,,,,,,,,,,,,,,,,,,,,L_eOmcfi-3Pe,,,
3140,Line,,2,,,1619,1605,None,Equilateral Arrow,,,,,,,,,,,,,,,,,,,,,,,,,,,,,,,,,,,,,,,,,,,,,,,,,,,,,,,,,,,,,,,,,,,,,,,,,,,,,,,,,,,,,,,,,,,,,,,,,,,XI1PJMhq2q6D,,,
3141,Line,,2,,,1605,1588,None,Equilateral Arrow,,,,,,,,,,,,,,,,,,,,,,,,,,,,,,,,,,,,,,,,,,,,,,,,,,,,,,,,,,,,,,,,,,,,,,,,,,,,,,,,,,,,,,,,,,,,,,,,,,,HX6OSh_KEtwl,,,
3142,Line,,2,,,1588,1589,None,Equilateral Arrow,,,,,,,,,,,,,,,,,,,,,,,,,,,,,,,,,,,,,,,,,,,,,,,,,,,,,,,,,,,,,,,,,,,,,,,,,,,,,,,,,,,,,,,,,,,,,,,,,,,x.eOJB8PIQPY,,,
3143,Line,,2,,,1599,1590,None,Equilateral Arrow,,,,,,,,,,,,,,,,,,,,,,,,,,,,,,,,,,,,,,,,,,,,,,,,,,,,,,,,,,,,,,,,,,,,,,,,,,,,,,,,,,,,,,,,,,,,,,,,,,,CSsOnhp~nrzM,,,
3144,Line,,2,,,1599,1591,None,Equilateral Arrow,,,,,,,,,,,,,,,,,,,,,,,,,,,,,,,,,,,,,,,,,,,,,,,,,,,,,,,,,,,,,,,,,,,,,,,,,,,,,,,,,,,,,,,,,,,,,,,,,,,CSsODbwftEt2,,,
3145,Line,,2,,,1599,1592,None,Equilateral Arrow,,,,,,,,,,,,,,,,,,,,,,,,,,,,,,,,,,,,,,,,,,,,,,,,,,,,,,,,,,,,,,,,,,,,,,,,,,,,,,,,,,,,,,,,,,,,,,,,,,,CSsOEc8gnjnn,,,
3146,Line,,2,,,1599,1593,None,Equilateral Arrow,,,,,,,,,,,,,,,,,,,,,,,,,,,,,,,,,,,,,,,,,,,,,,,,,,,,,,,,,,,,,,,,,,,,,,,,,,,,,,,,,,,,,,,,,,,,,,,,,,,CSsOcsylZZ0S,,,
3147,Line,,2,,,1590,1594,None,Equilateral Arrow,,,,,,,,,,,,,,,,,,,,,,,,,,,,,,,,,,,,,,,,,,,,,,,,,,,,,,,,,,,,,,,,,,,,,,,,,,,,,,,,,,,,,,,,,,,,,,,,,,,CSsOF-.DgaZM,,,
3148,Line,,2,,,1591,1594,None,Equilateral Arrow,,,,,,,,,,,,,,,,,,,,,,,,,,,,,,,,,,,,,,,,,,,,,,,,,,,,,,,,,,,,,,,,,,,,,,,,,,,,,,,,,,,,,,,,,,,,,,,,,,,CSsO3ivaGjIH,,,
3149,Line,,2,,,1592,1594,None,Equilateral Arrow,,,,,,,,,,,,,,,,,,,,,,,,,,,,,,,,,,,,,,,,,,,,,,,,,,,,,,,,,,,,,,,,,,,,,,,,,,,,,,,,,,,,,,,,,,,,,,,,,,,CSsO8u~oVfVA,,,
3150,Line,,2,,,1593,1594,None,Equilateral Arrow,,,,,,,,,,,,,,,,,,,,,,,,,,,,,,,,,,,,,,,,,,,,,,,,,,,,,,,,,,,,,,,,,,,,,,,,,,,,,,,,,,,,,,,,,,,,,,,,,,,CSsOZEeSID6x,,,
3151,Line,,2,,,1515,1595,None,Equilateral Arrow,,,,,,,,,,,,,,,,,,,,,,,,,,,,,,,,,,,,,,,,,,,,,,,,,,,,,,,,,,,,,,,,,,,,,,,,,,,,,,,,,,,,,,,,,,,,,,,,,,,UVsOKR7.U25f,,,
3152,Line,,2,,,1595,1596,None,Equilateral Arrow,,YES,,,,,,,,,,,,,,,,,,,,,,,,,,,,,,,,,,,,,,,,,,,,,,,,,,,,,,,,,,,,,,,,,,,,,,,,,,,,,,,,,,,,,,,,,,,,,,,,,9VsOCVy8m6HW,,,
3153,Line,,2,,,1596,1597,None,Equilateral Arrow,,,,,,,,,,,,,,,,,,,,,,,,,,,,,,,,,,,,,,,,,,,,,,,,,,,,,,,,,,,,,,,,,,,,,,,,,,,,,,,,,,,,,,,,,,,,,,,,,,,2WsO_8Tf0TT8,,,
3154,Line,,2,,,1596,1599,None,Equilateral Arrow,,,,,,,,,,,,,,,,,,,,,,,,,,,,,,,,,,,,,,,,,,,,,,,,,,,,,,,,,,,,,,,,,,,,,,,,,,,,,,,,,,,,,,,,,,,,,,,,,,,F2sOJTeHc6HZ,,,
3155,Line,,2,,,1587,1629,None,Equilateral Arrow,,,,,,,,,,,,,,,,,,,,,,,,,,,,,,,,,,,,,,,,,,,,,,,,,,,,,,,,,,,,,,,,,,,,,,,,,,,,,,,,,,,,,,,,,,,,,,,,,,,n-sO4-x.nzZy,,,
3156,Line,,2,,,1588,1600,None,Equilateral Arrow,,,,,,,,,,,,,,,,,,,,,,,,,,,,,,,,,,,,,,,,,,,,,,,,,,,,,,,,,,,,,,,,,,,,,,,,,,,,,,,,,,,,,,,,,,,,,,,,,,,G~sORfNU7-4K,,,
3157,Line,,2,,,1588,1601,None,Equilateral Arrow,,,,,,,,,,,,,,,,,,,,,,,,,,,,,,,,,,,,,,,,,,,,,,,,,,,,,,,,,,,,,,,,,,,,,,,,,,,,,,,,,,,,,,,,,,,,,,,,,,,8~sOFVET6koG,,,
3158,Line,,2,,,1595,1515,None,Equilateral Arrow,,No,,,,,,,,,,,,,,,,,,,,,,,,,,,,,,,,,,,,,,,,,,,,,,,,,,,,,,,,,,,,,,,,,,,,,,,,,,,,,,,,,,,,,,,,,,,,,,,,,2CtOPLEyTIiI,,,
3159,Line,,2,,,1614,1615,None,Equilateral Arrow,,YES,,,,,,,,,,,,,,,,,,,,,,,,,,,,,,,,,,,,,,,,,,,,,,,,,,,,,,,,,,,,,,,,,,,,,,,,,,,,,,,,,,,,,,,,,,,,,,,,,Jm1Pw9kOstoV,,,
3160,Line,,2,,,1607,1614,None,Equilateral Arrow,,,,,,,,,,,,,,,,,,,,,,,,,,,,,,,,,,,,,,,,,,,,,,,,,,,,,,,,,,,,,,,,,,,,,,,,,,,,,,,,,,,,,,,,,,,,,,,,,,,Wg0PM8W3In6I,,,
3161,Line,,2,,,1676,1587,None,Equilateral Arrow,,,,,,,,,,,,,,,,,,,,,,,,,,,,,,,,,,,,,,,,,,,,,,,,,,,,,,,,,,,,,,,,,,,,,,,,,,,,,,,,,,,,,,,,,,,,,,,,,,,4B0Pk3EJ5Kcn,,,
3162,Line,,2,,,1608,1609,None,Equilateral Arrow,,,,,,,,,,,,,,,,,,,,,,,,,,,,,,,,,,,,,,,,,,,,,,,,,,,,,,,,,,,,,,,,,,,,,,,,,,,,,,,,,,,,,,,,,,,,,,,,,,,Ah0PRnJ6Rj5Z,,,
3163,Line,,2,,,1609,1611,None,Equilateral Arrow,,,,,,,,,,,,,,,,,,,,,,,,,,,,,,,,,,,,,,,,,,,,,,,,,,,,,,,,,,,,,,,,,,,,,,,,,,,,,,,,,,,,,,,,,,,,,,,,,,,CA0PpBBPNjaQ,,,
3164,Line,,2,,,1608,1610,None,Equilateral Arrow,,,,,,,,,,,,,,,,,,,,,,,,,,,,,,,,,,,,,,,,,,,,,,,,,,,,,,,,,,,,,,,,,,,,,,,,,,,,,,,,,,,,,,,,,,,,,,,,,,,px0PpF96xMKg,,,
3165,Line,,2,,,1610,1612,None,Equilateral Arrow,,,,,,,,,,,,,,,,,,,,,,,,,,,,,,,,,,,,,,,,,,,,,,,,,,,,,,,,,,,,,,,,,,,,,,,,,,,,,,,,,,,,,,,,,,,,,,,,,,,Ub1P~-xGd-H2,,,
3166,Line,,2,,,1584,1613,None,Equilateral Arrow,,,,,,,,,,,,,,,,,,,,,,,,,,,,,,,,,,,,,,,,,,,,,,,,,,,,,,,,,,,,,,,,,,,,,,,,,,,,,,,,,,,,,,,,,,,,,,,,,,,ij1PgW-gSIh2,,,
3167,Line,,2,,,1613,1586,None,Equilateral Arrow,,,,,,,,,,,,,,,,,,,,,,,,,,,,,,,,,,,,,,,,,,,,,,,,,,,,,,,,,,,,,,,,,,,,,,,,,,,,,,,,,,,,,,,,,,,,,,,,,,,wj1PqW.Ot.h6,,,
3168,Line,,2,,,1586,1607,None,Equilateral Arrow,,,,,,,,,,,,,,,,,,,,,,,,,,,,,,,,,,,,,,,,,,,,,,,,,,,,,,,,,,,,,,,,,,,,,,,,,,,,,,,,,,,,,,,,,,,,,,,,,,,Lj1PunVr.zXG,,,
3169,Line,,2,,,1612,1616,None,Equilateral Arrow,,,,,,,,,,,,,,,,,,,,,,,,,,,,,,,,,,,,,,,,,,,,,,,,,,,,,,,,,,,,,,,,,,,,,,,,,,,,,,,,,,,,,,,,,,,,,,,,,,,fl1PsWoVAEyM,,,
3170,Line,,2,,,1614,1608,None,Equilateral Arrow,,No,,,,,,,,,,,,,,,,,,,,,,,,,,,,,,,,,,,,,,,,,,,,,,,,,,,,,,,,,,,,,,,,,,,,,,,,,,,,,,,,,,,,,,,,,,,,,,,,,kn1Pwyu9qTR~,,,
3171,Line,,2,,,1615,1586,None,Equilateral Arrow,,,,,,,,,,,,,,,,,,,,,,,,,,,,,,,,,,,,,,,,,,,,,,,,,,,,,,,,,,,,,,,,,,,,,,,,,,,,,,,,,,,,,,,,,,,,,,,,,,,cp1PUt7VV0ZS,,,
3172,Line,,2,,,1617,1609,None,Equilateral Arrow,,Yes,,,,,,,,,,,,,,,,,,,,,,,,,,,,,,,,,,,,,,,,,,,,,,,,,,,,,,,,,,,,,,,,,,,,,,,,,,,,,,,,,,,,,,,,,,,,,,,,,2x1PJ.VRSlVU,,,
3173,Line,,2,,,1616,1617,None,Equilateral Arrow,,,,,,,,,,,,,,,,,,,,,,,,,,,,,,,,,,,,,,,,,,,,,,,,,,,,,,,,,,,,,,,,,,,,,,,,,,,,,,,,,,,,,,,,,,,,,,,,,,,Cy1PoJPTLrbt,,,
3174,Line,,2,,,1617,1618,None,Equilateral Arrow,,No,,,,,,,,,,,,,,,,,,,,,,,,,,,,,,,,,,,,,,,,,,,,,,,,,,,,,,,,,,,,,,,,,,,,,,,,,,,,,,,,,,,,,,,,,,,,,,,,,Mz1PvLvXFTTH,,,
3175,Line,,2,,,1618,1612,None,Equilateral Arrow,,,,,,,,,,,,,,,,,,,,,,,,,,,,,,,,,,,,,,,,,,,,,,,,,,,,,,,,,,,,,,,,,,,,,,,,,,,,,,,,,,,,,,,,,,,,,,,,,,,2A1P6Vsc0T_a,,,
3176,Line,,2,,,1603,1621,None,Equilateral Arrow,,,,,,,,,,,,,,,,,,,,,,,,,,,,,,,,,,,,,,,,,,,,,,,,,,,,,,,,,,,,,,,,,,,,,,,,,,,,,,,,,,,,,,,,,,,,,,,,,,,dO1PNvuzhY8T,,,
3177,Line,,2,,,1621,1622,None,Equilateral Arrow,,,,,,,,,,,,,,,,,,,,,,,,,,,,,,,,,,,,,,,,,,,,,,,,,,,,,,,,,,,,,,,,,,,,,,,,,,,,,,,,,,,,,,,,,,,,,,,,,,,hP1Phg-JzysP,,,
3178,Line,,2,,,1622,1623,None,Equilateral Arrow,,IF Changes Required?,,,,,,,,,,,,,,,,,,,,,,,,,,,,,,,,,,,,,,,,,,,,,,,,,,,,,,,,,,,,,,,,,,,,,,,,,,,,,,,,,,,,,,,,,,,,,,,,,EP1PHcbJERQB,,,
3179,Line,,2,,,1622,1620,None,Equilateral Arrow,,IF No,,,,,,,,,,,,,,,,,,,,,,,,,,,,,,,,,,,,,,,,,,,,,,,,,,,,,,,,,,,,,,,,,,,,,,,,,,,,,,,,,,,,,,,,,,,,,,,,,WP1Pf1W8j9Gb,,,
3180,Line,,2,,,1623,1621,None,Equilateral Arrow,,,,,,,,,,,,,,,,,,,,,,,,,,,,,,,,,,,,,,,,,,,,,,,,,,,,,,,,,,,,,,,,,,,,,,,,,,,,,,,,,,,,,,,,,,,,,,,,,,,fS1PLwVKCvZa,,,
3181,Line,,2,,,1619,1625,None,Equilateral Arrow,,,,,,,,,,,,,,,,,,,,,,,,,,,,,,,,,,,,,,,,,,,,,,,,,,,,,,,,,,,,,,,,,,,,,,,,,,,,,,,,,,,,,,,,,,,,,,,,,,,YW1PBrwXNkbM,,,
3182,Line,,2,,,1613,1626,None,Equilateral Arrow,,,,,,,,,,,,,,,,,,,,,,,,,,,,,,,,,,,,,,,,,,,,,,,,,,,,,,,,,,,,,,,,,,,,,,,,,,,,,,,,,,,,,,,,,,,,,,,,,,,Uk3Pznt6.HFA,,,
3183,Line,,2,,,1624,1627,None,Equilateral Arrow,,,,,,,,,,,,,,,,,,,,,,,,,,,,,,,,,,,,,,,,,,,,,,,,,,,,,,,,,,,,,,,,,,,,,,,,,,,,,,,,,,,,,,,,,,,,,,,,,,,qT3PKi6zrdYP,,,
3184,Line,,2,,,1624,1628,None,Equilateral Arrow,,,,,,,,,,,,,,,,,,,,,,,,,,,,,,,,,,,,,,,,,,,,,,,,,,,,,,,,,,,,,,,,,,,,,,,,,,,,,,,,,,,,,,,,,,,,,,,,,,,Dh4Pt0-WzEuq,,,
3185,Line,,2,,,1606,1619,None,Equilateral Arrow,,,,,,,,,,,,,,,,,,,,,,,,,,,,,,,,,,,,,,,,,,,,,,,,,,,,,,,,,,,,,,,,,,,,,,,,,,,,,,,,,,,,,,,,,,,,,,,,,,,0y4P.3gd1biQ,,,
3186,Line,,2,,,1640,1649,None,Equilateral Arrow,,,,,,,,,,,,,,,,,,,,,,,,,,,,,,,,,,,,,,,,,,,,,,,,,,,,,,,,,,,,,,,,,,,,,,,,,,,,,,,,,,,,,,,,,,,,,,,,,,,ePaReuq2Ai2-,,,
3187,Line,,2,,,1585,1658,None,Equilateral Arrow,,,,,,,,,,,,,,,,,,,,,,,,,,,,,,,,,,,,,,,,,,,,,,,,,,,,,,,,,,,,,,,,,,,,,,,,,,,,,,,,,,,,,,,,,,,,,,,,,,,KfVQGURyK8mo,,,
3188,Line,,2,,,1630,1638,None,Equilateral Arrow,,,,,,,,,,,,,,,,,,,,,,,,,,,,,,,,,,,,,,,,,,,,,,,,,,,,,,,,,,,,,,,,,,,,,,,,,,,,,,,,,,,,,,,,,,,,,,,,,,,40.Q567a.8cR,,,
3189,Line,,2,,,1648,1640,None,Equilateral Arrow,,,,,,,,,,,,,,,,,,,,,,,,,,,,,,,,,,,,,,,,,,,,,,,,,,,,,,,,,,,,,,,,,,,,,,,,,,,,,,,,,,,,,,,,,,,,,,,,,,,BTaRJRfddfWZ,,,
3190,Line,,2,,,1620,1631,None,Equilateral Arrow,,,,,,,,,,,,,,,,,,,,,,,,,,,,,,,,,,,,,,,,,,,,,,,,,,,,,,,,,,,,,,,,,,,,,,,,,,,,,,,,,,,,,,,,,,,,,,,,,,,jc~QWDeM__3U,,,
3191,Line,,2,,,1631,1632,None,Equilateral Arrow,,,,,,,,,,,,,,,,,,,,,,,,,,,,,,,,,,,,,,,,,,,,,,,,,,,,,,,,,,,,,,,,,,,,,,,,,,,,,,,,,,,,,,,,,,,,,,,,,,,.j~QxtQ4J5u9,,,
3192,Line,,2,,,1631,1633,None,Equilateral Arrow,,,,,,,,,,,,,,,,,,,,,,,,,,,,,,,,,,,,,,,,,,,,,,,,,,,,,,,,,,,,,,,,,,,,,,,,,,,,,,,,,,,,,,,,,,,,,,,,,,,yk~QYmf.7H.y,,,
3193,Line,,2,,,1632,1634,None,Equilateral Arrow,,,,,,,,,,,,,,,,,,,,,,,,,,,,,,,,,,,,,,,,,,,,,,,,,,,,,,,,,,,,,,,,,,,,,,,,,,,,,,,,,,,,,,,,,,,,,,,,,,,Vn~Q4coEmr25,,,
3194,Line,,2,,,1634,1642,None,Equilateral Arrow,,,,,,,,,,,,,,,,,,,,,,,,,,,,,,,,,,,,,,,,,,,,,,,,,,,,,,,,,,,,,,,,,,,,,,,,,,,,,,,,,,,,,,,,,,,,,,,,,,,ws~QHCnoUKZc,,,
3195,Line,,2,,,1637,1636,None,Equilateral Arrow,,If Not ,,,,,,,,,,,,,,,,,,,,,,,,,,,,,,,,,,,,,,,,,,,,,,,,,,,,,,,,,,,,,,,,,,,,,,,,,,,,,,,,,,,,,,,,,,,,,,,,,Yu~QaxiagMUR,,,
3196,Line,,2,,,1637,1630,None,Equilateral Arrow,,Yes,,,,,,,,,,,,,,,,,,,,,,,,,,,,,,,,,,,,,,,,,,,,,,,,,,,,,,,,,,,,,,,,,,,,,,,,,,,,,,,,,,,,,,,,,,,,,,,,,ay~Qvu-UWef5,,,
3197,Line,,2,,,1633,1634,None,Equilateral Arrow,,,,,,,,,,,,,,,,,,,,,,,,,,,,,,,,,,,,,,,,,,,,,,,,,,,,,,,,,,,,,,,,,,,,,,,,,,,,,,,,,,,,,,,,,,,,,,,,,,,8AaRHUNSHkxQ,,,
3198,Line,,2,,,1640,1641,None,Equilateral Arrow,,,,,,,,,,,,,,,,,,,,,,,,,,,,,,,,,,,,,,,,,,,,,,,,,,,,,,,,,,,,,,,,,,,,,,,,,,,,,,,,,,,,,,,,,,,,,,,,,,,zRaRZhgc7.Mi,,,
3199,Line,,2,,,1642,1643,None,Equilateral Arrow,,,,,,,,,,,,,,,,,,,,,,,,,,,,,,,,,,,,,,,,,,,,,,,,,,,,,,,,,,,,,,,,,,,,,,,,,,,,,,,,,,,,,,,,,,,,,,,,,,,p~aRkraWqw8X,,,
3200,Line,,2,,,1643,1644,None,Equilateral Arrow,,,,,,,,,,,,,,,,,,,,,,,,,,,,,,,,,,,,,,,,,,,,,,,,,,,,,,,,,,,,,,,,,,,,,,,,,,,,,,,,,,,,,,,,,,,,,,,,,,,qcbRj03nL-Jk,,,
3201,Line,,2,,,1638,1646,None,Equilateral Arrow,,,,,,,,,,,,,,,,,,,,,,,,,,,,,,,,,,,,,,,,,,,,,,,,,,,,,,,,,,,,,,,,,,,,,,,,,,,,,,,,,,,,,,,,,,,,,,,,,,,jnbRLd~wHsnn,,,
3202,Line,,2,,,1646,1647,None,Equilateral Arrow,,,,,,,,,,,,,,,,,,,,,,,,,,,,,,,,,,,,,,,,,,,,,,,,,,,,,,,,,,,,,,,,,,,,,,,,,,,,,,,,,,,,,,,,,,,,,,,,,,,PnbReBvmNUVO,,,
3203,Line,,2,,,1647,1648,None,Equilateral Arrow,,,,,,,,,,,,,,,,,,,,,,,,,,,,,,,,,,,,,,,,,,,,,,,,,,,,,,,,,,,,,,,,,,,,,,,,,,,,,,,,,,,,,,,,,,,,,,,,,,,WnbRbsrWheXK,,,
3204,Line,,2,,,1638,1652,None,Equilateral Arrow,,,,,,,,,,,,,,,,,,,,,,,,,,,,,,,,,,,,,,,,,,,,,,,,,,,,,,,,,,,,,,,,,,,,,,,,,,,,,,,,,,,,,,,,,,,,,,,,,,,aicRTURPCiuJ,,,
3205,Line,,2,,,1649,1653,None,Equilateral Arrow,,No,,,,,,,,,,,,,,,,,,,,,,,,,,,,,,,,,,,,,,,,,,,,,,,,,,,,,,,,,,,,,,,,,,,,,,,,,,,,,,,,,,,,,,,,,,,,,,,,,dpcRA9eVASIS,,,
3206,Line,,2,,,1644,1645,None,Equilateral Arrow,,,,,,,,,,,,,,,,,,,,,,,,,,,,,,,,,,,,,,,,,,,,,,,,,,,,,,,,,,,,,,,,,,,,,,,,,,,,,,,,,,,,,,,,,,,,,,,,,,,0ucRBFdh_Gg8,,,
3207,Line,,2,,,1627,1624,None,Equilateral Arrow,,IF Not,,,,,,,,,,,,,,,,,,,,,,,,,,,,,,,,,,,,,,,,,,,,,,,,,,,,,,,,,,,,,,,,,,,,,,,,,,,,,,,,,,,,,,,,,,,,,,,,,qNcRBK~KQM6v,,,
3208,Line,,2,,,1649,1650,None,Equilateral Arrow,,,,,,,,,,,,,,,,,,,,,,,,,,,,,,,,,,,,,,,,,,,,,,,,,,,,,,,,,,,,,,,,,,,,,,,,,,,,,,,,,,,,,,,,,,,,,,,,,,,M6cRQkH-psJi,,,
3209,Line,,2,,,1649,1655,None,Equilateral Arrow,,Yes,,,,,,,,,,,,,,,,,,,,,,,,,,,,,,,,,,,,,,,,,,,,,,,,,,,,,,,,,,,,,,,,,,,,,,,,,,,,,,,,,,,,,,,,,,,,,,,,,n7cRN_Jb.ZLj,,,
3210,Line,,2,,,1655,1651,None,Equilateral Arrow,,,,,,,,,,,,,,,,,,,,,,,,,,,,,,,,,,,,,,,,,,,,,,,,,,,,,,,,,,,,,,,,,,,,,,,,,,,,,,,,,,,,,,,,,,,,,,,,,,,r8cRu0XwBcqh,,,
3211,Line,,2,,,1655,1646,None,Equilateral Arrow,,,,,,,,,,,,,,,,,,,,,,,,,,,,,,,,,,,,,,,,,,,,,,,,,,,,,,,,,,,,,,,,,,,,,,,,,,,,,,,,,,,,,,,,,,,,,,,,,,,D8cRb-5yeYnh,,,
3212,Line,,2,,,1644,1656,None,Equilateral Arrow,,,,,,,,,,,,,,,,,,,,,,,,,,,,,,,,,,,,,,,,,,,,,,,,,,,,,,,,,,,,,,,,,,,,,,,,,,,,,,,,,,,,,,,,,,,,,,,,,,,fbdRDjVTRfbc,,,
3213,Line,,2,,,1656,1639,None,Equilateral Arrow,,Yes,,,,,,,,,,,,,,,,,,,,,,,,,,,,,,,,,,,,,,,,,,,,,,,,,,,,,,,,,,,,,,,,,,,,,,,,,,,,,,,,,,,,,,,,,,,,,,,,,HcdRthCf28OG,,,
3214,Line,,2,,,1656,1657,None,Equilateral Arrow,,NO,,,,,,,,,,,,,,,,,,,,,,,,,,,,,,,,,,,,,,,,,,,,,,,,,,,,,,,,,,,,,,,,,,,,,,,,,,,,,,,,,,,,,,,,,,,,,,,,,YcdRZZB9ytkF,,,
3215,Line,,2,,,1639,1637,None,Equilateral Arrow,,,,,,,,,,,,,,,,,,,,,,,,,,,,,,,,,,,,,,,,,,,,,,,,,,,,,,,,,,,,,,,,,,,,,,,,,,,,,,,,,,,,,,,,,,,,,,,,,,,9fdR_Q1M3u~O,,,
3216,Line,,2,,,1657,1644,None,Equilateral Arrow,,,,,,,,,,,,,,,,,,,,,,,,,,,,,,,,,,,,,,,,,,,,,,,,,,,,,,,,,,,,,,,,,,,,,,,,,,,,,,,,,,,,,,,,,,,,,,,,,,,dhdRj3j6NzGX,,,
3217,Line,,2,,,1658,1659,None,Equilateral Arrow,,,,,,,,,,,,,,,,,,,,,,,,,,,,,,,,,,,,,,,,,,,,,,,,,,,,,,,,,,,,,,,,,,,,,,,,,,,,,,,,,,,,,,,,,,,,,,,,,,,l7lSmSYf9sva,,,
3218,Line,,2,,,1659,1660,None,Equilateral Arrow,,,,,,,,,,,,,,,,,,,,,,,,,,,,,,,,,,,,,,,,,,,,,,,,,,,,,,,,,,,,,,,,,,,,,,,,,,,,,,,,,,,,,,,,,,,,,,,,,,,E-lSHAkKGDX2,,,
3219,Line,,2,,,1659,1661,None,Equilateral Arrow,,,,,,,,,,,,,,,,,,,,,,,,,,,,,,,,,,,,,,,,,,,,,,,,,,,,,,,,,,,,,,,,,,,,,,,,,,,,,,,,,,,,,,,,,,,,,,,,,,,C_lSHPHxs~3P,,,
3220,Line,,2,,,1661,1662,None,Equilateral Arrow,,,,,,,,,,,,,,,,,,,,,,,,,,,,,,,,,,,,,,,,,,,,,,,,,,,,,,,,,,,,,,,,,,,,,,,,,,,,,,,,,,,,,,,,,,,,,,,,,,,fEmSLZvY8jku,,,
3221,Line,,2,,,1589,1665,None,Equilateral Arrow,,,,,,,,,,,,,,,,,,,,,,,,,,,,,,,,,,,,,,,,,,,,,,,,,,,,,,,,,,,,,,,,,,,,,,,,,,,,,,,,,,,,,,,,,,,,,,,,,,,linSU6n8RdAm,,,
3222,Line,,2,,,1665,1664,None,Equilateral Arrow,,,,,,,,,,,,,,,,,,,,,,,,,,,,,,,,,,,,,,,,,,,,,,,,,,,,,,,,,,,,,,,,,,,,,,,,,,,,,,,,,,,,,,,,,,,,,,,,,,,QinSyITY-gxD,,,
3223,Line,,2,,,1665,1666,None,Equilateral Arrow,,,,,,,,,,,,,,,,,,,,,,,,,,,,,,,,,,,,,,,,,,,,,,,,,,,,,,,,,,,,,,,,,,,,,,,,,,,,,,,,,,,,,,,,,,,,,,,,,,,1inSdoW_bAD3,,,
3224,Line,,2,,,1664,1667,None,Equilateral Arrow,,,,,,,,,,,,,,,,,,,,,,,,,,,,,,,,,,,,,,,,,,,,,,,,,,,,,,,,,,,,,,,,,,,,,,,,,,,,,,,,,,,,,,,,,,,,,,,,,,,​-jnSfyk~rbZ1,,,
3225,Line,,2,,,1636,1668,None,Equilateral Arrow,,,,,,,,,,,,,,,,,,,,,,,,,,,,,,,,,,,,,,,,,,,,,,,,,,,,,,,,,,,,,,,,,,,,,,,,,,,,,,,,,,,,,,,,,,,,,,,,,,,8qnSktC1kVlF,,,
3226,Line,,2,,,1636,1669,None,Equilateral Arrow,,,,,,,,,,,,,,,,,,,,,,,,,,,,,,,,,,,,,,,,,,,,,,,,,,,,,,,,,,,,,,,,,,,,,,,,,,,,,,,,,,,,,,,,,,,,,,,,,,,irnSirrLMJJx,,,
3227,Line,,2,,,1668,1670,None,Equilateral Arrow,,,,,,,,,,,,,,,,,,,,,,,,,,,,,,,,,,,,,,,,,,,,,,,,,,,,,,,,,,,,,,,,,,,,,,,,,,,,,,,,,,,,,,,,,,,,,,,,,,,zsnSnJpZs1kt,,,
3228,Line,,2,,,1675,1671,None,Equilateral Arrow,,,,,,,,,,,,,,,,,,,,,,,,,,,,,,,,,,,,,,,,,,,,,,,,,,,,,,,,,,,,,,,,,,,,,,,,,,,,,,,,,,,,,,,,,,,,,,,,,,,EAnSY3lJwKuk,,,
3229,Line,,2,,,1670,1675,None,Equilateral Arrow,,,,,,,,,,,,,,,,,,,,,,,,,,,,,,,,,,,,,,,,,,,,,,,,,,,,,,,,,,,,,,,,,,,,,,,,,,,,,,,,,,,,,,,,,,,,,,,,,,,OsnSMWo~saub,,,
3230,Line,,2,,,1671,1672,None,Equilateral Arrow,,,,,,,,,,,,,,,,,,,,,,,,,,,,,,,,,,,,,,,,,,,,,,,,,,,,,,,,,,,,,,,,,,,,,,,,,,,,,,,,,,,,,,,,,,,,,,,,,,,2snSpWC6S~mY,,,
3231,Line,,2,,,1672,1673,None,Equilateral Arrow,,,,,,,,,,,,,,,,,,,,,,,,,,,,,,,,,,,,,,,,,,,,,,,,,,,,,,,,,,,,,,,,,,,,,,,,,,,,,,,,,,,,,,,,,,,,,,,,,,,ktnSw7_k4IBf,,,
3232,Line,,2,,,1668,1674,None,Equilateral Arrow,,,,,,,,,,,,,,,,,,,,,,,,,,,,,,,,,,,,,,,,,,,,,,,,,,,,,,,,,,,,,,,,,,,,,,,,,,,,,,,,,,,,,,,,,,,,,,,,,,,synSC6-iK305,,,
3233,Line,,2,,,1673,1630,None,Equilateral Arrow,,,,,,,,,,,,,,,,,,,,,,,,,,,,,,,,,,,,,,,,,,,,,,,,,,,,,,,,,,,,,,,,,,,,,,,,,,,,,,,,,,,,,,,,,,,,,,,,,,,oDnS5QCm2End,,,
3234,Line,,2,,,1661,1586,None,Equilateral Arrow,,,,,,,,,,,,,,,,,,,,,,,,,,,,,,,,,,,,,,,,,,,,,,,,,,,,,,,,,,,,,,,,,,,,,,,,,,,,,,,,,,,,,,,,,,,,,,,,,,,eInSwwBll8NC,,,
3235,Line,,2,,,1611,1676,None,Equilateral Arrow,,,,,,,,,,,,,,,,,,,,,,,,,,,,,,,,,,,,,,,,,,,,,,,,,,,,,,,,,,,,,,,,,,,,,,,,,,,,,,,,,,,,,,,,,,,,,,,,,,,cQnSZtcKZN0u,,,
3236,Line,,2,,,1586,1677,None,Equilateral Arrow,,,,,,,,,,,,,,,,,,,,,,,,,,,,,,,,,,,,,,,,,,,,,,,,,,,,,,,,,,,,,,,,,,,,,,,,,,,,,,,,,,,,,,,,,,,,,,,,,,,u2nSjWRS~peJ,,,
3237,Group 1,,2,,,,,,,,,,,,,,,,,,,,,,,,,,,,,,,,,,,,,,,,,,,,,,,,,,,,,,,,,,,,,,,,,,,,,,,,,,,,,,,,,,,,,,,,,,,,,,,,,,,,,,,,,UJZr3r5BQNL7,,,
3238,Group 2,,2,,,,,,,,,,,,,,,,,,,,,,,,,,,,,,,,,,,,,,,,,,,,,,,,,,,,,,,,,,,,,,,,,,,,,,,,,,,,,,,,,,,,,,,,,,,,,,,,,,,,,,,,,UJZr~TOtprV9,,,
3239,Group 3,,2,,,,,,,,,,,,,,,,,,,,,,,,,,,,,,,,,,,,,,,,,,,,,,,,,,,,,,,,,,,,,,,,,,,,,,,,,,,,,,,,,,,,,,,,,,,,,,,,,,,,,,,,,UJZrHn~jCWo9,,,